A_Cell_D,B_Barrier_Type,C_Barrier_Thx,D_Barrier_Outer_Type,E_Barrier_Outer_Thx,F_ThermalResin_Thx,TP_NoTP,MaxT_Adj,MaxT_Adj_Y,MaxT_Adj_Z,Max_Power,
13.57615584,Si1,0.657681671,Si1,2.722168255,2.397046885,0,403.7700186,0.000330254,0.055161082,1168.24453,
13.53456869,Si1,1.63687988,Si1,1.633240588,1.638829457,0,367.1633261,-0.000329214,0.055403997,1055.092666,
12.88048162,Si1,0.782688432,Si1,2.550857145,1.93971597,0,391.3548252,0.00156431,0.05528186,1119.927074,
11.43862063,Si1,2.189869035,Si1,1.521183227,1.700442322,0,317.7037219,0.00249134,0.055431553,841.782127,
14.87181569,Si1,0.524770347,Si1,1.64735208,0.764816515,1,434.179852,0.002538519,0.043154815,1405.177921,
13.67083475,Si1,0.250612783,Si1,2.054356229,2.008414261,1,437.1045728,-0.000332621,0.043573318,1279.335454,
13.42961033,Si1,1.880202891,Si1,2.296969506,0.609144189,0,340.8185082,-0.00032659,0.055183581,973.0520328,
10.51368807,Si1,0.400557015,Si1,2.080101573,2.462202305,1,388.736619,0.000761077,0.040844452,1057.421658,
8.005470142,Si1,2.388576472,Si1,2.785238038,2.037649385,0,263.5845894,0.001336907,0.055443079,634.4052067,
10.82893806,Si1,0.318914166,Si1,1.194165499,1.397446517,1,513.9874661,-0.000261574,0.002354162,1117.945481,
10.93676987,Si1,0.257128353,Si1,2.993576787,0.831459978,1,386.7521634,0.000264269,0.040961734,1069.1722,
9.963958604,Si1,0.251942428,Si1,1.44951294,0.904354792,1,380.1457186,0.000239949,0.047749851,1050.387573,
9.17345323,Si1,0.561699732,Si1,1.977066462,2.409791143,1,367.8376903,-0.000220186,0.045138181,959.7625022,
8.128170526,Si1,0.262902426,Si1,2.86253203,0.560784172,1,356.6086203,0.000194054,0.044438423,914.3872486,
11.31274154,Si1,1.611778949,Si1,2.854543763,1.194277214,0,325.5236821,-0.002463017,0.055390519,875.5000099,
10.86762453,Si1,1.440622745,Si1,1.530786851,1.012174606,0,339.5653929,0.000262541,0.055316753,917.0979608,
11.14141731,Si1,0.599640954,Si1,2.975615899,2.359643906,0,375.6048819,0.00242447,0.055227321,1031.382427,
13.84629306,Si1,1.737292802,Si1,2.313884865,0.689707689,0,353.1269256,-0.000337007,0.055384595,1026.285169,
15.59940288,Si1,0.348917313,Si1,2.701512564,1.718481772,1,438.2997633,-0.000380835,0.039226005,1398.542126,
14.50132044,Si1,0.947811771,Si1,1.84532328,1.777563456,0,409.972737,0.002473681,0.055313874,1249.547399,
14.38092355,Si1,2.335729799,Si1,2.736900264,2.147569417,0,339.9320569,0.002452611,0.055429467,967.896971,
14.74201425,Si1,0.276419332,Si1,2.838821339,1.135296685,1,428.4171507,0.0003594,0.044925031,1319.260668,
15.43050098,Si1,0.253307799,Si1,2.124507799,2.375168834,1,451.0364242,-0.000376613,0.047076563,1450.164721,
13.9298459,Si1,1.075680118,Si1,2.010184034,2.262444932,0,395.541014,0.002373674,0.055216796,1164.853129,
10.04461362,Si1,0.542554026,Si1,2.756589912,1.764546037,1,366.4799097,0.026858143,0.037988544,984.2940945,
13.62106213,Si1,1.229380214,Si1,2.899433836,2.337124591,0,374.1026581,-0.000331377,0.05525425,1082.375019,
8.596590721,Si1,0.769024849,Si1,1.423184661,2.295106656,1,356.2018906,0.000617294,0.047943187,889.3975072,
14.20851726,Si1,1.041688263,Si1,1.328837814,1.538163581,0,407.2906475,0.002422441,0.055088977,1258.521092,
8.367924388,Si1,2.287551346,Si1,2.483504887,1.683021085,0,269.7775331,0.000200048,0.055356624,659.4547401,
10.75541305,Si1,0.265774801,Si1,1.163809775,0.917384586,1,404.0321165,0.000259735,0.007012852,1126.216141,
11.79253594,Si1,2.094508329,Si1,2.630104339,0.679022843,0,306.8855853,0.000285663,0.055173686,837.8603725,
10.41976045,Si1,0.322632724,Si1,1.23059624,1.949465706,1,541.3176749,0.000251344,-0.000251344,1109.603093,
11.00878398,Si1,0.388444766,Si1,2.410751216,0.653249859,1,390.252514,-0.001330348,0.047094302,1092.180816,
11.55071558,Si1,1.309742851,Si1,2.377436037,2.266637593,0,367.3417848,0.00139809,0.055432172,1015.335827,
14.85609027,Si1,0.269047108,Si1,2.602397488,2.468686194,1,450.3044114,-0.000362252,0.043108018,1376.485868,
15.64347052,Si1,1.20548389,Si1,2.961742583,2.051140417,0,412.4210531,0.000381937,0.055249446,1289.383077,
12.74338934,Si1,0.502664564,Si1,2.642446696,1.745784684,1,414.3489273,0.000309435,0.041154818,1186.337294,
8.208203153,Si1,0.336341253,Si1,2.92650417,2.01399067,1,357.6559015,0.000196055,0.044896595,924.3456279,
9.400931426,Si1,1.540763213,Si1,1.671018788,1.203185704,1,329.0825179,0.000225873,0.041786551,850.4606699,v
14.55861847,Si1,0.518459974,Si1,1.663479661,1.570648437,1,446.7649315,0.000354816,0.042932676,1451.002828,
12.61835832,Si1,1.817821594,Si1,2.815137091,1.140013845,0,350.9422342,-0.001531545,0.055317806,988.6843924,
9.273131259,Si1,0.331288007,Si1,1.865188596,1.286827926,1,372.1012913,-0.002449461,0.047430467,1009.135664,
15.51532463,Si1,0.250352382,Si1,1.816035144,1.845437049,1,466.3356046,0.000378733,0.046584159,1450.705566,
15.16012329,Si1,2.495568875,Si1,2.586978264,2.197455934,0,363.4522062,0.000369853,0.055119122,1072.077264,
13.19793089,Si1,0.90474678,Si1,2.998108391,1.921125329,0,397.6102241,0.001603991,0.055338652,1160.666902,
12.01706185,Si1,1.264748479,Si1,1.370694142,2.231449373,1,384.0328756,0.031166591,0.038157228,1087.908663,
10.71773178,Si1,0.586163781,Si1,2.342360793,2.23030935,1,389.2718751,0.003364312,0.0421833,1057.119208,
10.12538896,Si1,0.25141984,Si1,2.965475963,0.928642201,1,380.0836655,0.000243985,0.04367327,1049.280559,
15.40922658,Si1,1.573624499,Si1,2.8763941,0.601054926,0,388.2205096,0.000376081,0.055203895,1206.59613,
15.30427781,Si1,0.80950198,Si1,2.251241416,1.898859952,1,434.422505,-0.003361113,0.040706813,1388.799784,
12.20105985,Si1,1.111618543,Si1,1.944167876,1.354851032,1,382.6519091,0.049411376,0.032842292,1122.505341,
11.87703231,Si1,0.889844653,Si1,2.106930608,1.614585766,1,389.0671441,-0.01985653,0.038274181,1116.791048,
12.50970948,Si1,0.937246511,Si1,2.984364221,1.727310428,0,388.3249978,-0.001517964,0.055376938,1099.558183,
14.65341637,Si1,1.108812203,Si1,1.290500196,0.951601301,1,415.7936711,-0.000357186,0.036790107,1250.27546,
14.40716613,Si1,1.38536366,Si1,1.705015885,2.493874902,0,406.6595602,-0.002457205,0.055130282,1260.031328,
15.93440997,Si1,0.250044672,Si1,2.156395756,1.984433846,1,464.5386529,0.00038921,0.050208122,1488.628725,
8.837500635,Si1,0.483005596,Si1,2.224752046,2.481664322,1,366.626373,0.000211788,0.048075763,953.8610084,
15.86551881,Si1,0.792431135,Si1,2.619083356,2.098009531,1,433.456544,0.000387488,0.037586336,1409.115127,
15.01754631,Si1,0.741005884,Si1,2.809999751,1.052087859,1,422.665165,-0.004761754,0.034064854,1322.518343,
8.282002729,Si1,1.032523113,Si1,2.979355092,2.379547534,1,336.1630188,-0.0001979,0.0393821,840.527586,v
8.740513603,Si1,2.351309017,Si1,2.033983308,2.350207744,0,291.3035203,0.000628088,0.055385883,711.2868756,
11.36678819,Si1,0.269594766,Si1,2.67899967,0.970795599,1,400.165064,0.001925138,0.045378259,1123.725383,
9.45779309,Si1,1.942071446,Si1,2.935859878,1.66738732,0,308.8187212,0.002045653,0.055252665,793.0791355,
14.02813873,Si1,1.834821008,Si1,1.3552146,0.574194114,0,374.7668385,0.002390875,0.055415834,1145.448742,
14.92553128,Si1,0.713289296,Si1,2.450782088,1.264231188,1,429.8838842,0.000363988,0.043314602,1359.214853,
11.13159854,Si1,1.177040279,Si1,2.332549542,1.657828306,0,364.983122,0.00026914,0.05520228,1002.760262,
14.59008182,Si1,1.685752139,Si1,1.888039528,2.15734973,0,393.2390852,0.000355602,0.055131354,1201.335339,
9.024323947,Si1,0.444930361,Si1,1.467825235,2.173479148,1,370.3732251,0.000216458,0.05086763,990.498518,
13.02504411,Si1,0.632683605,Si1,2.515244585,2.289352106,1,415.2311564,0.000316476,0.037027704,1222.77572,
9.68595273,Si1,0.460922908,Si1,1.594305179,0.536013764,1,375.862723,0.000232999,0.044036764,1017.338411,
8.513705903,Si1,2.257721311,Si1,1.90123993,2.49155864,0,292.3628725,0.000611078,0.055452214,710.0891373,
9.330331762,Si1,0.92178501,Si1,2.572407416,2.435898929,0,342.8522565,-0.000224108,0.043701109,896.9810968,
12.25243127,Si1,0.416154442,Si1,2.50937448,1.494855071,1,400.871615,-0.000297161,0.037145097,1128.621905,
15.99784895,Si1,0.667901357,Si1,2.492686893,1.376815604,0,423.6383574,-0.000390796,0.055105738,1361.002466,
12.44163864,Si1,0.87431184,Si1,1.487112643,0.726231897,1,386.1064297,0.044981754,0.034113679,1147.74574,
12.69018741,Si1,1.976248701,Si1,2.688905399,1.995830868,0,331.9071334,-0.001540523,0.055171316,908.4626265,
14.75227176,Si1,1.330587296,Si1,2.440198501,2.499571875,0,387.3028964,-0.000359657,0.055083913,1153.647217,
8.926764261,Si1,0.287865374,Si1,2.141233074,1.108963213,1,366.5037754,0.005778513,0.047726237,976.1816547,
11.22026667,Si1,1.554717213,Si1,2.910707618,1.08992363,0,324.6352937,0.002442211,0.055428389,873.4610466,
12.9369532,Si1,1.932013972,Si1,1.758421468,1.965142766,0,346.7583298,0.001571369,0.055406097,953.8221638,
12.09192417,Si1,0.37613187,Si1,1.606745417,2.48360419,1,415.0002259,-0.000293148,0.046024252,1164.340362,
9.538944417,Si1,1.348770941,Si1,2.703690826,1.448279765,0,318.5943349,-0.000687971,0.05526882,833.5398197,
10.27337852,Si1,0.973973042,Si1,1.385962399,1.501055294,1,365.5352322,0.000247685,0.044830895,967.6513964,
8.095980839,Si1,2.422238457,Si1,2.996686283,2.250783316,0,262.5767887,0.00019325,0.055384679,626.5171592,
13.82056119,Si1,1.48485941,Si1,2.471032111,1.236515796,0,367.1926264,-0.000336364,0.055331848,1065.381674,
8.754637126,Si1,1.170279468,Si1,2.186339369,2.332032376,0,327.0377625,0.000209716,0.055432512,830.9384963,
9.590926283,Si1,0.257290413,Si1,2.849357983,1.862492639,1,372.7489209,0.00069187,0.045894027,1021.164318,
12.15001599,Si1,1.718240136,Si1,1.797872296,2.075085691,0,346.4423722,0.001473002,0.055147837,947.63023,
13.11995364,Si1,0.373010548,Si1,1.833024466,1.594236867,1,427.506944,-0.000318849,0.043682292,1227.329441,
13.30722262,Si1,0.314779463,Si1,1.139473486,2.473823173,1,415.4128979,0.000323531,0.053382545,1272.14703,
13.03683363,Si1,0.72513385,Si1,2.831019104,1.809821883,0,393.8191991,0.001583854,0.055309064,1131.809884,
11.0244234,Si1,0.304599118,Si1,1.276279387,0.774940968,1,440.3135537,-0.000266461,0.003996908,1124.571333,
9.748586615,Si1,0.572649559,Si1,2.77705928,1.879286511,1,369.7329077,0.000234565,0.041517961,972.0107127,
8.655779275,Si1,0.260036215,Si1,1.708220132,2.054597458,1,369.3736079,-0.001865201,0.049116947,973.8905881,
15.81455131,Si1,0.254277737,Si1,2.427243064,1.072675257,1,443.9588146,0.000386214,0.043642154,1463.121877,
15.34963564,Si1,2.003330789,Si1,2.583689628,2.318040757,0,366.8386497,0.000374591,0.055095143,1092.722501,
14.34332908,Si1,0.490845892,Si1,1.143211399,2.420508113,1,443.8077548,0.000349433,0.043679156,1319.828257,
11.64163837,Si1,1.773546878,Si1,2.245890145,1.551510056,0,330.6182631,-0.001409455,0.055375313,889.4222944,
13.35650291,Si1,0.828912908,Si1,1.501871034,1.160284803,1,404.5880527,0.018511467,0.036048646,1235.824891,
10.2116192,Si1,1.012128031,Si1,1.557606798,2.311484935,1,358.5545276,0.000246141,0.040120902,960.3121176,
11.75869325,Si1,0.298438762,Si1,2.998956581,2.44001307,1,400.4042874,0.008259702,0.03731107,1111.485204,
9.138295103,Si1,1.669358447,Si1,2.990418766,2.423722522,0,306.5527153,-0.001973768,0.055382745,772.0484097,
9.246117339,Si1,0.361006836,Si1,1.298058883,0.736785741,1,418.5883567,0.000222003,0.003774051,999.5509793,
14.16627696,Si1,1.465677558,Si1,2.952419618,2.386349787,0,375.0443167,0.002415049,0.05535056,1089.156095,
12.32821413,Si1,1.778361247,Si1,2.267739574,0.789856393,0,336.5987596,-0.001495277,0.055263092,930.6179445,
15.2436584,Si1,0.555878138,Si1,1.768984476,1.828789635,1,442.5459764,-0.000371942,0.043517156,1432.444678,
13.21918765,Si1,0.430191822,Si1,2.74830114,1.224349687,1,411.4140164,-0.00032133,0.038880894,1209.283589,
10.60982016,Si1,0.273127681,Si1,2.869401634,2.182236963,1,389.6578046,0.000256096,0.040206994,1068.278398,
10.6600977,Si1,0.472286762,Si1,2.075385461,2.219935169,1,389.5775571,0.004889698,0.037830818,1056.31247,
11.51949112,Si1,2.070768931,Si1,2.204851272,2.135715952,0,321.3693716,-0.001394186,0.05535489,847.8226374,
8.484104513,Si1,2.239274545,Si1,2.801671295,0.631867836,0,265.2624785,0.000202953,0.05535154,670.0841487,
11.83716332,Si1,1.424746312,Si1,2.668224334,2.078645547,0,356.3409416,-0.001433895,0.055280791,982.2911008,
13.95889953,Si1,1.05624275,Si1,2.162068925,1.515823215,0,402.1189241,0.002378758,0.055275623,1208.629709,
10.07453349,Si1,0.695796592,Si1,1.574776949,2.456949375,1,378.441463,0.001698993,0.042960245,1012.050041,
15.67589493,Si1,1.250810094,Si1,2.772691804,2.486952382,0,406.6630626,-0.000382747,0.055307802,1259.917576,
12.81380849,Si1,0.353741239,Si1,2.381566852,1.0396576,1,417.6641307,-0.002178366,0.047612866,1204.639529,
11.66374048,Si1,2.143403329,Si1,1.726923981,1.798781154,0,331.9876739,-0.001412218,0.055429463,888.9078043,
14.24849488,Si1,0.749027079,Si1,1.100360393,2.121244762,1,436.0003268,0.000347062,0.045465155,1291.720807,
9.650298722,Si1,1.372214926,Si1,1.922553585,0.877608982,0,329.863711,-0.000232108,0.041083028,868.056183,
8.336191355,Si1,2.020053983,Si1,2.969490519,2.408600448,0,288.8699919,0.000199255,0.05544641,711.3944995,
11.98213847,Si1,0.308510374,Si1,2.729364383,2.278169762,1,412.4352149,0.00087121,0.040946886,1153.473185,
15.11664968,Si1,2.11831754,Si1,1.779040768,1.334232366,0,371.8575737,-0.000368766,0.055407469,1126.52023,
12.36747278,Si1,1.510747336,Si1,2.192115861,2.203831889,0,364.8205741,-0.001500184,0.055353387,1021.708206,
13.47577167,Si1,0.286784561,Si1,1.957538219,0.863500976,1,432.6910629,-0.000327744,0.049489382,1264.18716,
10.452413,Si1,0.990541388,Si1,2.932191441,2.449053935,0,357.5516104,0.002269442,0.055235467,947.087044,
9.916157265,Si1,0.280684413,Si1,2.542523717,1.373135591,1,377.7499634,0.000716262,0.045602014,1039.543868,
9.029494802,Si1,1.280287533,Si1,2.362152998,1.286003305,0,327.0368826,0.000216587,0.055256581,841.5180361,
11.28436278,Si1,1.143465421,Si1,2.94439274,1.429404768,0,356.0154962,0.000272959,0.055318859,976.0437403,
12.79735546,Si1,0.392800991,Si1,2.404925715,2.355441441,1,421.7357921,0.000310784,0.044442094,1202.719424,
15.07084067,Si1,1.8949633,Si1,2.918199277,2.452109946,0,375.086076,0.000367621,0.055321575,1115.242714,
10.31917393,Si1,0.340038328,Si1,1.214918418,1.90381655,1,448.7488285,0.000248829,0.001244146,1088.654349,
12.53382048,Si1,0.439714663,Si1,2.894862314,0.817063793,1,394.3966649,0.014297189,0.036807656,1136.916797,
13.74771502,Si1,2.200820337,Si1,2.957352237,1.413701521,0,330.4915776,-0.000334543,0.055182526,939.4857329,
9.841409571,Si1,0.295212534,Si1,1.410684476,2.497498194,1,384.8114145,0.000236885,0.045718853,1040.572084,
10.37584175,Si1,0.637133653,Si1,2.886602691,1.843221049,1,362.2478554,-0.000250246,0.034784194,982.4514224,v
8.416658988,Si1,2.444229612,Si1,2.652490647,2.108983389,0,266.0174615,0.000201267,0.055323511,643.8632414,
9.808567501,Si1,0.686140613,Si1,2.021095745,1.477222205,1,363.8067241,0.000236064,0.038950601,966.0503447,
14.08555624,Si1,0.611691248,Si1,2.285151865,1.320040126,1,412.8191944,-0.000342989,0.038071779,1237.508949,
15.74725747,Si1,0.45436423,Si1,1.244248815,0.504218147,1,444.2879955,-0.00499891,0.048066438,1405.550132,
8.891448732,Si1,0.408443259,Si1,2.533371247,1.609394397,1,365.2772871,0.000213136,0.041135296,961.1958369,
8.036615674,Si1,1.163689963,Si1,2.177039035,1.81732807,1,324.4521291,0.000191766,0.044681362,793.8674866,
8.033440453,Si1,1.506106086,Si1,2.343281612,1.613462818,0,311.420805,0.001341802,0.055352784,762.1372779,
8.153696019,Si1,1.405442382,Si1,2.386487158,1.695077471,1,317.0646024,0.000584078,0.041080118,777.4803147,v
8.541569106,Si1,1.059481665,Si1,2.754170003,0.762449943,1,327.8047377,0.000204389,0.045987581,840.7516043,
12.71220081,Si1,1.026155055,Si1,1.111185732,2.35987181,1,399.3376112,0.041668428,0.037347258,1105.104403,
15.83254398,Si1,0.685447725,Si1,2.548446524,1.043397445,0,422.1182428,0.000386664,0.055203109,1347.933474,
10.47636055,Si1,1.410005362,Si1,2.352441555,0.70088713,0,339.0048237,0.002274831,0.055300731,918.0089199,
10.06616561,Si1,1.684520413,Si1,1.540520332,1.219607296,0,331.8618603,0.000242504,0.041468227,876.1687583,
11.21760163,Si1,1.057895719,Si1,1.578636783,0.979247533,1,369.051672,0.00027129,0.03716673,1031.084411,
10.48413297,Si1,0.795896949,Si1,2.936789121,1.251458504,1,361.5923829,0.001264766,0.039207754,984.9285662,
15.86967625,Si1,1.137601811,Si1,1.972723155,1.638102492,1,427.4832908,0.00581388,0.02519348,1390.007712,
10.47039272,Si1,1.410394967,Si1,2.348450061,0.858257307,0,339.621953,0.002273488,0.055284463,922.6913782,
14.00405011,Si1,1.316106817,Si1,1.138512758,2.414266918,1,411.6595168,0.023525636,0.037163686,1189.25973,
15.87550981,Si1,0.983210208,Si1,1.197586164,1.515291237,0,430.7024571,0.000387738,0.05527938,1337.06554,
12.28353302,Si1,0.837519039,Si1,2.502592444,0.969107957,0,376.0923689,0.001489692,0.055160326,1074.75631,
12.16997862,Si1,1.178806177,Si1,2.238840801,0.844412123,0,373.8415186,0.000295099,0.055194251,1087.543073,
12.09959884,Si1,1.245552652,Si1,1.300909191,0.955621464,1,375.6806203,0.028453978,0.040774257,1038.841828,
15.6572839,Si1,0.88780614,Si1,1.273031646,2.053336262,1,438.7994269,0.000382282,0.042433302,1360.105957,
11.95350376,Si1,0.955692802,Si1,1.582674578,2.47172477,1,390.725644,-0.031575948,0.03621095,1103.817183,
9.955426502,Si1,1.162428366,Si1,1.41719995,2.011043521,1,358.0629943,0.000239736,0.041953756,938.9897497,
8.227098605,Si1,1.860747965,Si1,1.145472655,0.642177319,0,287.4763493,-0.000589583,0.055460378,691.8449671,
8.088317853,Si1,2.092394068,Si1,1.175774773,0.633772798,0,271.855305,-0.000579174,0.055357294,661.900236,
8.464429441,Si1,0.266553568,Si1,2.515364023,1.308917446,1,357.7157356,0.000202461,0.04595859,948.5832055,
8.466178438,Si1,0.999308918,Si1,2.595932921,1.793519393,1,327.7393061,0.000607514,0.043943477,839.9368308,
8.011132056,Si1,1.627257214,Si1,1.121108284,2.372429927,0,295.0316891,0.000573385,0.055272468,700.2190496,
9.132692904,Si1,1.719421577,Si1,1.505945707,0.778708641,0,316.4287901,-0.000657502,0.055365074,806.6468865,
9.233152664,Si1,1.63719864,Si1,1.742266137,1.091742246,0,322.0537962,0.000221679,0.055238165,817.7336574,
8.828149371,Si1,1.887239819,Si1,1.19103635,1.044177571,0,302.695262,-0.000634661,0.055251988,746.9468471,
10.33885066,Si1,1.109616139,Si1,1.817180622,2.044296702,0,352.2448744,0.002243891,0.055424659,932.8813148,
11.60067546,Si1,1.618234061,Si1,1.369422804,0.921378903,0,355.3073429,0.000280867,0.055274954,996.2275575,
10.76198346,Si1,1.787912841,Si1,1.16004455,2.499782593,0,347.6755898,0.001299498,0.055299347,899.1045733,
13.09313072,Si1,1.06110549,Si1,2.41128703,2.137759887,0,397.9749592,0.001590891,0.05543151,1166.983706,
11.2604825,Si1,0.564164936,Si1,2.879674904,2.4462602,0,379.2425187,0.002451258,0.055258562,1041.182547,
10.12115133,Si1,1.050251203,Si1,1.946690797,2.137769716,0,349.5811478,0.002194909,0.055308299,930.2510979,
14.37572442,Si1,1.194856478,Si1,1.744512042,2.118215848,1,412.5451267,0.003152187,0.029770655,1286.768567,
14.33735151,Si1,0.980747247,Si1,1.591498547,0.984430986,0,405.6718591,0.002444986,0.055343416,1248.734261,
12.26017344,Si1,0.59987508,Si1,2.713530098,1.967747752,1,392.2761105,0.04608992,0.030032787,1105.582471,
14.03380795,Si1,0.924200304,Si1,2.489671228,1.312515239,1,409.5347986,0.003758648,0.03451122,1242.534653,
12.89689363,Si1,1.377693912,Si1,1.267190666,0.979982103,0,374.1734797,0.001566362,0.055317967,1044.151036,
14.34997365,Si1,1.311663198,Si1,1.790226026,1.769494548,0,405.6361709,0.002447195,0.055368341,1257.164368,
15.92821073,Si1,0.256346025,Si1,2.685641153,2.380893464,1,449.9507208,0.000389055,0.044741354,1466.853268,
11.98773975,Si1,0.479604541,Si1,2.975345546,2.391889122,1,389.5368315,0.035155764,0.032831416,1098.732159,
9.951132166,Si1,0.956391943,Si1,2.930773961,1.893201275,1,362.3136964,-0.000239628,0.043372713,948.7041825,
8.180606346,Si1,1.352438341,Si1,1.160408968,2.334829379,0,310.0912655,0.000195365,0.0552965,748.4652724,
8.523453013,Si1,1.539815752,Si1,1.123945281,1.940814895,0,317.4221293,0.000203936,0.055281394,769.6740015,
15.49067139,Si1,1.019880653,Si1,1.102494507,2.066936095,1,425.4608992,0.000378117,0.032896157,1305.816067,
15.8332085,Si1,0.889060685,Si1,1.424345945,1.392055961,1,429.3495893,0.001160041,0.035961263,1404.428828,
15.27170556,Si1,0.87040581,Si1,1.559836795,1.75127271,1,424.9020236,-0.001863214,0.037636918,1347.008808,
15.37677329,Si1,0.87727333,Si1,1.539062137,1.677645591,1,427.5778688,0.001125808,0.031897886,1362.301921,
10.00993947,Si1,1.272518794,Si1,1.346053585,1.915701198,1,345.6606566,0.00168769,0.036888071,907.2767101,
9.326499804,Si1,1.361908278,Si1,1.1395742,1.404704769,1,325.8788978,-0.001568088,0.041890338,830.4256766,
12.53532518,Si1,1.42133745,Si1,1.155776434,0.657106195,1,379.0608048,0.031336012,0.039854539,1050.287389,
8.626625174,Si1,1.429525339,Si1,1.98350394,1.918375037,1,327.8402842,0.000619547,0.041922697,813.9275921,
8.140346246,Si1,1.476758394,Si1,1.225334345,1.809060101,0,309.3579973,-0.001749229,0.055348943,753.5208534,
9.802033911,Si1,1.237290324,Si1,1.615046949,1.780971141,1,340.2787597,0.000707702,0.042226234,894.4680955,
8.075063241,Si1,1.454322957,Si1,1.268276085,1.872995736,0,308.7359367,0.000963633,0.05530989,754.7668796,
13.74379407,Si1,0.822480325,Si1,1.825271303,1.871227439,0,408.6095248,-0.000334445,0.05517447,1217.063655,
12.37295934,Si1,0.998084473,Si1,1.370997902,2.096885173,0,388.7193563,-0.00150087,0.055366006,1132.395471,
10.45174116,Si1,0.928235109,Si1,2.07629365,0.755391622,1,349.0422438,0.009833597,0.032022225,956.6900052,
10.1090455,Si1,1.07841895,Si1,1.71457318,0.805901735,1,343.3399676,0.003166491,0.036292861,926.1540649,
10.10728133,Si1,1.243057212,Si1,1.403129762,1.999397571,1,347.094762,0.002678852,0.03287682,916.1316253,
10.58115394,Si1,1.284068694,Si1,2.213857315,0.523887962,1,345.8573485,0.003830681,0.036008404,950.1708672,
15.97100798,Si1,0.63557415,Si1,2.650360257,2.164020902,0,426.528061,-0.000390125,0.055058768,1360.864919,
11.90748602,Si1,0.758804258,Si1,2.238006439,2.48812259,0,385.0759928,0.002596834,0.055161029,1075.579652,
9.917098218,Si1,1.170285533,Si1,1.262966767,2.397048263,1,350.2157557,-0.004536773,0.033667628,904.909955,
15.96912273,Si1,0.909996536,Si1,1.543942257,2.401546387,1,431.785837,-0.000390078,0.051100218,1391.260322,v
15.66164023,Si1,0.989396198,Si1,1.32543227,2.358197047,1,429.1606685,0.003441519,0.034032799,1388.86462,
15.77100419,Si1,1.420704731,Si1,1.285498317,0.793556923,0,411.3548067,0.000385125,0.055093875,1283.680646,
9.34081625,Si1,1.132998243,Si1,2.811815186,1.172306124,0,327.3835517,0.002019335,0.055347572,859.4439448,
14.76330302,Si1,1.295224781,Si1,1.656213945,1.091993601,0,407.5129687,-0.000359933,0.05510487,1302.240444,
14.10049527,Si1,1.438925954,Si1,1.27134062,0.761553155,1,396.0861457,0.036053063,0.036053063,1161.213594,
14.4644369,Si1,1.411090419,Si1,1.335294748,0.516442882,0,398.3817482,-0.000352461,0.055241958,1270.68743,
10.84921729,Si1,1.568839462,Si1,1.277718958,0.55880712,1,348.7643967,0.000786242,0.044815766,929.91714,
11.99531356,Si1,1.032611389,Si1,1.509510302,0.765582112,0,372.233034,-0.001453664,0.055369621,1086.875028,
15.75809385,Si1,1.135433154,Si1,1.510936149,2.301511352,0,420.2923021,0.000384802,0.05507096,1345.27036,
13.80987156,Si1,1.29304783,Si1,1.106436661,1.846432162,0,395.9246842,-0.000336097,0.055309934,1135.087949,
13.29049637,Si1,1.06833518,Si1,1.32330745,0.73435535,0,389.0728859,-0.000323112,0.055214554,1189.6328,
8.119785501,Si1,1.146283865,Si1,2.797714854,1.165515651,0,311.5780582,0.000193845,0.055275955,792.7342853,
8.321307008,Si1,0.990070232,Si1,2.956550316,1.246228292,1,319.8337657,0.000198883,0.046737446,827.4688909,
11.05446116,Si1,1.198923265,Si1,1.16531592,1.031942684,1,358.6098488,-0.017903171,0.039814514,956.8984744,
9.384710878,Si1,1.062975234,Si1,2.532505237,2.125489182,0,338.6233172,-0.000676403,0.055257066,882.2012549,
11.11552757,Si1,1.176102745,Si1,1.307933727,0.712807937,1,354.999718,0.000268738,0.04756667,951.1768691,
13.93458349,Si1,0.926900498,Si1,1.729642227,0.618187732,0,399.1794656,-0.000339215,0.055226375,1210.760433,
9.295005881,Si1,1.264909277,Si1,2.264449289,1.154844333,0,323.6538708,0.000223225,0.055429931,845.5115709,
15.77881606,Si1,0.36569544,Si1,2.982010614,0.836322847,1,432.021399,-0.000385321,0.040458653,1391.159814,
11.94163693,Si1,0.735371558,Si1,2.573932482,2.49062223,0,384.5123768,-0.001446955,0.055242138,1078.363919,
9.425216166,Si1,1.194484569,Si1,2.659262629,2.452050453,1,344.8146019,-0.000226481,0.04506962,888.5876964,
15.91213588,Si1,2.482686677,Si1,1.116704103,2.204847105,0,382.780532,-0.000388654,0.055344399,1125.839149,
15.31586121,Si1,2.491301553,Si1,1.105197064,2.324930946,0,360.3096509,-0.000373747,0.055407241,1018.408452,
9.106368495,Si1,1.34477868,Si1,2.649379709,0.842561598,1,325.1107346,0.005462731,0.038676137,848.4769866,
8.606543911,Si1,1.40683511,Si1,1.901146022,2.439398834,1,328.738409,0.000618041,0.041820741,812.0128613,
14.88030614,Si1,0.62640259,Si1,2.964963623,0.589370508,0,416.4156343,-0.000362858,0.055327189,1297.13233,
8.957118664,Si1,1.314325469,Si1,2.884047654,0.616148585,1,321.2788221,0.002362558,0.03973393,838.5397684,
14.4394894,Si1,0.665678555,Si1,2.890597474,0.528750337,1,411.5732712,-0.005981233,0.036239237,1260.153431,
12.79005246,Si1,0.974442886,Si1,2.804174991,0.650126184,0,385.2390257,0.001553007,0.055393516,1132.724662,
11.61085278,Si1,1.064750676,Si1,2.811544325,0.820888721,0,366.2889648,0.001405607,0.05529989,1044.572218,
9.47474192,Si1,1.344267635,Si1,2.430149013,1.265750114,1,335.214113,0.013890829,0.031652872,870.5077631,
8.961074557,Si1,1.218600231,Si1,1.62737092,1.513059834,1,328.5288944,-0.00064463,0.045768748,835.9647616,
15.71020461,Si1,0.91557543,Si1,1.39248133,2.116999961,1,432.6260879,0.000383605,0.041045735,1401.659899,
12.81256229,Si1,0.89121063,Si1,2.503390963,0.577296433,0,385.5270194,-0.000311164,0.055132436,1136.897868,
8.008979089,Si1,1.404846197,Si1,1.246738075,1.363113272,0,308.6802395,0.000191075,0.055455803,753.6850217,
13.06540742,Si1,0.881677107,Si1,2.035171137,1.890721386,0,395.9652835,0.001587426,0.05537121,1150.54868,
11.16359728,Si1,1.493171136,Si1,1.259235334,1.474809587,1,365.7497891,0.02672406,0.03968118,964.7606289,
14.70906769,Si1,0.564797321,Si1,2.728802577,1.486705002,1,417.7334723,-0.000358577,0.034781945,1275.303399,
10.90654689,Si1,1.227254141,Si1,1.408326708,1.687189714,0,356.0403637,-0.000790541,0.055418944,970.7832247,
11.00572945,Si1,0.86008144,Si1,2.562403118,1.168009668,0,359.9198582,0.002393939,0.055413298,989.4101245,
15.65710849,Si1,1.34991578,Si1,1.266006637,1.160268778,0,420.8322242,-0.000382278,0.055273998,1299.295234,
10.23502115,Si1,1.547914669,Si1,1.199238618,2.225910422,1,350.3646098,0.001233628,0.043670414,894.816654,
10.71494706,Si1,0.877192916,Si1,2.901866058,0.647440109,0,348.4365654,0.002328514,0.055433441,962.6786923,
15.90992196,Si1,0.687705195,Si1,2.613519047,0.841411359,1,427.1161982,-0.005051774,0.035362418,1389.995107,
13.97325887,Si1,0.679302043,Si1,2.802993455,2.085974338,1,417.2146226,-0.000340182,0.032317243,1239.349254,
11.9324045,Si1,0.860464544,Si1,2.132296893,1.596726563,0,376.6902463,-0.001445801,0.05522021,1064.025184,
9.996917761,Si1,0.933820556,Si1,2.597369535,2.17060094,0,349.4611928,0.002166957,0.055438895,920.2282288,
9.74356143,Si1,1.232547777,Si1,2.375637992,2.474622163,1,348.6573847,0.000234439,0.036806923,907.2895534,
15.26735936,Si1,0.397303275,Si1,2.921733808,0.580294584,1,431.6252619,-0.003352806,0.041351274,1379.553949,
15.39318081,Si1,0.307194425,Si1,2.97267828,0.670913762,1,437.9437353,-0.00037568,0.043954502,1414.509031,
12.12744145,Si1,0.989597943,Si1,2.939966635,0.553622431,0,374.8315632,0.00147018,0.055389386,1077.770689,
8.009850481,Si1,1.396938834,Si1,1.237698541,1.047957819,0,300.9354581,0.000955481,0.055458956,728.2834569,
8.779312482,Si1,1.245842458,Si1,1.319766595,1.9836868,0,329.8261381,0.000630998,0.05530359,824.2180837,
13.31222827,Si1,0.991079141,Si1,2.12139574,0.744528174,0,393.6899052,-0.000323656,0.055260735,1181.260705,
9.861280477,Si1,0.957646671,Si1,2.065828955,2.458999626,1,352.7629548,-0.00118691,0.040592322,928.0936171,
10.35306974,Si1,1.197776617,Si1,1.157751049,1.946649492,1,357.9875352,-0.007240626,0.042694724,928.1232184,
13.00721106,Si1,0.706382496,Si1,2.346311867,2.221781,0,399.9541585,-0.00031603,0.055244634,1157.911523,
15.50648659,Si1,0.580365818,Si1,2.459602914,2.27355805,1,429.0451937,0.000378512,0.035201639,1348.432747,
10.44750088,Si1,1.106974314,Si1,1.446705051,2.073993524,0,357.2536584,0.002268338,0.055222088,954.9668302,
15.68326693,Si1,0.976548585,Si1,1.101213526,1.093525318,1,426.1302515,-0.004978113,0.041739561,1329.95909,
15.78636271,Si1,0.874727158,Si1,1.411640527,0.654584119,0,426.3039844,-0.000385509,0.055121139,1399.035968,
8.7037938,Si1,1.422869462,Si1,1.419447913,2.104892899,0,326.8630598,0.000208445,0.055264707,804.5481864,
12.2658571,Si1,0.809116812,Si1,2.314250288,1.038848055,0,380.7915699,-0.001487482,0.055417168,1092.150936,
14.89983216,Si1,0.839585894,Si1,2.433825794,1.011804727,0,415.804827,-0.000363346,0.055364277,1290.333971,
15.8410465,Si1,0.691953398,Si1,2.89863845,1.077664005,0,427.3821429,0.000386876,0.055218214,1366.852488,
9.049728138,Si1,0.97541616,Si1,2.276143988,2.127962875,1,341.5127046,0.010637569,0.033649454,882.5437149,
9.961208885,Si1,1.596862368,Si1,1.429215813,0.706159537,1,333.004472,-0.001199401,0.042458804,878.2816472,
10.36600167,Si1,1.092022004,Si1,1.665951758,2.106997406,0,354.1508835,-0.00175,0.05525,946.0860877,
10.84102246,Si1,1.126076243,Si1,1.276257102,2.023645013,1,363.9160604,-0.0128319,0.035353193,953.889039,
15.73399038,Si1,0.606181163,Si1,2.462644283,2.375911867,0,434.8895237,0.0003842,0.055412382,1367.466614,
13.97408305,Si1,0.918381193,Si1,1.620803101,2.288697424,1,411.0755516,0.020071918,0.029597574,1248.227289,
11.72252812,Si1,1.002808485,Si1,1.710748873,2.424671993,0,376.9726823,0.001419566,0.05528958,1060.706356,
9.632364171,Si1,0.994569411,Si1,2.985605543,2.228037766,1,347.2585865,0.009034701,0.045636823,920.1561025,
15.5873753,Si1,2.446110905,Si1,2.967489039,0.53400941,0,355.3425824,-0.000380535,0.055148484,1046.832671,
14.4897511,Si1,1.283114487,Si1,1.554333399,1.451622144,1,409.2191102,-0.022951094,0.030012969,1297.184562,
15.3322698,Si1,1.081253355,Si1,1.203086467,2.06031488,0,420.7588455,0.000374157,0.055063443,1276.355273,
15.50830933,Si1,0.649441499,Si1,2.880726822,1.819366965,1,429.778566,0.004921251,0.039748564,1353.681362,
14.92711989,Si1,1.031612833,Si1,2.078282552,0.556664958,1,413.5155123,-0.002548196,0.036766828,1325.033212,
15.09470721,Si1,1.055248512,Si1,1.960984585,0.509867779,1,415.267826,0.00331396,0.02614346,1342.585682,
15.74455237,Si1,0.641576913,Si1,2.111516016,1.47269005,1,428.6535615,-0.000384464,0.034986201,1370.696888,
11.37315595,Si1,1.478182779,Si1,1.373419769,1.498805747,0,363.0481192,-0.002476611,0.0552679,994.7496491,
12.68863005,Si1,0.978153329,Si1,1.846078345,2.247932899,0,391.9889961,-0.000308066,0.055167852,1136.957221,
9.765627064,Si1,1.576467464,Si1,1.34129779,2.129805263,1,343.0437547,-0.004464824,0.044413252,875.3366684,
9.7422344,Si1,1.149377592,Si1,1.571277746,1.451741617,1,340.2348967,-0.000703217,0.035395268,903.4748261,
10.61177028,Si1,1.196003693,Si1,2.563903104,0.726483947,1,346.9393109,-0.000256144,0.038677782,963.1582117,
12.89525318,Si1,0.961483989,Si1,1.530460353,1.171253213,0,391.1774856,0.001566157,0.055314357,1157.440201,
8.518352181,Si1,0.911059305,Si1,2.705243307,2.484947164,1,335.172211,0.002649514,0.036889384,860.6135019,
8.081863996,Si1,1.504046977,Si1,2.536274507,1.186355348,0,308.6322493,0.000192897,0.0553342,761.7619532,
13.02591594,Si1,0.885175175,Si1,2.483943888,1.64100117,0,397.3790042,-0.000316498,0.055285317,1156.380198,
8.601900871,Si1,0.970580222,Si1,2.278425535,2.484930476,1,334.4729904,0.000205898,0.045503348,853.293963,
10.31517315,Si1,1.044062441,Si1,2.543336014,1.907410345,1,354.002855,0.002238563,0.028603864,950.0015862,
11.96973127,Si1,0.959003894,Si1,2.411056988,1.911098653,0,380.7644242,-0.001450466,0.055308861,1078.196224,
11.33214359,Si1,1.306596034,Si1,1.930470244,1.548095976,0,364.9344939,0.002467382,0.055439504,1011.742363,
8.40931086,Si1,1.768307736,Si1,1.2149379,0.877342509,0,300.2069758,0.000201083,0.055298337,730.55693,
8.164188896,Si1,1.252127095,Si1,2.012878538,0.610897786,0,307.3414582,-0.000584864,0.055433575,773.9720785,
15.93009368,Si1,0.610699183,Si1,2.90266849,1.970162952,1,428.2627801,-0.000389102,0.0346301,1364.801005,
13.95018657,Si1,0.679891094,Si1,2.898644638,1.991682868,0,409.4562992,-0.000339605,0.055257985,1204.053856,
11.9066231,Si1,0.963145873,Si1,2.978274476,2.259391273,0,380.9778574,-0.001442578,0.05515898,1069.007651,
9.701404977,Si1,1.144949488,Si1,2.864446551,2.360424661,1,347.6921406,0.002100465,0.038975295,910.134058,
15.19769445,Si1,2.422130093,Si1,1.157095001,0.588023149,0,345.81309,0.000370792,0.055188627,994.3745606,
15.76544691,Si1,0.272057924,Si1,1.139264494,0.594115549,1,463.2190889,0.004234849,0.046583336,1495.134411,
14.61631693,Si1,1.10047266,Si1,1.414241007,0.759928245,0,410.4631577,0.000356258,0.055181866,1311.961506,
10.60237712,Si1,0.805914719,Si1,2.433124185,0.548996232,1,354.4003665,0.00025591,0.039665973,972.6719171,
15.63640992,Si1,0.942415287,Si1,2.368239178,1.33530353,1,427.6260799,0.001908801,0.033976662,1373.709136,
15.71109967,Si1,0.450735363,Si1,2.937400886,1.800089039,1,426.8881944,-0.000383628,0.041815398,1358.26792,
15.5433692,Si1,0.821946788,Si1,1.674311739,1.755765784,1,428.7162255,0.000379434,0.035287385,1361.77499,
10.13672723,Si1,1.052589172,Si1,1.776016594,0.534635627,1,341.2405003,-0.000244268,0.042258407,933.9571715,
11.7949336,Si1,0.619383711,Si1,2.838161013,0.513849635,1,376.1997382,0.036286865,0.035715419,1076.768661,
15.89178948,Si1,0.864753167,Si1,1.566395373,1.763202663,0,431.2817636,-0.000388145,0.055308277,1388.770326,
9.966622367,Si1,0.867840419,Si1,2.415831549,0.526350555,1,344.2832867,0.010320667,0.042002713,929.2648526,
15.38253881,Si1,0.876258806,Si1,2.548499194,1.191207921,1,424.2252968,-0.000375414,0.032660975,1353.689181,
9.833914496,Si1,1.120179391,Si1,1.640663436,0.535887782,1,336.5324639,-0.010178003,0.040475315,904.3432165,
11.29700091,Si1,1.295910463,Si1,1.896403929,0.911826663,1,359.5376324,0.001912925,0.039624875,1012.664282,
8.434049076,Si1,1.53410621,Si1,1.935473712,2.13841601,0,318.9205983,-0.000605104,0.055383071,787.1343656,
12.58718445,Si1,0.911208315,Si1,1.652091297,0.911716607,0,386.5459498,-0.00030553,0.055247664,1146.045332,
9.50933475,Si1,1.070466857,Si1,1.814603322,1.092557398,1,341.3581571,-0.000228583,0.0450309,887.4678898,
9.974359935,Si1,1.260332307,Si1,1.235785047,1.020870311,1,339.6054799,0.000240209,0.044919083,891.5081947,
11.63203963,Si1,1.161873853,Si1,1.101739986,1.147162517,1,371.1887496,-0.030699959,0.040276093,1003.764197,
12.84640976,Si1,1.244532393,Si1,1.677027009,1.546380285,0,390.2209468,0.00031201,0.055206902,1163.462012,
12.09890451,Si1,1.232321554,Si1,1.878868087,0.906296584,0,374.0501812,0.001466613,0.055322327,1093.099791,
8.101876744,Si1,1.499734586,Si1,1.616767007,0.753451179,0,305.8374404,-0.000580191,0.055405771,757.5857725,
9.258068253,Si1,0.995512168,Si1,2.609870708,0.564360072,1,328.3926601,0.010003579,0.037124392,881.4385366,
15.87572019,Si1,0.623871088,Si1,2.611074441,2.451768879,1,429.3013181,0.000387743,0.031407183,1359.571389,
13.89050166,Si1,1.111666546,Si1,1.835441833,2.440520874,0,406.6081011,-0.000338113,0.055137113,1225.13238,
11.99615438,Si1,0.619548464,Si1,2.803228404,1.998346061,0,385.1006434,-0.001453769,0.055371616,1082.837327,
9.885671918,Si1,0.774320806,Si1,2.739142158,1.207032144,1,352.250312,-0.009281678,0.041648556,933.5959388,
15.93845324,Si1,1.071280049,Si1,1.186065667,0.58479557,0,423.8801431,-0.000389311,0.055391099,1336.418182,
15.83565826,Si1,0.260241341,Si1,1.152117568,2.409326955,1,469.418153,0.000386742,0.046022239,1493.865475,
11.68958649,Si1,1.304407602,Si1,1.874004183,1.722191958,0,370.6494667,0.001415448,0.055209696,1043.732378,
11.65783818,Si1,1.276577099,Si1,1.960286205,1.248393944,0,368.1814954,0.002540664,0.055415003,1045.519153,
11.01160594,Si1,1.354824101,Si1,1.117344473,0.66289319,1,346.9623547,0.004524384,0.040187178,933.37725,
12.63843511,Si1,0.615019382,Si1,2.851620795,1.486424496,0,389.1094794,0.001534054,0.055362979,1111.025695,
8.267799828,Si1,1.268303004,Si1,1.608142861,1.715582007,0,316.951277,0.000197545,0.0554063,787.1917022,
14.20575468,Si1,0.826802466,Si1,1.859672149,0.655807955,1,409.7184479,0.000345994,0.040481269,1261.840752,
15.40804416,Si1,1.469480261,Si1,1.128184955,1.749055515,0,415.5923369,0.000376051,0.055201723,1271.638961,
13.67542451,Si1,0.665926199,Si1,2.342203442,1.90574413,1,407.5787852,-0.033606286,0.031609873,1195.427373,
8.903067288,Si1,1.216803334,Si1,1.578983242,1.755218509,0,329.5209061,0.000213427,0.055282051,836.823191,
15.73170297,Si1,1.381873605,Si1,1.271402048,1.663708179,0,423.5500942,-0.000384143,0.05540826,1305.892703,
15.16145988,Si1,0.828095115,Si1,2.028907664,0.964125528,1,424.784669,-0.000369887,0.040317629,1360.540493,
15.3120199,Si1,0.958328258,Si1,1.799861981,1.920680789,1,428.2781967,-0.000373651,0.037738701,1364.740387,
11.96906689,Si1,0.727888161,Si1,2.747047756,0.590034646,0,370.4552493,0.000290077,0.055307284,1060.253402,
8.229190498,Si1,1.299095422,Si1,1.240995395,2.302406521,0,320.2375938,-0.000982899,0.055271165,785.8347484,
8.60845884,Si1,1.682627481,Si1,1.376156587,2.096481101,0,318.4701428,0.000206062,0.055362241,786.0656946,
9.704295987,Si1,1.327822014,Si1,2.531155242,0.973981754,1,334.9163035,0.006303353,0.039921233,887.9767982,
8.056585196,Si1,1.207826897,Si1,2.311199119,0.958340957,0,310.2851547,0.000192265,0.055436124,776.2924378,
15.93090705,Si1,0.904093212,Si1,1.6611947,1.246772468,1,428.0312635,0.000389123,0.031518943,1399.620186,
11.92707399,Si1,0.753731236,Si1,2.980570415,2.31347238,0,379.8869307,0.000289027,0.055207551,1059.57486,
9.94799171,Si1,0.887322269,Si1,2.998963161,0.729079908,0,338.3998973,0.002155948,0.055298221,912.9414462,
15.44375073,Si1,0.926976292,Si1,1.106740689,2.127623595,1,430.069579,-0.004146381,0.039579094,1326.024605,
15.81031611,Si1,0.293423962,Si1,1.13396388,2.492611565,1,466.2032305,0.00579162,0.045174636,1480.458406,
15.74126338,Si1,0.613228261,Si1,2.665948286,1.355985016,0,424.2142364,0.000384382,0.055041087,1345.495774,
13.35862424,Si1,0.60699466,Si1,2.716856584,1.724432234,1,403.2173242,-0.036054532,0.030207851,1170.313262,
14.46229298,Si1,0.635433987,Si1,2.427054355,2.022732589,1,420.5842371,-0.001057222,0.029954616,1266.529173,
9.016946561,Si1,1.353113286,Si1,2.750447661,1.092502862,1,325.7735096,0.000648821,0.039578096,845.3480278,
11.13445994,Si1,1.079648329,Si1,2.530357629,1.977732459,0,368.5153363,0.000269212,0.055209573,1012.59101,
15.42257367,Si1,0.540880787,Si1,2.965934257,0.746718509,0,418.5288427,-0.0026349,0.05522824,1314.933434,
10.40092474,Si1,0.972582472,Si1,1.902911017,1.576792823,0,354.1977856,-0.002257857,0.05534603,953.9834458,
10.59680577,Si1,1.010493051,Si1,2.508598865,2.157434535,1,359.6541752,0.001278851,0.032482822,979.1724726,
14.53540813,Si1,0.93916457,Si1,1.506182434,1.057479387,1,412.2693968,-0.000354235,0.032943878,1284.246846,
12.86444187,Si1,1.12465683,Si1,2.223296119,0.711330238,0,384.1685783,-0.000312461,0.055246572,1146.997159,
8.89782965,Si1,1.054939266,Si1,2.435680224,1.333727665,0,328.8459905,0.000213296,0.055265152,853.7162985,
10.87191564,Si1,1.060042979,Si1,2.741999532,1.813576423,0,363.8251362,-0.000787944,0.05532804,995.5818836,
8.433697819,Si1,0.888405819,Si1,2.909011315,1.87575382,1,334.0684375,-0.008672778,0.040540193,850.8204069,
14.89554462,Si1,1.394840621,Si1,1.140252478,1.212448201,1,410.9390935,0.005448578,0.037413566,1242.775125,
14.88086046,Si1,0.74794148,Si1,2.113064297,1.833603722,1,420.5678569,-0.003991587,0.033021307,1296.650129,
8.852264866,Si1,1.418268922,Si1,2.062844432,2.02469749,1,329.429175,-0.004455287,0.037551701,825.5911245,
8.872972689,Si1,0.98864616,Si1,2.7170401,0.83544531,1,326.3400413,-0.000212674,0.0355166,860.9384092,
8.067823907,Si1,1.452792462,Si1,2.821315646,1.285392445,0,310.0600073,0.000192546,0.055284007,768.2225789,
15.69347549,Si1,0.889874393,Si1,2.941838514,2.314165381,1,426.1758547,-0.000383187,0.031804521,1347.508827,
13.84744422,Si1,0.627822769,Si1,2.720743871,2.456664005,1,409.8213879,0.004381468,0.031344348,1201.996996,
11.65116151,Si1,0.800134878,Si1,2.215054184,2.435742545,0,381.0593095,0.002539161,0.055398647,1058.294011,
9.908858546,Si1,0.785016343,Si1,2.998881836,1.766506124,1,350.2774612,-0.001192858,0.02218715,931.7655896,
8.117260767,Si1,0.275885388,Si1,1.118061359,1.369026793,1,457.6299652,0.000968908,0.00639479,965.2589062,
8.368403912,Si1,1.043607342,Si1,2.445432784,1.71623646,1,324.9186822,0.00060018,0.0450135,826.2248196,
9.873070048,Si1,1.158277001,Si1,1.645214584,0.773900171,0,336.360405,0.001663737,0.055320503,898.8822814,
14.65198254,Si1,0.773140909,Si1,1.886989571,1.276718925,1,418.7328265,-0.00035715,0.033214904,1298.367032,
8.297395471,Si1,1.29798516,Si1,1.764621061,0.814838223,0,310.3743688,0.000198285,0.055311615,778.9463084,
14.70565106,Si1,1.096533332,Si1,1.380751339,2.15520737,0,415.8881168,0.002509439,0.055353826,1299.844673,
8.963144749,Si1,1.08966759,Si1,2.177764594,1.010134072,0,326.2211335,0.000214929,0.055260848,854.1794066,
11.60354521,Si1,0.912339205,Si1,1.849969446,0.87317746,0,368.4802365,0.001404693,0.055281985,1050.777689,
11.4516185,Si1,0.798139969,Si1,2.273676325,1.422788591,0,374.3408841,0.00027714,0.055186907,1049.652194,
14.78282865,Si1,0.897060626,Si1,1.923101327,1.689059131,0,417.1962141,0.000360421,0.055141977,1286.969304,
15.62360448,Si1,1.235390315,Si1,1.633966937,1.130202554,0,421.6464388,-0.00038144,0.05521368,1379.395782,
11.5006763,Si1,0.96619197,Si1,1.94336888,0.514979111,0,362.0656572,0.002505302,0.055308323,1036.976157,
12.67184672,Si1,0.748074463,Si1,2.897176207,0.772024449,0,390.3517163,0.001538231,0.055438156,1127.840162,
9.193626436,Si1,0.949837809,Si1,2.411514787,1.924915441,1,343.3375328,-0.000220691,0.027144962,892.1132847,
15.76430145,Si1,1.116893065,Si1,1.904756087,0.745417792,0,422.6358634,0.000384958,0.055081983,1381.029075,
12.7020066,Si1,0.825808491,Si1,1.84525326,0.771929432,0,388.3027474,0.0003084,0.055197616,1141.473715,
8.275283635,Si1,1.195396573,Si1,2.026947334,1.298620838,0,316.9749501,-0.000197732,0.043303308,794.9286023,
11.3712165,Si1,0.764480716,Si1,2.376092479,1.515354863,0,373.4506733,0.000275131,0.05526305,1047.210657,
11.26993975,Si1,0.984751618,Si1,2.924840875,1.025955227,0,365.7728274,0.002453387,0.055282449,1015.752128,
15.59612866,Si1,1.053626233,Si1,2.077806282,0.751600303,0,421.3573955,0.000380753,0.055164234,1362.824263,
14.03037353,Si1,0.509306872,Si1,2.756982679,2.449062388,1,417.3234655,-0.000341609,0.038601845,1232.871931,
9.49202457,Si1,1.1539306,Si1,1.384963908,1.970456695,1,344.6132773,0.000684452,0.044033047,887.1947012,
15.68749978,Si1,1.331485733,Si1,1.198031492,2.421089602,0,420.8304306,-0.000383038,0.0553287,1291.961363,
13.81940533,Si1,0.822558508,Si1,1.934892458,1.806863018,1,408.1562307,-0.021861791,0.032624519,1218.002578,
11.93168682,Si1,1.230108591,Si1,1.405727259,1.778659407,0,378.294049,-0.001445711,0.055218507,1076.163008,
9.914120129,Si1,1.355332563,Si1,1.569779292,2.490047175,1,346.393343,-0.007399793,0.032702311,905.2637602,
8.120903141,Si1,0.332741741,Si1,1.289489663,2.395448406,1,365.021518,0.000193873,0.046723273,927.1001685,
10.71741655,Si1,0.259463349,Si1,1.209147741,0.562111479,1,559.4783146,-0.014750774,0.000258786,1138.254739,
8.17680008,Si1,1.128550581,Si1,2.364236767,1.830000537,0,320.7483632,0.00058581,0.04003035,798.1799453,
8.187688942,Si1,1.123135407,Si1,2.556246126,1.667433835,0,319.1377389,0.001368796,0.055321457,798.3448595,
8.197830571,Si1,1.30291901,Si1,2.097967235,2.212294846,0,315.1131068,-0.000587387,0.055357201,776.8467745,
13.01764856,Si1,1.241469177,Si1,1.625108156,2.333356037,0,396.059413,-0.000316291,0.055267337,1183.885572,
13.86717589,Si1,1.128695387,Si1,1.424920792,1.509920067,1,406.579766,-0.003037766,0.033415421,1261.054083,
11.29661429,Si1,1.154032392,Si1,1.882295867,2.123103566,0,368.7698571,0.000273265,0.05534979,1019.270981,
15.12460385,Si1,1.000352137,Si1,1.434986916,0.501069098,0,412.4221415,0.000368965,0.055422375,1326.065784,
15.66209938,Si1,1.065882293,Si1,1.773780176,1.717101251,1,425.383183,0.001147208,0.027150578,1373.785949,
8.105116847,Si1,1.312468852,Si1,2.240256629,2.033791009,0,317.5082315,0.000580434,0.038889078,781.3349916,
14.09628431,Si1,1.181275741,Si1,1.464809002,1.946176508,1,406.9614339,0.032609415,0.031922901,1262.720085,
15.64938252,Si1,1.096660188,Si1,1.960022021,2.355205119,0,422.6983811,-0.000382085,0.055260084,1343.334464,
15.52697561,Si1,1.08676891,Si1,1.330102902,1.230676269,1,425.964925,0.003411221,0.039797573,1410.115462,
11.43576925,Si1,1.364068393,Si1,1.201400873,1.982580708,1,371.6453642,-0.000276744,0.039574424,981.3368642,
10.66577355,Si1,1.044942253,Si1,1.870653875,1.545888103,0,356.0812672,0.001287471,0.055301885,964.3205064,
10.36204733,Si1,1.167739266,Si1,1.941621803,1.530336941,1,352.1861326,-0.006747334,0.042233311,951.1836104,
15.62626025,Si1,0.948069612,Si1,1.654619691,2.496506167,0,428.5072685,0.000381507,0.055218468,1350.614589,
11.86646606,Si1,0.963173255,Si1,1.525603461,2.179033567,0,382.3640521,-0.001437558,0.055351118,1068.512637,
9.95311717,Si1,1.012489848,Si1,1.75639242,2.023318131,1,352.0762437,-0.000719034,0.040026226,932.2232873,
8.076982469,Si1,1.401019773,Si1,1.415502682,0.697279212,0,304.9129768,-0.000963873,0.055316754,755.9602402,
12.92866105,Si1,1.127392003,Si1,1.230052293,2.116410937,0,392.9116952,0.001570333,0.055387854,1096.841732,
12.12195198,Si1,1.652862766,Si1,1.161618627,2.160298198,0,373.1982072,0.000293899,0.055376487,1000.400067,
14.70983252,Si1,1.064746471,Si1,1.310364241,0.513001167,0,405.9998098,-0.000358596,0.055361873,1290.704052,
8.281708527,Si1,1.773144097,Si1,1.149848568,0.839882618,0,298.6275314,-0.000593678,0.055454985,719.2028524,
13.8647484,Si1,0.581373862,Si1,2.755131945,1.410412738,1,410.3636463,-0.001687344,0.039483844,1215.820586,
9.333867907,Si1,1.276389636,Si1,1.205678113,1.607928848,1,330.6446792,0.002017771,0.042373186,840.2178305,
13.32154441,Si1,1.06116733,Si1,1.169417181,1.786847014,1,399.8742603,0.041133852,0.037247189,1136.387504,
13.58661634,Si1,0.574354303,Si1,2.878870423,1.321662917,1,403.1313104,-0.001652578,0.02941588,1183.599524,
11.66612419,Si1,0.644824023,Si1,2.986680627,1.01722781,0,374.2895517,0.002542528,0.055435304,1056.828357,
10.92452636,Si1,0.773016081,Si1,2.654342068,1.290697495,0,363.2786117,0.000263963,0.055202178,1000.46613,
12.98133827,Si1,0.747821835,Si1,2.379118633,2.42537989,0,395.9231022,-0.000315383,0.05518836,1135.898245,
8.492739703,Si1,1.07680044,Si1,2.894378141,2.49151905,0,323.5851417,0.000203169,0.055380916,827.7153354,
13.64311025,Si1,1.001677587,Si1,1.524247175,2.367505801,0,403.606921,-0.000331928,0.055300003,1202.122321,
11.95020239,Si1,1.381198113,Si1,1.251959834,1.877348136,1,378.9495528,0.03040853,0.040834312,1030.614575,
13.60673263,Si1,1.332675358,Si1,1.34994937,2.166973442,0,402.1583965,-0.000331018,0.055224515,1224.030501,
11.17986054,Si1,0.929021362,Si1,2.756968705,2.086438472,1,374.1682813,0.015409751,0.035415392,1030.971065,
8.246943209,Si1,1.62698717,Si1,1.451740971,2.39381701,0,316.1120177,0.000197024,0.05533329,769.1969914,
9.604585333,Si1,1.678323806,Si1,1.312226595,0.533371769,1,323.7321738,0.000230965,0.042728479,841.8966593,
8.118558724,Si1,1.545775537,Si1,1.728987853,1.762528234,0,314.5684549,0.00096907,0.055271588,765.8993138,
12.16720572,Si1,0.742065535,Si1,2.730591768,1.867577577,0,390.7853456,-0.001475151,0.055187804,1112.738997,
12.17243943,Si1,1.596866584,Si1,1.139372136,1.613414116,0,375.0354926,-0.001475805,0.055199971,1010.241302,
8.609179979,Si1,1.553820397,Si1,1.770873403,2.296474156,0,322.7067075,0.00020608,0.055364653,795.1107372,
14.48233531,Si1,0.979786482,Si1,2.640160893,2.496499201,1,415.3949693,0.000352909,0.028585589,1259.645863,
14.37720302,Si1,1.048908867,Si1,2.402591432,2.377183057,1,412.8009428,-0.00035028,0.0297738,1255.901175,
10.44681282,Si1,1.365483365,Si1,1.946506829,2.464906834,0,353.9454162,0.001260101,0.055220207,944.825859,
9.882725127,Si1,1.077958189,Si1,2.61876007,2.20288661,1,349.3919355,-0.001189591,0.038780675,924.5687148,
11.72762307,Si1,0.881528844,Si1,1.986153964,0.889361,0,370.816842,0.001420203,0.055301936,1055.879731,
10.95293135,Si1,1.267428817,Si1,1.906643932,2.48849252,0,365.7259404,0.000264673,0.055276018,992.218099,
14.67624699,Si1,0.667605824,Si1,2.174582829,0.842506739,0,415.6250615,-0.000357756,0.055297231,1281.03064,
14.38111759,Si1,1.422451811,Si1,1.347215742,2.039285233,1,407.2964399,-0.020672302,0.031884398,1278.522049,
15.80178747,Si1,1.056832055,Si1,2.28781405,2.454151931,0,427.2692692,0.000385895,0.055148527,1368.583029,
11.71044694,Si1,0.824737319,Si1,2.519193643,1.836134719,1,382.6610398,-0.049064733,0.034884175,1084.818111,
9.944465929,Si1,0.867654798,Si1,2.564341013,2.053795918,0,350.6672824,0.001676232,0.055288101,927.7168122,
8.523453013,Si1,1.539815752,Si1,1.123945281,1.940814895,0,317.4221293,0.000611809,0.055281394,769.6740015,
11.70977974,Si1,1.271401679,Si1,1.149639648,0.735829981,1,361.899305,-0.039986825,0.033747746,985.3413125,v
12.92021609,Si1,1.116036537,Si1,1.139627065,1.014369004,1,388.9436153,-0.031071685,0.037976503,1101.04005,
12.20098343,Si1,0.860195022,Si1,1.963890243,1.518792234,0,383.8712394,-0.001479373,0.055266335,1096.80564,
9.726231429,Si1,1.243781132,Si1,2.38001242,2.495867017,1,347.4396379,-0.001170029,0.036270891,906.1209553,
9.617641751,Si1,1.320762033,Si1,2.35594482,2.032704146,1,341.3256266,0.001156455,0.034462359,885.0534674,
8.802043121,Si1,1.407476846,Si1,2.242268244,1.941066479,1,327.5654361,-0.001054505,0.042391101,824.0115539,
8.966576572,Si1,0.972730319,Si1,2.702448807,1.381631213,0,331.9720958,-0.000645044,0.055271856,871.3759396,
9.180174491,Si1,0.920434072,Si1,2.94123481,1.0745217,1,333.7557274,0.00154248,0.042969079,881.2747374,
10.15142382,Si1,1.071843487,Si1,1.949826678,0.9782834,1,342.8501327,-0.000244636,0.038897045,928.3848546,
8.781129866,Si1,1.127010861,Si1,1.594857994,2.282986039,1,334.1563139,0.000210378,0.039761489,843.0487773,
15.71562691,Si1,0.944306379,Si1,1.492506437,1.882070576,1,426.1138388,0.004221148,0.026478112,1364.781434,
8.610640796,Si1,1.100781684,Si1,1.710572626,2.027070486,1,331.5350243,-0.006801828,0.04431494,833.4632596,
9.762693161,Si1,0.970395955,Si1,2.643740526,0.720341784,1,337.0715225,0.001174586,0.036882008,913.9195992,
11.58695514,Si1,0.767420355,Si1,2.503304023,1.975242089,1,378.7544115,0.037309675,0.027771864,1060.951226,v
13.18039158,Si1,0.762698762,Si1,2.458729065,1.254292728,0,397.9645283,-0.00032036,0.055300943,1157.865248,
8.973197343,Si1,0.90485931,Si1,2.869618691,2.478478579,0,337.5513903,0.00021518,0.05529304,878.8217988,
15.08834751,Si1,0.660476179,Si1,2.599939703,1.749649938,1,418.7392408,0.001840294,0.026132171,1289.459588,
14.01690077,Si1,0.605413547,Si1,2.985880862,1.779174757,0,408.7526253,0.002388908,0.055393073,1202.918248,
12.98702917,Si1,0.94272225,Si1,1.379776755,1.565083709,0,396.8725721,-0.000315526,0.055200738,1191.304973,
15.99746115,Si1,0.626683191,Si1,2.242877475,1.280766083,0,433.3653155,-0.000390787,0.055105055,1398.887007,
13.84420401,Si1,0.623085861,Si1,2.883782848,2.104209225,0,407.3527179,-0.000336955,0.05538031,1191.710256,
15.93929032,Si1,0.425291721,Si1,2.796351663,0.585114488,1,424.187072,0.00350399,0.040101222,1384.510339,
14.58018504,Si1,1.05243856,Si1,1.227758745,1.372229672,1,409.2804203,0.032337282,0.034469411,1217.84012,
11.10790689,Si1,1.633896658,Si1,1.131625118,1.471142489,1,356.2353873,-0.001342739,0.041087806,939.5558799,
9.529102112,Si1,1.377557182,Si1,2.713799851,1.503481117,0,332.2561121,-0.000229078,0.046502733,866.9754894,
8.161514195,Si1,1.220075656,Si1,1.38405892,0.766927755,1,316.5564157,-0.001364214,0.044629295,786.8807264,
10.83376634,Si1,1.231677322,Si1,1.90345173,1.141774222,0,352.9441613,-0.000261694,0.055227896,970.7365034,
11.36584739,Si1,0.704101146,Si1,2.175933939,1.609337877,1,378.2877594,-0.002474966,0.045924374,1055.420784,
8.673259583,Si1,1.293637318,Si1,1.295580157,0.545858535,1,316.1888391,-0.000207682,0.045897612,805.9566655,
8.689772519,Si1,1.300283306,Si1,1.94910948,0.648333383,1,319.0475628,0.000624283,0.041410756,815.1732048,
10.67365601,Si1,1.336012625,Si1,1.154250929,2.347851872,0,355.2773905,0.002319224,0.055322991,925.0823335,
9.641613511,Si1,0.955339045,Si1,2.639408556,0.938184729,0,335.6614911,0.00023189,0.045682379,891.6899288,
15.94184688,Si1,0.531775833,Si1,2.280733379,0.509825345,1,428.2123847,0.000389396,0.038550229,1404.157651,
13.95023621,Si1,0.949491992,Si1,2.216722228,2.155193524,1,408.4909381,-0.032941782,0.030904146,1225.585207,
11.8376891,Si1,0.679980246,Si1,2.198323712,1.770001773,0,386.2098717,-0.001433961,0.055282054,1087.008868,
9.934325876,Si1,0.99882757,Si1,2.102618649,2.461324856,0,351.2845797,0.001674458,0.055258949,918.6318044,
9.983848667,Si1,1.270903568,Si1,2.888503054,2.288682412,0,345.8322121,0.002164016,0.055401319,902.5542073,
8.62769096,Si1,0.306469207,Si1,1.116251369,1.878591445,1,412.9274656,0.000206542,-0.000619627,997.9347555,
13.00279163,Si1,0.88958288,Si1,2.704464175,1.694647371,1,400.2902008,-0.040753654,0.035067098,1167.715742,
10.37135292,Si1,1.450813092,Si1,1.68575216,2.168114396,1,350.2327612,0.000250134,0.036269394,932.7921877,
9.484935564,Si1,1.727953539,Si1,1.197055264,0.668065265,1,316.9999904,-0.000683921,0.04491078,811.7197542,
9.470623846,Si1,1.125799052,Si1,2.920526361,1.234319394,0,334.3608307,-0.000682847,0.055291476,885.0212989,
12.52974923,Si1,1.099306105,Si1,1.590582761,1.190004724,1,385.6391315,0.039228091,0.034970778,1148.423346,
10.86688312,Si1,1.121256291,Si1,1.989198131,2.4467728,0,365.1446112,0.000262522,0.05531481,990.384889,
15.29367026,Si1,0.694526519,Si1,2.566766403,2.012139203,1,422.9783767,0.001865959,0.031721299,1315.525328,
9.0697044,Si1,1.413026619,Si1,1.11060496,0.802141092,0,314.0403522,0.000217593,0.055384248,796.8168642,
8.601092865,Si1,1.052435862,Si1,2.768172807,0.582105476,0,317.6183505,0.000617632,0.055337552,830.425898,
8.582500695,Si1,1.240389902,Si1,1.118280246,2.497250294,0,323.5942175,0.000616238,0.055275275,795.550858,
14.66465184,Si1,0.814221171,Si1,2.044031356,2.249581125,0,414.6080228,-0.000357466,0.055274901,1262.411979,
13.68309031,Si1,0.653636906,Si1,2.667910169,2.070309168,0,406.3703235,-0.000332927,0.055382962,1178.745313,
11.08033834,Si1,1.369054486,Si1,1.437858498,1.705654279,0,358.4450178,0.000267859,0.055339426,978.4729365,
13.133308,Si1,1.147054208,Si1,1.440060928,2.168480638,0,397.9816041,-0.000319183,0.055199712,1193.739607,
12.69572524,Si1,0.791874051,Si1,2.372559948,1.870785461,1,398.3183818,-0.036064446,0.035447959,1161.847548,
15.93752751,Si1,1.15535973,Si1,1.376779995,0.600797372,0,425.3158084,0.000389288,0.055389466,1431.607188,
9.447472789,Si1,1.319082192,Si1,2.896008514,0.918395017,1,329.2520115,-0.001589257,0.041547725,868.2250728,
14.9516538,Si1,1.141123246,Si1,2.211058105,2.295923635,0,415.8741277,0.000364641,0.055098094,1293.839608,
12.52654824,Si1,0.899510659,Si1,2.775943947,0.576837922,1,383.6265266,0.032529466,0.035569603,1125.298681,
14.44582315,Si1,0.60037454,Si1,2.900795194,1.837503819,1,413.175761,-0.005279933,0.029215627,1238.648331,
11.92896356,Si1,0.755074015,Si1,2.084783466,1.030113051,1,380.2850266,-0.03382167,0.036134263,1093.551866,
14.4582645,Si1,0.735902064,Si1,2.160644901,1.423474727,1,414.7046623,-0.004579985,0.032764505,1261.778986,
14.99418352,Si1,0.661505858,Si1,2.53227843,1.848397629,1,420.6163235,-0.000365705,0.027427838,1292.28941,
13.61891785,Si1,0.837003291,Si1,1.81547178,2.228928968,0,408.3960405,-0.000331323,0.055249809,1211.795875,
11.1885177,Si1,1.439039356,Si1,1.345135733,0.544213253,1,347.9074665,0.002435067,0.055347426,972.8619186,v
8.701251997,Si1,1.519210098,Si1,1.624703791,1.997680816,1,325.2046248,-0.002292194,0.038550531,807.360121,
10.26364585,Si1,1.253197221,Si1,2.405763593,2.256343808,1,351.7210716,-0.000742324,0.039838041,940.1943527,
9.400635308,Si1,1.519386834,Si1,1.858092753,1.880261312,0,333.1990685,-0.000677598,0.055305652,850.5044394,
9.583844557,Si1,1.426960247,Si1,1.679186776,0.548033266,1,325.4490941,-0.000230446,0.041249834,861.3215991,
8.010224394,Si1,1.031325082,Si1,2.774293297,1.73215391,0,319.5113011,0.000191106,0.041087683,800.6181352,
8.02434385,Si1,1.163670219,Si1,1.581498764,1.740330931,1,323.1171858,0.000574376,0.045375665,787.5942892,
15.90258351,Si1,1.266561094,Si1,1.463952707,2.038663168,1,427.885931,-0.008156705,0.033792062,1416.675321,
13.93588937,Si1,0.878844604,Si1,1.766803338,2.150776803,1,409.8163438,-0.039691928,0.028836016,1227.806103,
11.76795315,Si1,1.052677896,Si1,2.321720842,2.010318661,1,379.2160082,-0.043042373,0.03392081,1078.703458,
9.750247951,Si1,0.808260833,Si1,2.738476587,2.479357129,0,351.6458072,0.001642244,0.055433538,923.4129413,
8.061377212,Si1,0.255424275,Si1,1.505683987,1.488879317,1,369.445765,0.000192385,0.050212355,932.8659985,
8.149268621,Si1,0.408864675,Si1,1.178772601,0.684893658,1,386.8631646,0.000194582,0.004864544,922.3417752,
8.464429441,Si1,0.266553568,Si1,2.515364023,1.308917446,1,357.7157356,0.000202461,0.04595859,948.5832055,
12.33512534,Si1,0.753628194,Si1,2.688656666,2.3887342,0,395.4939482,-0.001496141,0.055278988,1120.468291,
8.66877368,Si1,1.376351857,Si1,1.546755752,1.885497675,1,325.976587,-0.000207569,0.045457666,811.2838529,
13.05082103,Si1,0.938531221,Si1,2.043831394,1.828399214,0,399.7490847,0.001585603,0.055339486,1177.274618,
8.634369108,Si1,1.524969416,Si1,1.928547839,1.227852309,1,317.2096853,-0.000620128,0.039068048,797.2074353,
11.41834851,Si1,1.710582316,Si1,1.13519399,0.614609882,1,352.8398377,0.002486779,0.042827852,949.03883,
12.89428453,Si1,1.109902593,Si1,1.98597193,1.110128575,1,390.4285643,-0.035392405,0.035392405,1180.052033,
8.961332102,Si1,1.23339344,Si1,1.590327535,2.115159389,0,332.2213173,0.000214883,0.055255056,838.1963198,
11.46248847,Si1,0.794977941,Si1,2.275434727,0.974133277,1,372.1964627,0.038560296,0.035786174,1062.3517,
13.18554181,Si1,0.974875411,Si1,1.513471155,0.848029843,1,394.5349503,0.04647084,0.032369344,1197.991513,
10.03866291,Si1,0.907183431,Si1,2.366118414,1.615723528,0,348.874193,-0.000241817,0.037481558,923.9109581,
14.04645092,Si1,0.726996089,Si1,2.229322051,1.504625768,0,409.3137814,0.000342011,0.0551109,1218.086243,
13.04260918,Si1,0.582357206,Si1,2.830162979,2.396327646,0,400.0870796,0.001584576,0.055321625,1144.366306,
13.88767135,Si1,0.595645218,Si1,2.921370573,0.767131083,1,404.2433212,-0.013859712,0.034142217,1207.052079,
8.845369235,Si1,0.944405892,Si1,2.86502735,1.53653202,1,331.2049921,0.000635953,0.045152645,866.5794026,
12.60648168,Si1,0.704865763,Si1,2.139739473,1.996730325,1,398.444311,-0.041923651,0.033355313,1151.982296,
10.42851873,Si1,0.794172698,Si1,2.813981812,0.699237616,0,347.9450182,0.004276571,0.05542193,957.095295,
13.35297858,Si1,0.613735364,Si1,2.992368307,0.508233967,0,397.4331857,-0.000324674,0.05534733,1162.793731,
14.36884476,Si1,0.98688363,Si1,1.155111267,1.210761808,1,411.9425382,-0.008751775,0.040958307,1222.957733,
8.324073967,Si1,1.249555797,Si1,1.325109884,1.656846958,1,321.455621,-0.000994759,0.040387205,793.9913828,
9.432477237,Si1,1.445405515,Si1,1.981716634,2.286534025,1,337.3875028,0.000679986,0.041479146,859.2052652,
10.80720815,Si1,0.790031473,Si1,2.5123615,1.033356459,0,358.4269904,0.002349272,0.055419207,985.98617,
11.28059232,Si1,1.019626664,Si1,2.840362578,2.197825242,0,371.0654659,0.002455783,0.05530934,1027.004571,
14.21321476,Si1,0.54187174,Si1,2.965292378,1.600899275,1,409.011766,0.001038541,0.026655879,1223.805223,
11.70676071,Si1,0.983686209,Si1,2.938779869,2.032297069,0,377.2176601,0.000283519,0.055251345,1055.239975,
15.06043505,Si1,0.812045228,Si1,2.060349629,2.08878027,0,418.4046992,-0.000367361,0.055302075,1290.412474,
15.53829779,Si1,0.778919248,Si1,2.029660054,1.223739958,0,422.9210454,0.000379308,0.05506014,1342.659521,
9.22248917,Si1,0.998920468,Si1,2.182374564,1.694952776,0,337.9591672,-0.000664237,0.055426531,880.7219432,
12.64432971,Si1,0.530510026,Si1,2.887445419,2.270032537,0,397.7538109,-0.000306958,0.055376243,1138.001908,
8.283994226,Si1,1.297006996,Si1,1.283304189,1.977912102,0,320.0074222,0.000989749,0.055265015,788.5895225,
9.293218596,Si1,1.03230654,Si1,2.227811105,1.132083473,0,333.112121,-0.000223181,0.046198364,877.7691681,
14.92202091,Si1,0.793632038,Si1,1.483353461,0.613420772,1,419.5375659,-0.000363901,0.028020339,1335.158658,
15.7474607,Si1,0.73667864,Si1,2.058384008,2.464035312,0,431.9988106,0.000384537,0.055052092,1352.92116,
13.7845167,Si1,0.694277018,Si1,2.259951662,2.325839692,0,411.3176436,-0.000335463,0.055257966,1202.587336,
11.95618344,Si1,0.596098825,Si1,2.989353268,1.534775467,0,381.1167461,0.000289755,0.055276685,1072.610563,
9.926696012,Si1,0.762187641,Si1,2.712542671,2.136843486,1,354.5283095,0.002151158,0.055237013,940.3220861,v
8.032389649,Si1,0.290556067,Si1,1.872012292,0.509565158,1,357.8242354,-0.00019166,0.047723278,917.0017878,
8.144549061,Si1,0.29129382,Si1,1.198269805,2.165375438,1,410.9232575,0.000194464,0.002139101,954.3204189,
10.06391688,Si1,0.918117754,Si1,2.455917696,1.101290009,0,346.3880808,0.002182032,0.055389072,921.6979798,
15.32486604,Si1,0.603768962,Si1,2.848452897,1.272676142,1,420.7304374,0.000373972,0.037023203,1311.501576,
15.20617763,Si1,0.54478673,Si1,2.934097069,0.538815008,0,415.5012051,0.000371005,0.055204333,1295.803602,
13.16735071,Si1,0.975136053,Si1,1.558476176,1.608128147,0,396.7597384,-0.000320034,0.055272905,1189.724469,
15.78408656,Si1,0.678307542,Si1,2.805444904,1.69770097,0,427.9488394,0.000385452,0.05511711,1333.391216,
9.305639609,Si1,0.894944285,Si1,2.964902982,0.844739973,1,334.4638618,0.004693311,0.036429033,897.1264084,
9.820045477,Si1,1.25906822,Si1,2.607837563,2.429839897,0,346.4573748,0.000236351,0.055403096,906.3774956,
13.22689895,Si1,1.366393256,Si1,1.221814496,1.047167906,1,391.2486301,-0.03504595,0.038261175,1111.943662,
15.8948514,Si1,0.932386351,Si1,2.179156164,0.741709769,0,426.8728934,0.000388221,0.055313709,1398.937182,
10.93356818,Si1,0.6877415,Si1,2.3013861,2.123950274,1,372.8813841,0.002377703,0.055225682,1015.894988,v
9.902657412,Si1,0.747030824,Si1,2.727605708,2.161287106,1,355.1905948,0.002145749,0.055406314,939.9181277,v
15.85519625,Si1,0.533431026,Si1,2.900790128,1.377509654,1,421.2142409,0.00503399,0.02981671,1351.322914,
15.37030999,Si1,1.21109371,Si1,1.650576155,2.088909217,1,423.0651848,0.001875539,0.025882435,1368.676217,
10.14454577,Si1,1.312785285,Si1,1.934894864,2.492642701,1,352.7442331,0.000733391,0.035447244,928.4468771,
15.70998635,Si1,1.322790161,Si1,1.353065087,2.121254675,1,425.6837762,0.0003836,0.03030438,1397.14506,
15.82658756,Si1,0.641470002,Si1,2.76138268,2.279256025,0,426.500183,0.000386515,0.055192547,1343.399867,
13.01768773,Si1,0.919395071,Si1,1.434838298,2.132370878,0,401.3413443,-0.045229785,0.027517421,1197.096719,
12.22310656,Si1,0.612763964,Si1,2.594358284,2.381641648,0,392.4642477,0.001482138,0.055317774,1104.765443,
8.372750291,Si1,1.23004623,Si1,1.575370142,0.925805651,1,316.2890148,0.000200169,0.047439994,798.494011,
10.14718484,Si1,1.455263733,Si1,1.112758259,0.544664348,0,328.0517207,0.002200766,0.055381834,865.6013862,
13.10878245,Si1,0.504726473,Si1,2.730101807,2.41528218,0,406.9590411,-0.00031857,0.055146981,1173.781713,
8.330783945,Si1,1.467447364,Si1,2.479251809,2.26627029,0,318.0719175,0.00019912,0.055427611,786.9845108,
10.50910085,Si1,1.602634707,Si1,1.15876787,2.023567753,1,350.0935524,-0.001267888,0.041840288,905.8116377,
12.87718378,Si1,1.586254186,Si1,1.127573903,0.950723575,1,378.4063332,0.042225246,0.037846332,1058.775378,
8.129685104,Si1,1.447143352,Si1,1.672395594,1.525251558,1,321.5958199,0.002911384,0.043670756,778.6197012,
9.295052762,Si1,1.60162231,Si1,1.37397752,0.714220005,1,325.3090775,-0.000223226,0.045761381,827.9430992,
15.72962242,Si1,1.344355803,Si1,1.194327957,2.464096582,1,425.035406,0.000384091,0.037256779,1316.639795,
8.633142904,Si1,1.473815327,Si1,1.458575572,0.959434524,1,316.196996,0.012194032,0.03451531,793.739582,
15.50204731,Si1,0.991752209,Si1,1.856041841,2.442883355,1,428.4634631,0.000378401,0.038218526,1370.247443,
8.115621707,Si1,1.424392936,Si1,1.509710869,1.452990671,1,314.2013091,-0.000193741,0.043979094,773.6177222,
15.96911582,Si1,1.40675464,Si1,1.6305556,2.383558099,0,420.4297434,-0.000390078,0.05505546,1369.542822,
15.95530278,Si1,0.890984004,Si1,1.481429466,2.427043486,1,434.4388064,0.000389733,0.033906728,1415.227523,
8.633142904,Si1,1.473815327,Si1,1.458575572,0.959434524,1,316.196996,0.012194032,0.03451531,793.739582,
8.372750291,Si1,1.23004623,Si1,1.575370142,0.925805651,1,316.2890148,0.000200169,0.047439994,798.494011,
8.595471675,Si1,1.313851402,Si1,1.271523817,1.413382969,1,320.0496522,0.001851631,0.040118666,802.5845825,
10.14718484,Si1,1.455263733,Si1,1.112758259,0.544664348,0,328.0517207,0.002200766,0.055381834,865.6013862,
15.55821479,Si1,1.047883145,Si1,2.756961719,1.825155851,0,418.54285,0.000379805,0.055095978,1315.909846,
12.91319182,Si1,0.832531644,Si1,1.501849921,2.437207938,1,403.9335457,-0.039837335,0.032936379,1189.272264,
12.42064148,Si1,0.98126257,Si1,1.295002565,2.047501113,0,391.5781239,0.00150683,0.055174309,1075.890639,
15.50204731,Si1,0.991752209,Si1,1.856041841,2.442883355,1,428.4634631,0.000378401,0.038218526,1370.247443,
8.005986573,Si1,1.313642265,Si1,1.33914451,1.754274504,0,314.8198776,-0.000954999,0.055444964,766.9112607,
11.15623561,Si1,1.015468918,Si1,2.517665901,2.468375501,0,373.1835707,0.000269756,0.055265112,1026.465188,
15.63432504,Si1,1.105359876,Si1,2.596533241,1.930752481,0,421.3191677,0.000381708,0.055232994,1322.236333,
8.330783945,Si1,1.467447364,Si1,2.479251809,2.26627029,0,318.0719175,0.00019912,0.055427611,786.9845108,
10.50910085,Si1,1.602634707,Si1,1.15876787,2.023567753,1,350.0935524,-0.001267888,0.041840288,905.8116377,
11.84608862,Si1,0.916563,Si1,2.732734794,2.443184576,0,384.2636724,0.040467314,0.027265211,1089.310443,v
15.98863528,Si1,0.709691883,Si1,2.982439847,1.902465547,0,418.3800137,-0.000390566,0.05508962,1332.075053,
13.9205801,Si1,0.998589886,Si1,1.274421062,2.396795495,1,410.7988859,0.03761396,0.03761396,1193.703625,
11.75740492,Si1,0.771758122,Si1,1.967827182,2.330579801,0,386.5563183,0.002563066,0.055374157,1091.197638,v
9.945204819,Si1,1.233052322,Si1,1.163463093,2.430452812,1,352.897468,-0.0011974,0.04143004,901.8685105,
15.72962242,Si1,1.344355803,Si1,1.194327957,2.464096582,1,425.035406,0.000384091,0.037256779,1316.639795,
14.57824121,Si1,1.389194516,Si1,1.114898104,2.483389712,1,413.983157,-0.00888265,0.036596518,1225.531469,
15.74854656,Si1,0.746005931,Si1,2.607612176,2.433796109,0,421.5156783,0.000384564,0.055054026,1320.647827,
