sampling_rank,selected_bucket,selected_model_kind,A_Cell_D,C_Barrier_Thx,F_ThermalResin_Thx,G_CoolantLPM,B_Barrier_Type,discrete_combo_id,p_tp,p_notp,boundary_score,clf_uncertainty_raw,clf_uncertainty_scaled,tmax_pred_given_notp,tmax_std_given_notp,notp_window_score,local_sparsity,combo_priority,acq_boundary,acq_notp_high_tmax,acq_uncertainty_sparse,acq_misclass_repair,MaxT_Adj_pred_given_notp,MaxT_Adj_std_given_notp,CellD_x_Resin
1,boundary,gp,15.787244585067228,1.5119016956674938,2.828614864073593,29.580078763523854,ETI,combo_001,0.48150684047822523,0.5184931595217748,0.9630136809564505,0.23383600098573318,0.6152469561465587,144.28901292771903,2.6506800878256316,0.0,0.6938116641523838,0.9999999209999999,0.8844131211891019,0.6494269348492906,0.49912002697617175,0.011733075154168032,144.28901292771903,2.6506800878256316,44.65603469608651
2,boundary,gp,15.539314021105966,1.4972888454480935,2.3246924771464936,29.058082914850576,ETI,combo_001,0.4922606513771086,0.5077393486228914,0.9845213027542172,0.23351116872722655,0.6143757045437119,140.48389330427014,1.2246370890827991,0.0,0.5325577941728644,0.9999999209999999,0.8791326118917798,0.5566607357884331,0.40418384844549293,0.02046881084735244,140.48389330427014,1.2246370890827991,36.12412640488207
3,boundary,gp,10.218542677497254,1.2718631853621059,1.9062266375944337,27.22467512970016,ETI,combo_001,0.5015875367356757,0.4984124632643243,0.9968249265286486,0.24135028194059552,0.635401448672218,143.44851113760012,2.7948026286472882,0.0,0.4069623604938969,0.9999999209999999,0.8744078245021647,0.6088304074171651,0.45611202081543334,0.04622042946807965,143.44851113760012,2.7948026286472882,19.47885824924081
4,boundary,gp,15.959086176230954,1.5103920756536402,2.7478082534693495,21.052873465762502,ETI,combo_001,0.5151046059006923,0.4848953940993077,0.9697907881986154,0.24386448023995563,0.6421449270085837,144.19312247589113,1.5176127513214417,0.0,0.5416170427286858,0.9999999209999999,0.8728112546378772,0.6202863236861694,0.4299102910832621,0.013787524401899837,144.19312247589113,1.5176127513214417,43.852508712876016
5,boundary,gp,15.811135465425231,1.5162817513840723,2.899223246683637,14.728542869998515,ETI,combo_001,0.48195213353438504,0.518047866465615,0.9639042670687701,0.23658776830963896,0.6226276322611676,143.0370256730951,2.4041572405246887,0.0,0.5660046587519276,0.9999999209999999,0.8692063708369071,0.6138628907072707,0.4657345936264155,0.02332723140387236,143.0370256730951,2.4041572405246887,45.84001149782494
6,boundary,gp,15.627883840607081,1.495011786302678,2.942724914836919,25.276939419762012,ETI,combo_001,0.526905971662174,0.473094028337826,0.946188056675652,0.24211377529121725,0.6374492588513863,145.1803366075477,2.3576995409536146,0.0,0.643896134887756,0.9999999209999999,0.8680938790188741,0.6555356972021744,0.4852107247415618,0.013744911297873471,145.1803366075477,2.3576995409536146,45.988563143931735
7,boundary,gp,12.146304720809308,1.3578429052602856,2.115175172689207,29.833566222999746,ETI,combo_001,0.5063386176906146,0.4936613823093854,0.9873227646187708,0.19874042471551287,0.5211150579821491,137.05474033990407,2.145637700846411,0.0,0.2709316504637396,0.9999999209999999,0.835257440912886,0.48553923159498047,0.35481424571933906,0.1713215597112383,137.05474033990407,2.145637700846411,25.69156218537356
8,boundary,gp,12.074942152844825,1.3616639729448485,2.302288853291851,7.118573976586547,ETI,combo_001,0.5006635026001751,0.4993364973998249,0.9986729947996498,0.20842301387105766,0.5470852967763457,149.03187473516317,0.8450475839343694,0.0,0.14517069061184232,0.9999999209999999,0.8304160857478229,0.6509338510804219,0.28319719238214536,0.3193470176971977,149.03187473516317,0.8450475839343694,27.800004722638544
9,boundary,gp,12.135953112457656,1.3612629263184648,2.362726889109057,18.188741784217395,ETI,combo_001,0.5061128888058501,0.49388711119414985,0.9877742223882997,0.19944772452426185,0.523012148175404,146.3094319918173,0.8088348550059218,0.0,0.17183571787264953,0.9999999209999999,0.8228131893571196,0.6095205539672447,0.27731796410428466,0.23854373221783876,146.3094319918173,0.8088348550059218,28.673942743770453
10,boundary,gp,12.591856086985803,1.3821329724888507,2.562626583916691,13.860282280040686,ETI,combo_001,0.5088194088137392,0.4911805911862608,0.9823611823725216,0.1755672252043796,0.4589608639683446,148.09434842169227,0.510460875716091,0.0,0.2405140082991319,0.9999999209999999,0.8198409309107777,0.641768261169993,0.25239022684908713,0.18536143923024573,148.09434842169227,0.510460875716091,32.26822514936302
11,boundary,gp,12.366295555818748,1.36843766327388,1.558795698058662,9.468403388673536,ETI,combo_001,0.5191493963261777,0.48085060367382226,0.9617012073476445,0.20736100570560353,0.544236822549549,145.12634096087294,0.4832200877598319,0.0,0.2643950595961662,0.9999999209999999,0.8182033940823222,0.5962343065194805,0.29008603850823667,0.05233673504704418,145.12634096087294,0.4832200877598319,19.276528313332214
12,boundary,gp,13.020414740202826,1.3990183003915977,2.377978491027612,18.57607029197139,ETI,combo_001,0.4994545271294055,0.5005454728705945,0.998909054258811,0.1409125153010257,0.36601143927667285,144.60936621571366,0.46937532863271836,0.0,0.2118090916333829,0.9999999209999999,0.8168300573877495,0.582529082649596,0.20767349287135944,0.20243754602649863,144.60936621571366,0.46937532863271836,30.962266196461194
13,notp_high_tmax,gp,12.152807067659682,1.3715913191019036,2.93149796539278,9.423464099988564,ETI,combo_001,0.4625664351215022,0.5374335648784978,0.9251328702430044,0.19839816316588943,0.5201970582580048,150.22408928981076,0.9206151516578874,0.0,0.32869433180274876,0.9999999209999999,0.7964417207797171,0.689242201151747,0.31244992547168493,0.15590884368584776,150.22408928981076,0.9206151516578874,35.625929192655356
14,notp_high_tmax,gp,12.293258578303156,1.3857139388970352,2.9817485109382833,2.6307407847908078,ETI,combo_001,0.4103592749166296,0.5896407250833704,0.8207185498332592,0.19523716822824666,0.5117187688212564,148.06063396187756,1.6592668055152429,0.0,0.3470786136563107,0.9999999209999999,0.7200855170732274,0.6644382387635828,0.3450242941030195,0.18968548595658938,148.06063396187756,1.6592668055152429,36.655405460434714
15,notp_high_tmax,gp,15.731279325413423,1.5244484464618222,2.987761521102089,28.739988222550704,ETI,combo_001,0.434439396959192,0.565560603040808,0.868878793918384,0.22240327737352197,0.584582579345324,144.62792724320016,2.947451048777727,0.0,0.756309385499831,0.9999999209999999,0.8187436716990862,0.6643580958727917,0.5123266291204214,0.010118537969997541,144.62792724320016,2.947451048777727,47.001311046179055
16,notp_high_tmax,gp,15.961444100328414,1.5745641192155322,2.966912042721429,25.946996960836202,ETI,combo_001,0.3380685947154234,0.6619314052845766,0.6761371894308468,0.18946776865786766,0.49624432473043445,143.03157507059095,2.5580816472306274,0.41287603523051086,0.7441593274322891,0.9999999209999999,0.66270405588066,0.6332730298510317,0.45754073284209273,0.008917369273013573,143.03157507059095,2.5580816472306274,47.35620072048928
17,misclass_repair,gp,12.299765219446726,1.1828592371907012,2.4870232091328885,23.29556092346542,ETI,combo_001,0.9431888032587494,0.05681119674125057,0.11362239348250114,0.016163596451575776,0.031415066365116026,151.9718577661932,4.385162572291486,0.0,0.01897988705677865,0.9999999209999999,0.09096957357644135,0.7241768969710225,0.20644069669922557,0.7136386736925039,151.9718577661932,4.385162572291486,30.589801567649484
18,misclass_repair,gp,11.988738295681102,1.2478972269806843,2.5863171449238074,4.699295841480575,ETI,combo_001,0.9203113893263435,0.07968861067365651,0.15937722134731303,0.019038808731602592,0.03912684141792228,156.07383166394686,2.8937688308210436,0.0,0.005340141217327371,0.9999999209999999,0.12419272655306345,0.7723344053049849,0.14160386352228282,0.7023927310681708,156.07383166394686,2.8937688308210436,31.00667940012466
19,uncertainty_sparse,gp,10.012994347827059,1.3801498991451644,1.4369658933145792,29.94281407285408,ETI,combo_001,0.10581796908252272,0.8941820309174773,0.21163593816504545,0.36573999276971514,0.9690343687391991,132.5185520867651,3.033378024723341,0.03878646055015163,0.5309817444496172,0.9999999209999999,0.34775621778965643,0.44845849023867046,0.6247979598179701,0.009570719166967816,132.5185520867651,3.033378024723341,14.388331367779141
20,random_check,gp,15.05506445521042,2.1124397270685,2.2603840281273255,1.0366159203719294,ETI,combo_001,0.19526057251016482,0.8047394274898352,0.39052114502032964,0.04277289502642208,0.10278542268547053,126.1910938426981,0.20553797510782862,0.6350704834010988,0.31917436003396354,0.9999999209999999,0.3453729101087428,0.2948444761340235,0.11232296471289237,0.0314438134000269,126.1910938426981,0.20553797510782862,34.03022723698505
