A_Cell_D,C_Barrier_Thx,E_Barrier_Outer_Thx,F_ThermalResin_Thx,B_Barrier_Type,D_Barrier_Outer_Type
16.77615584,0.657681671,2.722168255,2.397046885,A1,PU
16.73456869,1.63687988,1.633240588,1.638829457,A1,PU
16.08048162,0.782688432,2.550857145,1.93971597,A1,Si1
14.638620630000002,2.189869035,1.521183227,1.700442322,A1,Si1
18.07181569,0.524770347,1.64735208,0.764816515,A1,Si1
16.87083475,0.250612783,2.054356229,2.008414261,A1,Si1
16.62961033,1.880202891,2.296969506,0.609144189,A1,Si1
13.71368807,0.400557015,2.080101573,2.462202305,A1,Si1
11.205470142,2.388576472,2.785238038,2.037649385,A1,Si1
14.028938060000002,0.318914166,1.194165499,1.397446517,A1,Si1
14.136769869999998,0.257128353,2.993576787,0.831459978,A1,Si1
13.163958604000001,0.251942428,1.44951294,0.904354792,A1,Si2
12.373453229999999,0.561699732,1.977066462,2.409791143,A1,Si2
11.328170526000001,0.262902426,2.86253203,0.560784172,A1,Si2
14.51274154,1.611778949,2.854543763,1.194277214,A1,Si2
14.06762453,1.440622745,1.530786851,1.012174606,A1,Si2
14.34141731,0.599640954,2.975615899,2.359643906,A1,Si2
17.04629306,1.737292802,2.313884865,0.689707689,A1,Si2
18.79940288,0.348917313,2.701512564,1.718481772,A1,Si2
17.70132044,0.947811771,1.84532328,1.777563456,A1,Si2
17.58092355,2.335729799,2.736900264,2.147569417,A1,Si2
17.94201425,0.276419332,2.838821339,1.135296685,A1,Si3
18.63050098,0.253307799,2.124507799,2.375168834,A1,Si3
17.1298459,1.075680118,2.010184034,2.262444932,A1,Si3
13.244613619999999,0.542554026,2.756589912,1.764546037,A1,Si3
16.82106213,1.229380214,2.899433836,2.337124591,A1,Si3
11.796590721000001,0.769024849,1.423184661,2.295106656,A1,Si3
17.40851726,1.041688263,1.328837814,1.538163581,A1,Si3
11.567924388000002,2.287551346,2.483504887,1.683021085,A1,Si3
13.95541305,0.265774801,1.163809775,0.917384586,A1,Si3
14.99253594,2.094508329,2.630104339,0.679022843,A1,Si3
13.619760450000001,0.322632724,1.23059624,1.949465706,A2,PU
14.20878398,0.388444766,2.410751216,0.653249859,A2,PU
14.750715580000001,1.309742851,2.377436037,2.266637593,A2,PU
18.05609027,0.269047108,2.602397488,2.468686194,A2,PU
18.84347052,1.20548389,2.961742583,2.051140417,A2,PU
15.94338934,0.502664564,2.642446696,1.745784684,A2,PU
11.408203152999999,0.336341253,2.92650417,2.01399067,A2,PU
12.600931425999999,1.540763213,1.671018788,1.203185704,A2,PU
17.758618470000002,0.518459974,1.663479661,1.570648437,A2,PU
15.818358320000002,1.817821594,2.815137091,1.140013845,A2,PU
12.473131258999999,0.331288007,1.865188596,1.286827926,A2,Si1
18.71532463,0.250352382,1.816035144,1.845437049,A2,Si1
18.36012329,2.495568875,2.586978264,2.197455934,A2,Si1
16.39793089,0.90474678,2.998108391,1.921125329,A2,Si1
15.21706185,1.264748479,1.370694142,2.231449373,A2,Si1
13.91773178,0.586163781,2.342360793,2.23030935,A2,Si1
13.325388960000002,0.25141984,2.965475963,0.928642201,A2,Si1
18.60922658,1.573624499,2.8763941,0.601054926,A2,Si1
18.50427781,0.80950198,2.251241416,1.898859952,A2,Si1
15.40105985,1.111618543,1.944167876,1.354851032,A2,Si1
15.07703231,0.889844653,2.106930608,1.614585766,A2,Si2
15.70970948,0.937246511,2.984364221,1.727310428,A2,Si2
17.85341637,1.108812203,1.290500196,0.951601301,A2,Si2
17.60716613,1.38536366,1.705015885,2.493874902,A2,Si2
19.13440997,0.250044672,2.156395756,1.984433846,A2,Si2
12.037500635,0.483005596,2.224752046,2.481664322,A2,Si2
19.06551881,0.792431135,2.619083356,2.098009531,A2,Si2
18.21754631,0.741005884,2.809999751,1.052087859,A2,Si2
11.482002729000001,1.032523113,2.979355092,2.379547534,A2,Si2
11.940513603,2.351309017,2.033983308,2.350207744,A2,Si2
14.56678819,0.269594766,2.67899967,0.970795599,A2,Si3
12.657793089999998,1.942071446,2.935859878,1.66738732,A2,Si3
17.22813873,1.834821008,1.3552146,0.574194114,A2,Si3
18.12553128,0.713289296,2.450782088,1.264231188,A2,Si3
14.331598540000002,1.177040279,2.332549542,1.657828306,A2,Si3
17.79008182,1.685752139,1.888039528,2.15734973,A2,Si3
12.224323946999998,0.444930361,1.467825235,2.173479148,A2,Si3
16.22504411,0.632683605,2.515244585,2.289352106,A2,Si3
12.88595273,0.460922908,1.594305179,0.536013764,A2,Si3
11.713705903000001,2.257721311,1.90123993,2.49155864,A2,Si3
12.530331762,0.92178501,2.572407416,2.435898929,Si1,PU
15.452431270000002,0.416154442,2.50937448,1.494855071,Si1,PU
19.19784895,0.667901357,2.492686893,1.376815604,Si1,PU
15.64163864,0.87431184,1.487112643,0.726231897,Si1,PU
15.89018741,1.976248701,2.688905399,1.995830868,Si1,PU
17.95227176,1.330587296,2.440198501,2.499571875,Si1,PU
12.126764261000002,0.287865374,2.141233074,1.108963213,Si1,PU
14.42026667,1.554717213,2.910707618,1.08992363,Si1,PU
16.1369532,1.932013972,1.758421468,1.965142766,Si1,PU
15.291924170000001,0.37613187,1.606745417,2.48360419,Si1,PU
12.738944416999999,1.348770941,2.703690826,1.448279765,Si1,Si1
13.47337852,0.973973042,1.385962399,1.501055294,Si1,Si1
11.295980838999998,2.422238457,2.996686283,2.250783316,Si1,Si1
17.02056119,1.48485941,2.471032111,1.236515796,Si1,Si1
11.954637126000002,1.170279468,2.186339369,2.332032376,Si1,Si1
12.790926283000001,0.257290413,2.849357983,1.862492639,Si1,Si1
15.35001599,1.718240136,1.797872296,2.075085691,Si1,Si1
16.31995364,0.373010548,1.833024466,1.594236867,Si1,Si1
16.50722262,0.314779463,1.139473486,2.473823173,Si1,Si1
16.23683363,0.72513385,2.831019104,1.809821883,Si1,Si1
14.2244234,0.304599118,1.276279387,0.774940968,Si2,PU
12.948586615,0.572649559,2.77705928,1.879286511,Si2,PU
11.855779275,0.260036215,1.708220132,2.054597458,Si2,PU
19.01455131,0.254277737,2.427243064,1.072675257,Si2,PU
18.54963564,2.003330789,2.583689628,2.318040757,Si2,PU
17.54332908,0.490845892,1.143211399,2.420508113,Si2,PU
14.841638370000002,1.773546878,2.245890145,1.551510056,Si2,PU
16.55650291,0.828912908,1.501871034,1.160284803,Si2,PU
13.4116192,1.012128031,1.557606798,2.311484935,Si2,PU
14.95869325,0.298438762,2.998956581,2.44001307,Si2,PU
12.338295103,1.669358447,2.990418766,2.423722522,Si2,Si2
12.446117339,0.361006836,1.298058883,0.736785741,Si2,Si2
17.36627696,1.465677558,2.952419618,2.386349787,Si2,Si2
15.528214129999999,1.778361247,2.267739574,0.789856393,Si2,Si2
18.4436584,0.555878138,1.768984476,1.828789635,Si2,Si2
16.41918765,0.430191822,2.74830114,1.224349687,Si2,Si2
13.809820160000001,0.273127681,2.869401634,2.182236963,Si2,Si2
13.8600977,0.472286762,2.075385461,2.219935169,Si2,Si2
14.71949112,2.070768931,2.204851272,2.135715952,Si2,Si2
11.684104513000001,2.239274545,2.801671295,0.631867836,Si2,Si2
15.037163320000001,1.424746312,2.668224334,2.078645547,Si3,PU
17.15889953,1.05624275,2.162068925,1.515823215,Si3,PU
13.27453349,0.695796592,1.574776949,2.456949375,Si3,PU
18.87589493,1.250810094,2.772691804,2.486952382,Si3,PU
16.01380849,0.353741239,2.381566852,1.0396576,Si3,PU
14.86374048,2.143403329,1.726923981,1.798781154,Si3,PU
17.448494880000002,0.749027079,1.100360393,2.121244762,Si3,PU
12.850298722000002,1.372214926,1.922553585,0.877608982,Si3,PU
11.536191355,2.020053983,2.969490519,2.408600448,Si3,PU
15.182138470000002,0.308510374,2.729364383,2.278169762,Si3,PU
18.31664968,2.11831754,1.779040768,1.334232366,Si3,Si3
15.56747278,1.510747336,2.192115861,2.203831889,Si3,Si3
16.67577167,0.286784561,1.957538219,0.863500976,Si3,Si3
13.652413,0.990541388,2.932191441,2.449053935,Si3,Si3
13.116157265000002,0.280684413,2.542523717,1.373135591,Si3,Si3
12.229494802000001,1.280287533,2.362152998,1.286003305,Si3,Si3
14.484362780000001,1.143465421,2.94439274,1.429404768,Si3,Si3
15.997355460000001,0.392800991,2.404925715,2.355441441,Si3,Si3
18.270840670000002,1.8949633,2.918199277,2.452109946,Si3,Si3
13.519173930000001,0.340038328,1.214918418,1.90381655,Si3,Si3
15.733820479999999,0.439714663,2.894862314,0.817063793,A1,PU
16.94771502,2.200820337,2.957352237,1.413701521,A1,PU
13.041409570999999,0.295212534,1.410684476,2.497498194,A1,PU
13.575841749999999,0.637133653,2.886602691,1.843221049,A1,PU
11.616658988000001,2.444229612,2.652490647,2.108983389,A1,PU
13.008567501000002,0.686140613,2.021095745,1.477222205,A1,PU
17.285556240000002,0.611691248,2.285151865,1.320040126,A1,PU
18.94725747,0.45436423,1.244248815,0.504218147,A1,PU
12.091448732,0.408443259,2.533371247,1.609394397,A1,Si1
