Eval#,A_Cell_D,B_Barrier_Type,C_Barrier_Thx,D_Barrier_Outer_Type,E_Barrier_Outer_Thx,F_ThermalResin_Thx,TP_NoTP,MaxT_TB,MaxT_Adj,MaxT_Adj_Y,MaxT_Adj_Z,Max_Power,Time_MaxT,Time_Max_Power,Time_TP,
1,12.49516417,Si1,1.065685793,Si1,2.757777081,2.472249461,0,360.9369783,265.2215126,0.001516146,0.055343849,1002.372406,236.3,91.2,,Initial
2,13.60289153,Si1,1.232379778,Si1,1.791011639,2.490497408,0,375.3898932,269.0235729,-0.000330922,0.055216547,1067.234939,242.3,96.8,,
3,11.54301664,Si1,0.832240359,Si1,1.929074394,0.876228667,0,364.1952641,284.15683,0.001397127,0.055413117,1021.444996,198.9,86.4,,
4,11.95834526,Si1,0.630832092,Si1,2.859924113,1.407055024,0,373.994549,282.3659108,-0.001449043,0.055281819,1054.14863,204.9,87.8,,
5,10.99971804,Si1,0.653623945,Si1,1.885812382,1.498664515,1,374.0934209,885.3445684,0.008772819,0.040142293,1023.010462,157.000002,83.9,,
6,10.63940206,Si1,0.604259263,Si1,2.562426591,1.753868061,1,366.6855404,1033.012354,0.000770505,0.043918785,999.6288671,169.000002,81.5,,
7,13.24242994,Si1,0.960654719,Si1,2.82209995,0.945307316,0,367.0156109,269.3187631,-0.001609554,0.055434325,1062.510637,221.1,94.5,,
8,15.50566817,Si1,0.378909762,Si1,2.158221953,2.322899401,1,445.844427,580.0522311,-0.002649442,0.048825436,1402.800679,157.000002,97.2,,
9,8.371000135,Si1,0.886820718,Si1,2.213556803,1.582883802,1,323.8675239,584.127753,-0.000200125,0.045028125,833.6470488,159.000002,73.7,,
10,15.29745022,Si1,0.516167697,Si1,1.627551111,0.730133722,1,440.124365,950.5224787,0.007092439,0.045167636,1395.286527,157.000002,98.3,,
11,14.60563961,Si1,0.576102125,Si1,1.497745196,2.176970275,1,438.9802119,826.7097587,-0.000355991,0.045922839,1341.222838,153.000002,96.1,,
12,13.90415651,Si1,1.312493418,Si1,2.087070714,2.039159669,0,368.8299465,264.8468124,-0.000338454,0.055164774,1060.390594,248.8,98.3,,
13,14.17510608,Si1,0.534711624,Si1,2.273982901,1.277394359,1,416.1134935,612.087796,0.005178416,0.045224835,1240.548266,161.000002,94.6,,
14,12.74537761,Si1,0.603772511,Si1,2.67494356,2.357745042,0,391.8885594,283.4656292,0.001547422,0.055294116,1115.014304,219.7,89.9,,
15,13.67323083,Si1,1.430206758,Si1,1.681918017,0.793759527,0,355.0483223,263.8488818,-0.000332681,0.055362502,1025.726722,227.7,98.4,,
16,9.734218718,Si1,1.106563443,Si1,2.964493922,2.107040438,0,320.9208067,269.2131505,0.001639439,0.055386249,833.1507021,205.2,79.8,,
17,11.06043499,Si1,0.716487261,Si1,2.417900697,2.413725059,0,367.3744497,281.8648987,0.002406247,0.055288157,996.4057561,203.4,83.7,,
18,15.35383832,Si1,0.544031315,Si1,2.509681522,1.935135943,1,425.843092,595.7586604,-0.000374696,0.043839432,1315.496693,201.000002,99.5,,
19,15.6745359,Si1,0.813802406,Si1,2.602200713,0.920053039,0,411.9133026,267.2851061,-0.000382714,0.055305372,1258.147672,237.6,103,,
20,11.63464243,Si1,1.533137868,Si1,2.722728361,1.899891878,0,319.9300363,252.8751355,-0.00140858,0.055358173,853.1324869,241.3,89.2,,
21,9.066963291,Si1,0.356830269,Si1,1.675784591,1.426011047,1,373.658858,1016.57922,0.000217524,0.050683092,998.3111901,97.000002,75.3,,
22,13.44377164,Si1,0.524190542,Si1,2.177472834,2.44656053,1,416.4509439,576.5903564,0.005558052,0.040214143,1197.614027,181.000002,91.7,,
23,10.80084342,Si1,0.912411599,Si1,1.343782688,2.261104933,1,366.059186,1039.822171,0.000260871,0.044087199,997.6339585,178.000002,85.1,,
24,12.30159856,Si1,0.715282625,Si1,2.940733777,2.072978251,0,375.5484356,278.5370375,0.00149195,0.055201877,1060.802263,219.5,89.6,,
25,8.804015526,Si1,1.718643963,Si1,1.44311328,1.788289259,0,282.2767013,254.6679107,0.000210951,0.055384516,708.3246173,193.3,78,,
26,12.95300209,Si1,0.663049437,Si1,2.020375241,1.851985386,1,398.8717811,876.1019323,-0.02926478,0.034928931,1145.817225,198.000002,91.4,,
27,15.79123856,Si1,0.481187399,Si1,2.845225084,1.563168353,1,424.7622051,502.9923744,-0.000385631,0.045118827,1350.684489,209,98.7,,
28,8.676972128,Si1,0.670483415,Si1,1.141385036,0.769348326,1,352.3398792,1017.748127,0.000207774,0.046333658,900.5175397,104.000002,69,,
29,10.06483844,Si1,0.562212303,Si1,1.834377388,1.998515708,1,373.8214215,690.9013582,0.001212355,0.041462541,1000.835136,128.000002,79,,
30,9.210980778,Si1,0.449744915,Si1,2.983407577,2.397904206,1,364.0247565,934.5097383,-0.007739358,0.039581286,964.7751065,128.000002,73,,
31,8.540852329,Si1,1.894713891,PU,2.991164587,0.682360961,0,260.6085904,245.6235052,0.000613114,0.055340119,659.0712242,191.9,75.9,,
32,11.84377741,Si1,0.778702408,PU,2.527897094,1.155674827,1,380.015393,525.5589688,-0.024964165,0.039311386,1087.597312,175.000002,85.5,,
33,14.81204844,Si1,0.411772632,PU,1.974957027,2.293504636,1,457.298388,1008.03238,0.002528059,0.045143906,1381.199507,136.000002,93.5,,
34,12.58608793,Si1,1.263729586,PU,1.32812667,0.974950651,0,363.4183499,274.0301613,-0.000305502,0.055245198,1039.377355,210.7,92.1,,
35,10.23759475,Si1,1.636691961,PU,2.107404765,2.165370415,0,311.0496482,259.796669,0.001727528,0.055390452,797.5636882,207.5,83,,
36,9.576880978,Si1,0.424467511,PU,2.252287841,1.653169406,1,376.9965765,927.3329303,0.000230272,0.046284672,1014.686866,100.000002,76.2,,
37,14.11038378,Si1,0.571702123,PU,2.342565194,1.963596599,1,432.1945103,903.5344448,-0.006528581,0.045012845,1328.95802,145.000002,91.6,,
38,15.17249458,Si1,1.215299051,PU,2.976288691,2.49733712,0,401.6741619,263.3503802,0.000370162,0.055142007,1186.418749,258.7,102.8,,
39,12.87688545,Si1,1.365483221,PU,2.634430011,2.324795221,0,360.3675305,264.2194619,-0.000312772,0.055273947,1000.313712,233.4,92.3,,
40,9.910603468,Si1,0.739512669,PU,2.997374104,1.516584068,1,358.6426745,584.4306541,0.002624765,0.042234855,963.3901736,143.000002,78.5,,
42,10.41484479,Si1,0.647026837,PU,1.217871072,2.378110028,1,381.1431115,666.616004,0.000251221,0.048485653,1042.060405,100.000002,73.9,,
43,12.09858022,Si1,0.478399995,PU,2.701363005,2.126515193,1,414.0998071,899.344386,-0.000879944,0.043703861,1205.269121,129.000002,84.9,,
44,9.675620921,Si1,0.98792204,PU,1.183543865,1.189145466,1,350.2500571,974.3623839,-0.010938804,0.043056993,905.000596,126.000002,72.8,,
45,8.06019862,Si1,0.78869847,PU,1.25447499,0.610255496,1,338.2509983,900.5519734,0.000192355,0.047126975,843.8707609,110.000002,71.2,,
46,13.76074096,Si1,1.014253551,PU,1.753918208,2.233039528,0,401.45397,279.6535216,-0.000334869,0.055209217,1213.901207,225.5,93.8,,
47,14.77991196,Si1,1.173209052,PU,2.904484593,1.077986344,0,386.2182987,268.5974393,-0.000360348,0.055136429,1163.857539,234.1,100.9,,
48,14.29465447,Si1,1.521996374,PU,2.491628144,1.325357677,0,363.6559913,261.2459658,0.002437514,0.055259084,1062.609675,239.8,99.6,,
49,10.28895136,Si1,0.682214066,PU,2.437545541,1.699119334,1,373.9438286,936.0495258,0.000744221,0.041924464,1007.644593,136.000002,80.2,,
50,13.11679385,Si1,0.675377244,PU,1.552305526,1.674215959,1,416.4519824,551.1593235,-0.00031877,0.046221628,1203.646106,145.000002,92.9,,
51,10.73545038,Si1,0.636399787,PU,2.925821985,0.565976266,1,369.3566304,528.8310965,0.002851599,0.041737036,1031.30615,142.000002,81.3,,
52,8.985290483,Si1,0.943535211,PU,2.382019031,0.545309521,1,334.5730729,1073.363105,-0.000215482,0.047621577,862.9844182,147.000002,75,,
53,8.477938018,Si1,0.501974534,PU,2.767433724,1.23392296,1,355.7362769,622.4422913,0.001013993,0.045629663,928.346916,103.000002,72.6,,
54,15.87667106,Si1,1.386648823,PU,2.911300349,2.205784302,0,390.6276589,262.9012087,0.000387767,0.055281439,1187.169131,272.2,107,,
55,15.03765683,Si1,0.273224475,PU,1.53007673,1.103543277,1,466.8105543,1022.722806,0.001100375,0.047316104,1445.258275,123.000002,94.8,,
56,11.30919716,Si1,0.59282598,PU,1.863569911,1.812573602,1,398.3516007,806.7907791,0.0013679,0.04404638,1108.475466,127.000002,84.3,,
57,12.17183304,Si1,1.043791885,PU,2.874388169,2.028167818,0,369.8624335,273.5725883,0.001475729,0.055198562,1029.211708,219.1,88.5,,
58,11.43860725,Si1,0.616126384,PU,2.800402949,2.487719976,1,392.1134887,946.9791251,0.001384076,0.040691831,1097.088575,154.000002,83.5,,
59,8.199383897,Si1,0.437276158,PU,1.377955802,2.425239004,1,361.9959191,581.3761913,-0.000195835,0.051896143,941.8254285,92.000002,72.2,,
60,9.430440291,Si1,1.152177951,PU,2.659765278,2.465270549,0,330.7429708,276.4936256,0.002039499,0.055396542,847.8995946,187.3,77.1,,
1,9.454516812,Si1,0.704645684,Si1,2.908515232,0.986311601,1,339.3725782,598.7658838,-0.000227213,0.042943257,913.4081608,159.000002,77.6,,Itr_1
2,9.209084471,Si1,0.760345726,Si1,2.759621556,0.879980971,1,333.2827753,579.9369509,-0.009506311,0.040014937,887.2415173,166.000002,76.5,,
3,9.078328609,Si1,0.733042037,Si1,2.946453623,0.755936154,1,331.8765355,1002.639105,0.000217808,0.046393157,886.1739905,157.000002,76.2,,
4,8.734976394,Si1,0.784127961,Si1,2.897042465,0.804867966,1,324.7401741,931.7840603,-0.000209225,0.042054125,855.7072884,167.000002,72.2,,
5,15.94052675,Si1,0.676812581,PU,2.806172472,2.302029449,1,436.8073538,529.8164825,-0.000389363,0.0455555,1397.045205,198.000002,101.3,,
6,10.34520071,Si1,0.631386696,Si1,2.918077571,0.613277388,1,349.0919751,950.0800227,-0.00274428,0.03767148,962.9750737,162.000002,81,,
7,12.64066419,Si1,0.950744049,Si1,1.292510009,1.313394875,1,382.8636023,576.7764259,0.040199525,0.036517125,1061.104273,207.000002,86,,
8,10.23611342,Si1,0.797871794,Si1,2.149150635,0.506317296,1,343.8282017,949.9467486,0.009129852,0.042688226,938.1135176,164.000002,81,,
9,15.25309902,Si1,0.676534658,PU,2.822763552,2.339977674,1,430.6762352,867.6847048,-0.000372178,0.040567348,1341.16133,194.000002,98.3,,
10,15.69849461,Si1,0.752574127,PU,2.366178733,2.462536734,1,433.8267969,508.5117064,0.000383312,0.045614158,1383.279969,200,100.7,,
11,10.29484076,Si1,0.652583369,Si1,2.75909886,2.113774311,1,357.9663255,999.5243449,0.009680619,0.040460023,966.8617589,179.000002,80.9,,
12,11.51866801,Si1,1.072443798,Si1,1.15773035,1.263005896,0,364.1421965,284.8933776,0.001394084,0.055352853,971.0141663,195.5,82.8,,
13,15.71632611,Si1,0.697913984,PU,2.819093468,2.472005251,1,434.6892995,576.024233,0.000383758,0.044899715,1373.419958,197.000002,100.4,,
14,13.87784765,Si1,0.674317709,PU,2.932403146,2.091785876,1,414.8927325,585.0978814,-0.001013389,0.042224531,1236.383377,176.000002,93.2,,
15,11.9527146,Si1,0.866932361,PU,2.336186913,2.217118761,0,382.6200259,284.4095359,-0.000289668,0.055268448,1083.390482,206.5,86.4,,
16,9.945703901,Si1,0.728870859,Si1,2.56694467,0.677836682,1,342.2875723,951.7059235,-0.000239493,0.042390173,933.3821129,159.000002,79.6,,
17,11.28418233,Si1,0.814551537,Si1,1.856844474,0.895757216,0,362.9578978,284.7226064,0.002456591,0.055318405,1009.353432,196.4,85.4,,
18,11.97144787,Si1,0.67521127,Si1,2.885076014,1.496527787,0,372.3234102,279.5414514,-0.001450681,0.055312939,1043.018248,209.1,88.2,,
19,8.117265345,Si1,0.65541516,Si1,2.991193639,0.788599821,1,329.8671223,871.3192078,0.000193782,0.041663076,857.5392639,129.000002,72.3,,
20,11.21949786,Si1,1.349643059,Si1,2.636047203,1.477387523,0,323.0890494,260.1646014,0.002442038,0.055426425,866.3843268,226.9,86.8,,
1,14.44570289,Si1,1.127704252,Si1,1.116401461,2.070321165,0,400.986818,283.0942508,0.000351993,0.055205415,1159.752244,229.1,93,237.000002,Itr_2
2,13.23878226,Si1,0.867727118,Si1,1.598756667,2.072333551,0,396.736225,283.0380115,-0.001609098,0.055426481,1144.459885,224.3,94.2,231.000002,
3,15.7961469,Si1,0.970852102,Si1,1.606102177,1.684762414,0,418.7366578,283.2035505,0.000385754,0.055138516,1295.970929,259.5,105.8,267.000002,
4,14.54191172,Si1,1.096192086,Si1,1.17877237,2.260599311,0,403.6049537,284.0786631,0.002480784,0.055393025,1166.693626,233.8,92.9,241.000002,
5,13.91282607,Si1,0.833934613,Si1,1.747825135,2.172114777,0,404.6580738,282.8112791,-0.000338671,0.055182331,1188.656999,233.5,96.6,241.000002,
6,9.14507984,Si1,1.397612375,PU,1.164492177,2.474842545,0,309.6046425,273.4778776,-0.000658431,0.055404102,779.3294494,168.3,73.1,201.000002,
7,8.802263676,Si1,1.41541476,PU,1.26375574,2.484720592,0,306.136116,270.1679496,0.000210907,0.055378752,765.3654112,170.9,74.6,201.000002,
8,9.406657375,Si1,1.349914613,PU,1.206851585,2.428198441,0,316.1910026,277.1047941,-0.00067805,0.055324013,801.9274352,170,72.8,201.000002,
9,8.970784948,Si1,1.293332197,PU,1.566266032,2.313094488,0,318.026808,275.2002149,-0.000645359,0.055285296,798.4798904,175.4,76.6,201.000002,
10,10.88312966,Si1,1.042944655,PU,1.64738265,1.665442934,1,357.621085,911.564777,0.000788785,0.040753879,983.1688155,183.000002,84.1,183.000002,
11,11.77120916,Si1,0.903716276,PU,2.013327576,0.850239091,1,372.5465234,808.3415898,0.031649455,0.03792232,1077.062424,178.000002,85.5,178.000002,
12,11.34429514,Si1,0.792777133,PU,2.884328355,0.965645731,1,368.3612588,560.03309,0.010703843,0.035405018,1037.874996,194.000002,83.8,194.000002,
13,15.84599403,Si1,0.654514106,Si1,2.964878313,2.301019297,0,414.7704154,283.7170711,0.000387,0.055226982,1312.162181,267.7,102.5,275.000002,
14,13.87305012,Si1,0.828311041,PU,2.576551261,2.486761632,1,409.3301266,551.2853434,-0.027351776,0.033429949,1213.478957,226.000002,94.3,226.000002,
15,11.8240527,Si1,0.773310662,PU,2.825580569,2.034109142,0,383.0972791,284.3600753,0.002578062,0.055249327,1075.110421,206,85.3,212.000002,
16,9.990260469,Si1,1.238200696,PU,1.449723272,2.247747688,0,336.6872329,279.7753709,-0.001684246,0.055419748,873.8675828,187,82.1,201.000002,
17,11.39944764,Si1,1.156979651,Si1,1.162721025,1.271703545,0,356.2161869,280.2574375,0.002482526,0.055333625,937.1059653,197.6,83.1,203.000002,
18,11.24957929,Si1,1.020455127,Si1,1.203848186,1.261467683,1,362.2199301,851.7053362,-0.010067312,0.039997157,963.3271865,179.000002,81.4,179.000002,
19,8.077111528,Si1,0.26062276,PU,1.153069751,1.02264498,1,406.4014517,561.7689591,0.001735,0.005590555,996.5199846,66.000002,61.5,66.000002,
20,14.24038675,Si1,1.166894662,Si1,2.077194669,2.134440463,0,382.0075466,269.4849998,0.002428018,0.05515192,1112.886868,249.1,100.4,257.000002,
1,13.07991151,Si1,0.98995982,Si1,1.227551252,0.57450861,0,380.9564596,282.9639111,0.001589239,0.055402759,1082.669836,198.2,87.6,205.000002,Itr_3
2,11.59716218,Si1,0.749987548,PU,2.945467538,2.354427476,1,381.9299798,946.1274778,-0.010388825,0.035658939,1064.054957,202.000002,84.6,202.000002,
3,11.85863792,Si1,0.794607572,PU,2.78948706,1.601176619,1,380.6854523,527.1956938,0.033615966,0.037063758,1077.622172,194.000002,85.6,194.000002,
4,14.50517256,Si1,0.645384201,Si1,2.504354529,0.639435453,0,402.5769513,283.5602467,-0.000353479,0.055321382,1221.505054,217.1,96.9,225.000002,
5,11.43472274,Si1,0.945239448,Si1,1.485437973,0.531307778,0,358.1002671,283.6168382,0.002490463,0.055421808,1009.283349,196,86.5,202.000002,
6,8.332987067,Si1,1.288879812,PU,1.575827349,0.710638666,0,299.1721691,276.0117979,0.000995874,0.05543529,758.0483704,164.4,73.9,201.000002,
7,14.55819214,Si1,0.627661419,Si1,2.60877563,0.617539996,0,403.1498806,284.4892731,0.002483633,0.055424771,1224.393,217,96.9,224.000002,
8,8.721006898,Si1,1.276634938,PU,1.521376585,0.605571727,0,304.3780479,277.8305929,0.000626626,0.055321533,780.8313787,168.6,75.2,201.000002,
9,14.17614515,Si1,1.03514094,PU,1.744125727,1.371713048,0,401.0930024,283.3770717,0.002416776,0.0553703,1229.801154,223.3,95.7,230.000002,
10,11.69529104,Si1,0.83697941,PU,2.491316244,1.760912232,1,378.3291263,913.6054987,-0.008213736,0.03483757,1068.226884,205.000002,85.1,205.000002,
11,8.258607739,Si1,1.321752945,PU,1.425701819,0.971619216,0,298.0411241,274.2013332,-0.000591946,0.055374135,750.9232398,163,73.8,201.000002,
12,8.076766559,Si1,1.219209565,PU,1.869148606,1.351780461,0,304.8604531,276.5352553,0.002120462,0.055316003,753.9317291,162.3,72.6,201.000002,
13,15.76985046,Si1,0.919409158,Si1,1.35864212,2.465286049,1,431.5770622,917.5943331,0.000385096,0.038894721,1342.849998,219.000002,106.5,219.000002,
14,13.67728957,Si1,0.77489739,Si1,1.812538212,1.284222011,1,400.6119311,846.2902068,0.024958669,0.032945443,1183.386676,210.000002,95.1,210.000002,
15,11.93910776,Si1,0.7018924,Si1,2.069095869,2.33935541,0,384.2298315,284.9742842,-0.001446639,0.055236132,1071.660859,211.3,87.7,218.000002,
16,9.992472605,Si1,0.952707422,PU,2.379606768,1.889296656,1,350.43092,873.0076414,-0.000240662,0.041634483,925.8957658,176.000002,80.1,176.000002,
17,11.32609822,Si1,0.977252794,Si1,1.180513115,1.17519742,1,367.0558567,901.3219294,0.002466023,0.043018393,978.6260263,166.000002,81.7,166.000002,
18,10.83553945,Si1,0.650975953,Si1,2.400359264,2.458087857,0,369.6356158,284.7000084,0.000261739,0.055232543,1006.70706,198.7,82.5,205.000002,
19,8.16981682,Si1,0.259278526,PU,2.189881249,0.529080542,1,360.9241221,609.2872319,0.000195096,0.051310117,968.891158,84.000002,69.9,84.000002,
20,12.33972665,Si1,1.104132465,Si1,1.3236876,0.978975564,0,366.192031,277.5196714,-0.001496716,0.055289571,1043.045506,211,91.6,218.000002,Itr_4
1,13.91644543,Si1,0.777451934,Si1,1.834228244,0.654140949,0,397.7457914,283.2711243,0.000338761,0.055189661,1183.783697,210.1,96,217.000002,
2,15.27950584,Si1,0.802985478,Si1,1.828062846,0.510823653,0,411.8528254,282.7501233,0.000372838,0.055339994,1272.884679,227.6,101.7,235.000002,
3,10.90248335,Si1,0.726981519,Si1,2.067943887,1.686291218,1,365.93299,977.8450048,0.001843884,0.033453324,1005.575717,181.000002,83.6,181.000002,
4,11.62059322,Si1,0.982730144,PU,1.844087765,2.451072153,0,375.4440615,283.7051461,0.000281365,0.055323753,1049.82708,203.5,86.2,210.000002,
5,15.50297621,Si1,0.726578347,Si1,2.103979977,1.478863562,1,421.69123,911.7030079,0.004919519,0.037464026,1297.844057,221.000002,101.6,221.000002,
6,15.53887925,Si1,0.726486469,Si1,2.099370773,2.366734778,1,425.6955988,549.3934912,-0.000379322,0.041346098,1310.250812,223.000002,102,223.000002,
7,12.2481772,Si1,0.920743372,PU,1.969182683,2.373476047,0,386.6981515,283.2970399,0.001485272,0.055376062,1111.240044,211,87.2,218.000002,
8,11.30528698,Si1,0.956958025,PU,2.128410891,2.086676398,0,367.7969928,283.7059838,0.00246134,0.055371707,1020.715796,200.6,84.2,206.000002,
9,10.90189746,Si1,0.998224767,PU,2.073702571,2.286182268,0,362.1963924,282.0292447,0.000263398,0.055406738,980.2555804,199,83.7,205.000002,
10,10.67194747,Si1,0.767451664,Si1,2.06600202,1.537045048,1,359.1215927,910.1927712,-0.000257649,0.038904961,978.9426268,184.000002,82.7,184.000002,
11,9.844373593,Si1,1.072952949,PU,1.967207118,2.405896468,0,344.1459905,283.7654387,-0.000710878,0.055237273,902.855671,183.6,80,188.000002,
12,8.016128864,Si1,1.202529045,Si1,1.334492409,0.612772515,0,298.3053423,277.9168744,-0.001721279,0.055290468,747.7476139,164.9,74.3,201.000002,
13,9.427058649,Si1,0.861919557,Si1,2.82078324,2.487528445,0,336.7502107,279.3851172,0.002038739,0.055386233,877.0813278,192.1,77.9,201.000002,
14,8.368896265,Si1,1.227272557,Si1,1.126242457,0.75371892,0,299.194279,276.2396186,0.000200073,0.055360005,753.6150757,161.5,69.6,201.000002,
15,15.99185854,Si1,0.871416724,PU,2.865332724,1.870667941,0,426.9272509,277.3833704,-0.000390647,0.055095255,1334.110495,258.7,103.1,267.000002,
16,13.96580191,Si1,0.885439604,PU,2.544454148,1.843517275,0,405.0199172,284.2395023,0.000339995,0.055289595,1205.421933,226.8,95.4,234.000002,
17,11.88631635,Si1,0.515519353,Si1,2.93656055,2.129931783,0,384.2184699,284.5198441,-0.00144004,0.055398758,1080.200494,209.5,86.4,217.000002,
18,9.87760257,Si1,0.913129323,Si1,2.118345209,2.426252629,0,344.3819531,281.1469918,0.00166453,0.05533364,898.6149515,192.1,79.8,198.000002,
19,15.75436788,Si1,0.69396048,Si1,2.949889141,2.392293028,0,411.129846,279.8354023,0.000384709,0.055064357,1288.258859,269.6,102.4,278.000002,
20,15.97283815,Si1,0.949692246,Si1,1.300249737,2.403288797,1,427.9017405,526.4243905,0.007413249,0.040967955,1293.217434,215.000002,98,215.000002,
21,15.93194945,Si1,1.995962565,Si1,2.939585443,0.698058674,0,348.8949045,230.3366474,0.000389149,0.055379561,1009.955709,271.5,111.1,282.000002,
22,10.77472602,Si1,0.556080601,Si1,1.463710157,2.432120165,1,390.8244697,839.2564964,0.001821528,0.041895138,1061.865796,131.000002,83.9,131.000002,
1,15.40154821,Si1,0.789994775,PU,2.323404217,0.662406689,1,420.9046211,926.4823212,0.000375889,0.034205876,1339.175827,215.000002,99.8,215.000002,Itr_5
2,15.06063858,Si1,0.790202334,PU,2.34707222,0.62526591,1,417.7813849,554.4796855,-0.001102098,0.039308162,1314.298943,208.000002,98.5,208.000002,
3,15.9045163,Si1,0.739253646,PU,2.439871738,0.520764759,0,428.6369794,282.97368,-0.000388463,0.055330873,1385.496211,226.2,101.6,233.000002,
4,13.48140692,Si1,1.071066547,PU,1.174777175,1.798513209,0,397.1136737,284.3697919,-0.000327885,0.055292361,1126.930399,207.5,87.2,214.000002,
5,13.21637811,Si1,1.072271231,PU,1.197705755,1.785639141,0,392.8632638,284.4974751,-0.000321259,0.055378313,1103.885314,205.7,86.2,213.000002,
6,11.36352905,Si1,1.0624134,PU,1.577584073,0.610278891,0,354.8480064,284.2610169,0.000274938,0.055243825,1001.477206,192.3,86.2,197.000002,
7,9.589230055,Si1,0.909371849,Si1,2.128297567,1.95987338,0,340.21221,282.4138457,0.002075227,0.05541969,886.3883943,188.9,78.7,194.000002,
8,11.37407448,Si1,0.763617499,Si1,2.124585434,1.94062436,0,370.105564,284.0749047,0.001376009,0.055270175,1018.1478,204.3,85.1,211.000002,
9,11.40426329,Si1,0.920832733,Si1,1.664539545,1.830123106,0,366.4492481,281.2563686,0.002483609,0.055345658,1004.617818,207.3,86.4,214.000002,
10,11.59005522,Si1,0.750702804,Si1,2.264944603,1.443989163,0,370.3406031,281.868176,0.001403007,0.055248935,1022.096809,205.5,85.6,212.000002,
11,10.59219942,Si1,0.999397667,Si1,1.152991192,0.812184247,1,352.1690212,858.9522619,0.000766965,0.045762245,936.041286,151.000002,78.1,151.000002,
12,9.575003037,Si1,0.950053514,Si1,2.014282415,1.752509343,0,337.0424591,281.927104,0.002072025,0.055377,876.6243441,188.5,78.7,194.000002,
13,9.404878788,Si1,1.057990761,Si1,1.514254062,1.862527394,0,333.6766913,283.3563335,-0.000677916,0.055318584,868.1834316,183.1,78,188.000002,
14,9.143459488,Si1,0.935200025,Si1,2.102489273,2.073012533,0,334.1426364,283.4803307,-0.00065831,0.055398999,864.7740455,183.3,76.7,188.000002,
15,15.98699135,Si1,0.760847496,PU,2.786368571,1.162305709,0,428.7951544,280.8678106,-0.000390525,0.055086733,1371.536449,240.4,102.1,248.000002,
16,13.95151808,Si1,0.836233846,PU,2.825356957,2.258623674,1,409.4056102,527.4216972,-0.026831402,0.031586334,1218.809842,235.4,94.3,235.4,
17,11.87471369,Si1,0.589445849,Si1,2.147315889,2.497347025,1,391.5511506,877.5110742,0.023880582,0.035964731,1086.588228,177.000002,85,177.000002,
18,9.973421096,Si1,0.638943298,Si1,2.928297126,2.478759423,1,355.7423844,910.5238243,0.000720557,0.039630608,950.4261851,172.000002,79.7,172.000002,
19,15.25135761,Si1,0.745185201,Si1,2.050812275,1.533665069,1,417.758444,842.3905161,0.000372134,0.036841266,1282.863874,224.000002,101,224.000002,
20,11.58914386,Si1,0.759412684,PU,2.962953811,2.459384004,0,382.4253342,284.9485127,0.001402893,0.055246703,1061.676781,204.9,84.6,212.000002,
21,15.2593202,Si1,1.977041325,PU,1.159742584,2.472436839,0,361.2965707,254.8072979,0.000372333,0.055302642,1016.820012,259.1,98.2,268.000002,
22,10.35767076,Si1,1.303543451,Si1,2.332134603,1.18611004,0,314.4634287,264.2823196,0.002248126,0.055227093,831.8905125,210.1,82.5,216.000002,
1,13.18351564,Si1,0.476879305,Si1,2.950939235,0.97730836,1,397.757032,886.5212298,-0.01377883,0.03364598,1157.650609,188.000002,90.5,188.000002,Itr_6
2,15.2855197,Si1,0.590363492,Si1,2.664887473,1.100060159,1,416.0726059,894.2108523,-0.00559482,0.03916374,1294.430938,205.000002,99.6,205.000002,
3,13.59593358,Si1,0.495291181,Si1,2.91239867,1.01552444,1,399.9457858,880.8510829,-0.002976734,0.039359042,1181.11556,172.000002,92,172.000002,
4,14.31240387,Si1,0.526800656,Si1,2.913908007,1.428543172,1,407.1234957,934.8054898,0.00453258,0.03591198,1226.67364,195.000002,95,195.000002,
5,15.51130038,Si1,0.959867608,PU,1.96326713,2.458209077,1,423.3303714,559.9176405,0.000378633,0.039756413,1340.543418,225.000002,101.6,225.000002,
6,11.44535656,Si1,0.829138704,Si1,1.72093207,1.145548873,0,367.1750926,283.9288137,0.00138492,0.055171409,1024.111155,198.9,86.2,205.000002,
7,11.8231766,Si1,1.045278436,Si1,1.126532208,1.562394333,1,370.9480536,970.5474688,0.023200783,0.036376537,1000.747658,193.000002,83.3,193.000002,
8,10.39405512,Si1,0.912514792,Si1,1.743238171,0.729859669,0,343.9170528,284.1718576,-0.001754911,0.055327165,926.7857174,189,82.5,195.000002,
9,10.23474041,Si1,0.839176632,Si1,2.126943954,1.010266646,1,345.9111612,845.7693149,-0.000740156,0.039228242,933.1557173,181.000002,81,181.000002,
10,8.273551543,Si1,1.03447117,PU,2.993400399,1.304511683,0,317.2930329,283.0164465,0.000197689,0.055426425,804.0051001,168.6,72.9,173.000002,
11,9.214904316,Si1,1.114278836,Si1,1.121347953,2.341592258,0,331.8685998,284.9318143,-0.000663668,0.055402813,841.4722029,169.7,73.3,174.000002,
12,9.544915916,Si1,0.742295648,Si1,2.958574445,2.451788308,0,343.9318088,282.7785608,-0.000688419,0.05528676,907.3864937,189.9,78.1,195.000002,
13,15.91781391,Si1,1.011841025,PU,1.487143196,2.297736468,1,429.2378306,586.9607518,-0.000388795,0.042378682,1394.337679,218.000002,105.4,218.000002,
14,13.88886555,Si1,1.063220778,PU,1.221172473,2.390887041,0,402.9382899,283.7204132,-0.000338072,0.055133812,1159.231353,217.5,88.7,225.000002,
15,11.92889038,Si1,0.508914899,Si1,2.825672635,2.335557432,0,386.8344467,284.8641923,-0.001445361,0.055211864,1086.599792,210.1,86.3,217.000002,
16,9.947937043,Si1,0.950297145,PU,2.605597265,2.499295118,0,351.2997175,283.6955162,-0.00167684,0.055298078,920.7992875,188.1,79.7,193.000002,
17,10.51798946,Si1,0.633034605,Si1,2.356952197,2.41433724,1,367.7269572,846.6896198,0.0002538,0.042892158,993.2576964,168.000002,81.5,168.000002,
18,15.92794197,Si1,0.76499303,PU,2.776086256,1.264972196,1,427.706501,527.2850338,0.004279534,0.043184384,1366.430377,215.000002,102,215.000002,
19,8.453771432,Si1,0.267029032,Si1,1.130929037,2.458920092,1,571.6320645,924.7591082,0.000202194,-0.001010971,1005.080984,69.000002,62.3,69.000002,
20,10.64317512,Si1,1.909594844,PU,2.913207073,2.252177508,0,297.1490543,247.3780096,0.001284648,0.055241457,754.9796054,228.7,85.3,236.000002,
1,14.21933944,Si1,0.875633405,PU,2.3212883,1.337880073,0,406.6639306,284.9036331,0.002424335,0.055110347,1236.570623,220.4,96,227.000002,Itr_7
2,11.93183212,Si1,1.006523977,Si1,1.143881413,0.765553126,1,368.946216,631.2719881,0.030938601,0.039612975,1009.323498,174.000002,83.5,174.000002,
3,14.39737002,Si1,0.89782747,PU,2.363695935,1.896521777,0,410.0197733,284.703596,-0.00245549,0.055111172,1246.186736,232,96.9,239.000002,
4,13.79137828,Si1,0.867009323,PU,2.310608367,1.802432988,1,405.7581029,642.9795252,-0.022487512,0.033899085,1209.964598,212.000002,94.2,212.000002,
5,12.03898746,Si1,0.754280327,PU,2.772834887,2.250599915,0,388.1045211,284.7400396,0.000291825,0.055181519,1097.874245,207.8,85.8,214.000002,
6,11.56041398,Si1,0.69266827,Si1,2.195672803,1.106434328,1,372.0061876,608.3371501,-0.03218394,0.037221427,1038.419759,184.000002,86.4,184.000002,
7,14.13339081,Si1,0.942071431,PU,1.762460684,0.928391392,1,403.2674068,523.2339229,0.004474402,0.041646355,1265.62982,188.000002,94.8,188.000002,
8,11.82824913,Si1,0.715932096,Si1,2.027735243,1.199766475,0,377.4340386,284.9887206,0.002579006,0.055259398,1056.59778,202.8,86.1,209.000002,
9,11.72426115,Si1,0.979558603,PU,1.792544549,1.623291119,0,372.9499349,284.6447206,0.001419783,0.055293783,1056.003534,201.1,86.3,207.000002,
10,14.33342771,Si1,0.838805769,PU,2.558720681,1.25260745,1,407.9415255,579.5393722,-0.001745929,0.038759618,1243.290052,198.000002,96.3,198.000002,
11,9.862887473,Si1,1.050109958,PU,2.187092268,1.207612589,0,338.2836615,283.7557834,0.001661956,0.055290981,895.8691228,182.8,79.6,188.000002,
12,9.863695151,Si1,1.002064456,PU,2.426117063,1.489334994,1,341.2119564,1033.204349,0.000712328,0.041077553,906.2711446,181.000002,79.3,181.000002,
13,9.761660415,Si1,0.917111609,PU,2.85132848,1.945996659,1,347.1452712,891.5018353,0.00305359,0.037817532,915.7190062,183.000002,78.5,183.000002,
14,15.96528394,Si1,1.017758372,PU,1.394411448,0.624424939,0,423.002533,276.9758846,0.000389982,0.05504874,1382.754458,233.5,104.4,241.000002,
15,13.94784998,Si1,0.682728863,Si1,2.188335245,2.492297994,1,409.1073466,552.693576,0.002376824,0.039047819,1195.247137,201.000002,95,201.000002,
16,11.82582415,Si1,0.99203886,PU,1.418649653,2.282452322,1,379.1823606,923.2799926,0.00716239,0.036957932,1058.941981,200.000002,88.2,200.000002,
17,9.77629578,Si1,0.923469719,PU,2.885109932,2.24815933,0,347.8654742,284.5476631,0.001646803,0.055275128,909.8975737,185.5,78.7,191.000002,
18,14.43332764,Si1,0.712429389,Si1,2.465954833,0.687783121,0,399.0039012,280.7019616,-0.000351683,0.055181294,1204.605705,218.2,97.2,226.000002,
19,14.33779141,Si1,0.633932594,Si1,2.598373073,0.533939186,0,398.9760095,283.3878973,0.002445063,0.055344285,1206.343097,211.7,96,219.000002,
20,8.012492482,Si1,0.256270076,PU,1.258800718,2.126281011,1,448.1583535,826.7926205,-0.000191162,0.014337169,954.3541432,84.000002,68,84.000002,
21,8.070334292,Si1,0.751612511,Si1,1.354690932,2.078605857,1,345.0640369,864.8839803,-0.000192608,0.047959454,848.2726789,124.000002,73.7,124.000002,
1,14.03226112,Si1,0.954224633,Si1,1.21572256,0.967984772,1,399.7192977,891.4304548,0.023574299,0.036557246,1158.326282,191.000002,90.1,191.000002,Itr_8
2,11.75426893,Si1,0.91587773,PU,2.152722762,1.392669624,0,373.8984396,283.0519679,0.001423534,0.055366552,1061.304198,199.6,85.4,206.000002,
4,15.24633975,Si1,0.910531512,Si1,1.463366558,1.373145988,1,418.0382844,812.9195861,0.000372009,0.036828842,1295.764425,220.000002,103.5,220.000002,
5,13.00074572,Si1,0.939004886,Si1,1.340860554,1.20689841,0,386.8411242,283.0511687,0.000315869,0.055230573,1135.771724,213.3,93.3,220.000002,
6,10.60631365,Si1,0.598487654,Si1,2.766931654,2.489754529,1,366.2441837,967.282026,0.000768023,0.032000969,992.9782563,182.000002,81.4,182.000002,
7,14.72304427,Si1,0.907644941,Si1,1.489350618,1.680039172,1,413.183529,600.0279922,-0.003948186,0.036969378,1250.430186,218.000002,101,218.000002,
8,11.19584821,Si1,1.138306485,PU,1.19352063,1.101337574,1,355.2305031,878.4072639,0.002436716,0.044673131,958.9603058,165.000002,78.8,165.000002,
9,12.60503714,Si1,0.960304069,Si1,1.298758358,1.018881925,0,380.1574881,284.2573751,0.000305976,0.055287833,1057.761295,202.4,85.9,209.000002,
10,8.837589081,Si1,1.030343863,PU,2.599167386,0.888989149,1,322.467338,991.8764916,0.00021179,0.044687637,839.2399839,170.000002,74.5,170.000002,
11,10.62329005,Si1,1.142768229,PU,1.290076618,1.618047571,1,350.3519033,835.8063458,0.005897942,0.04333705,925.0187065,166.000002,76.2,166.000002,
12,9.435059439,Si1,1.035957748,PU,2.432253937,0.96367779,1,330.9153861,546.0877509,0.004307804,0.041037497,871.3626368,169.000002,78.1,169.000002,
13,8.307366891,Si1,0.950413249,Si1,2.320618981,0.554508085,0,310.8971909,284.520527,0.000198534,0.055346261,811.0614462,170.6,73.4,175.000002,
14,8.152773061,Si1,0.989484054,PU,2.538888792,2.42792588,1,326.1179139,1054.918728,-0.000194669,0.04418992,807.9318499,161.000002,72.7,161.000002,
15,15.96200989,Si1,1.01543988,PU,1.574883442,1.627362512,1,423.3795108,519.4383289,0.002729302,0.037040524,1382.168338,239.000002,105,239.000002,
16,13.84254575,Si1,0.914958172,PU,2.168490896,2.270124882,1,406.8681537,871.3055437,-0.031332979,0.029985324,1210.071297,232.000002,94.6,232.000002,
17,11.9784753,Si1,0.63087922,Si1,2.245515586,2.360492096,1,387.2393553,518.208027,-0.031063371,0.035708361,1084.967134,200.000002,85.6,200.000002,
18,9.9435552,Si1,0.799730943,Si1,2.485025519,2.324614059,0,348.7812062,281.6931013,0.002154951,0.055285485,917.4245245,193.2,80.1,200.000002,
19,10.2941012,Si1,0.884978666,Si1,2.111963523,1.094748462,0,343.3740657,282.6708812,0.001737418,0.055300478,927.893805,192.7,81.5,198.000002,
20,14.15561101,Si1,1.085849822,PU,1.172209894,2.340136276,1,406.1364586,535.7532937,-0.00034474,0.038955648,1172.9732,184.000002,90,184.000002,
21,15.82165104,Si1,0.259695246,PU,1.10153647,2.190873055,1,459.9926058,885.560584,0.005795869,0.050617254,1593.115847,105.000002,82.9,105.000002,
22,10.58033962,Si1,0.340734264,PU,1.912158468,1.748416572,1,393.2585893,892.5177926,0.000255359,0.049284191,1096.263529,97.000002,78.6,97.000002,
1,15.15863707,Si1,0.92460388,Si1,1.250825532,0.887595092,1,413.1859117,811.8667457,-0.000369816,0.036611784,1244.045982,198.000002,94.9,198.000002,Itr_9
2,15.96834886,Si1,0.710169232,PU,2.677128122,0.718077015,0,430.9544662,280.3011919,-0.000390059,0.055054113,1386.206034,233.3,101.5,241.000002,
3,11.64648399,Si1,0.484018125,Si1,2.976629057,2.422048373,1,383.3914148,625.5220184,0.027919198,0.036379561,1069.91057,183.000002,83.1,183.000002,
4,14.41908688,Si1,0.902044186,PU,2.393046914,2.05786954,0,410.0523427,284.9392746,0.000351327,0.055153526,1244.273702,234.4,97.1,242.000002,
5,13.67186267,Si1,1.015216031,PU,1.311608347,0.562088597,0,392.8515884,281.9807384,-0.000332647,0.05535966,1205.205474,206.9,95.5,213.000002,
6,14.44823042,Si1,0.987071296,PU,1.649336106,1.139966431,1,405.937385,840.4732763,-0.005984948,0.033445296,1269.911959,208.000002,96.6,208.000002,
7,14.53678928,Si1,1.059803926,PU,1.430757818,2.059526533,1,410.2949705,630.7703487,-0.001062809,0.031530008,1244.413506,226.000002,100.4,226.000002,
8,10.49170679,Si1,0.834169191,Si1,2.077173302,0.721553432,1,346.5129446,804.734847,0.000759428,0.038224555,951.762255,186.000002,82.1,186.000002,
9,9.987304294,Si1,1.074575313,PU,1.703104426,2.321318427,1,346.3675406,551.822067,0.004570118,0.042574253,910.9582091,172.000002,81.1,172.000002,
10,11.83616723,Si1,0.770141714,Si1,1.786493522,1.590350947,1,378.5458757,604.5016769,0.034123747,0.03641778,1062.896257,195.000002,86.9,195.000002,
11,11.05565623,Si1,0.794074276,PU,2.93864961,2.380834766,1,371.6858358,850.3142268,0.000267242,0.032870705,1020.856371,196.000002,83,196.000002,
12,9.725647314,Si1,0.878922218,Si1,2.135299117,1.042618334,0,337.7329298,319.3486304,0.002105921,0.055360968,893.7178523,190.8,79,205.000002,
13,8.218841451,Si1,1.253765864,PU,1.201975531,1.961572408,0,307.6474455,277.4424787,-0.000588963,0.055431261,763.761698,156.5,72.5,201.000002,
14,15.87015665,Si1,0.978849399,PU,2.883515001,2.421138625,0,414.7255417,277.2706004,-0.000387604,0.055269884,1290.446719,267,103.4,275.000002,
15,13.96539718,Si1,0.890890976,PU,2.991278084,1.503281569,0,399.2490011,282.3146827,-0.000339985,0.055288785,1184.496572,224.8,95.3,232.000002,
16,11.79053321,Si1,0.808545311,PU,2.404299454,2.456337628,0,386.1228021,283.6891568,0.00257052,0.055168879,1085.219794,206.3,85.4,213.000002,
17,9.908754468,Si1,0.730808981,Si1,2.980508764,1.670106243,0,344.8321566,284.5725508,0.002147119,0.055423975,926.3554782,191.3,79.5,197.000002,
18,9.836657719,Si1,1.108612618,PU,2.204215875,1.279598045,0,334.7728775,281.0759268,-0.0007103,0.055451681,880.5842507,184.6,79.5,189.000002,
19,11.41628896,Si1,1.198467574,PU,1.203659846,1.148188405,0,355.9401115,283.4843523,0.001381286,0.055375723,957.5596656,187.3,80.1,193.000002,
20,15.88108407,Si1,0.270000098,PU,1.119999024,1.658829271,1,464.4893997,974.473968,0.001163631,0.049260379,1590.982582,106.000002,82.8,106.000002,
21,9.77814383,Si1,1.333352246,Si1,2.398846812,1.224430741,0,305.3176695,265.1153934,0.001647125,0.05528051,801.1013154,203.7,80.2,209.000002,
1,14.40609943,Si1,0.742769962,PU,2.920808616,0.945744113,0,412.948564,283.4392201,-0.002457018,0.055128195,1246.951864,222.9,95.7,230.000002,Itr_10
2,13.28349181,Si1,0.792468517,PU,2.850551595,0.51534455,0,392.0602372,280.7312661,0.000322937,0.055199671,1158.170516,201.1,92,208.000002,
3,10.71460622,Si1,0.954688051,PU,2.931518692,0.581247535,0,345.1265789,281.9388238,0.002328437,0.055432532,951.7113784,190.9,82.6,197.000002,
4,10.4316346,Si1,0.96915482,PU,2.930736215,0.629930466,0,340.7873457,282.1771952,-0.002264767,0.055430483,922.058769,189.1,81.6,195.000002,
5,14.25159282,Si1,0.769574879,PU,2.79595951,1.089323945,1,409.610728,602.6982605,-0.003818537,0.039921071,1241.171034,190.000002,95.3,190.000002,
6,10.3369511,Si1,0.991922922,PU,2.718019685,0.503354505,0,337.5919873,284.9493825,0.002243464,0.055419386,922.3238982,186.4,80.8,192.000002,
7,8.645609897,Si1,1.201175531,PU,1.202616741,1.121623362,0,308.5875426,280.9449423,0.00020699,0.055279703,776.4860182,154.5,70.1,159.000002,
8,14.41492781,Si1,0.759148724,PU,2.76629211,0.813388979,0,410.598938,284.6476347,0.000351223,0.055145414,1251.738976,215.7,96,223.000002,
9,9.619677132,Si1,1.202696212,PU,1.106500713,1.369138947,1,327.1548721,586.5099454,-0.001619394,0.044649006,844.826249,153.000002,73.2,153.000002,
10,10.02548183,Si1,1.157714529,PU,1.21139789,1.901949888,1,341.8780551,920.9418195,-0.001207435,0.044675095,887.4017151,153.000002,74.7,153.000002,
11,14.09846015,Si1,0.780137156,PU,2.789552306,1.5699105,1,409.7331766,914.2850916,0.000343312,0.033987839,1229.590209,201.000002,94.8,201.000002,
12,8.11230088,Si1,1.01178229,PU,2.985888453,1.66473438,0,318.8813043,282.8428235,0.001355603,0.055443023,798.9237722,166.3,72.4,170.000002,
13,15.99147227,Si1,1.173755249,PU,1.142008427,1.151078649,0,415.3959697,281.8321176,-0.000390637,0.055094573,1279.471843,233.7,96.4,241.000002,
14,13.91456788,Si1,0.656303257,Si1,2.42658065,2.106167791,1,404.3425248,526.5238231,0.000338714,0.032855282,1189.359535,219.000002,94.6,219.000002,
15,11.84296028,Si1,0.594245131,Si1,2.556571599,2.181878428,1,383.1402631,576.6980546,-0.043325524,0.031274716,1069.488704,218.000002,84.9,218.000002,
16,9.768419747,Si1,0.786411902,Si1,2.108413685,2.4301955,1,351.8920646,875.5778033,0.000705182,0.041135588,922.5265382,173.000002,79.2,173.000002,
19,11.62571913,Si1,0.94931189,PU,2.992589617,0.575382698,0,356.7512728,279.4850168,0.001407465,0.055336312,1004.47555,196.6,85.6,203.000002,
20,11.10307209,Si1,1.876189312,PU,2.447594136,1.214296532,0,299.506017,250.012686,0.000268427,0.055397955,787.5158008,223.7,87.1,231.000002,
