TP_NoTP,actual_label,oof_predicted_label,oof_is_error,oof_p_tp,oof_p_notp,is_boundary_band,ptp_distance_from_boundary,local_nn_dist,coverage_cell_key,A_Cell_D,C_Barrier_Thx,E_Barrier_Outer_Thx,F_ThermalResin_Thx,B_Barrier_Type,D_Barrier_Outer_Type,discrete_combo_id,Eval#,MaxT_TB,MaxT_Adj,MaxT_Adj_Y,MaxT_Adj_Z,Max_Power,Time_MaxT,Time_Max_Power,Time_TP,Unnamed: 16,CellD_x_Resin,Barrier_x_Outer,oof_tmax_pred
0,0,0,False,0.04289222735246767,0.9571077726475323,False,0.45710777264753233,0.2031626158773958,2_1_3_3,12.49516417,1.065685793,2.757777081,2.472249461,Si1,Si1,combo_002,1,360.9369783,265.2215126,0.001516146,0.055343849,1002.372406,236.3,91.2,,Initial,30.891162884389015,2.9389238554827104,361.11637389892246
0,0,0,False,0.01886911853955553,0.9811308814604445,False,0.48113088146044447,0.18132186308176074,2_2_1_3,13.60289153,1.232379778,1.791011639,2.490497408,Si1,Si1,combo_002,2,375.3898932,269.0235729,-0.000330922,0.055216547,1067.234939,242.3,96.8,,,33.87796609677016,2.207206526066236,374.32763603779745
0,0,0,False,0.10114049668959524,0.8988595033104048,False,0.39885950331040476,0.05186046386953814,1_1_1_0,11.54301664,0.832240359,1.929074394,0.876228667,Si1,Si1,combo_002,3,364.1952641,284.15683,0.001397127,0.055413117,1021.444996,198.9,86.4,,,10.114322083626018,1.6054535662002674,363.8215368823454
0,0,0,False,0.10708393346021694,0.8929160665397831,False,0.39291606653978306,0.05312600642236574,1_0_3_1,11.95834526,0.630832092,2.859924113,1.407055024,Si1,Si1,combo_002,4,373.994549,282.3659108,-0.001449043,0.055281819,1054.14863,204.9,87.8,,,16.826049776809587,1.8041319111650345,374.8546062769335
1,1,1,False,0.9697307011689418,0.030269298831058222,False,0.4697307011689418,0.12357864443248757,1_0_1_1,10.99971804,0.653623945,1.885812382,1.498664515,Si1,Si1,combo_002,5,374.0934209,885.3445684,0.008772819,0.040142293,1023.010462,157.000002,83.9,,,16.48488710155335,1.232612128652687,373.91329787516315
1,1,1,False,0.8946330318342461,0.10536696816575386,False,0.39463303183424614,0.09472424635076376,1_0_3_2,10.63940206,0.604259263,2.562426591,1.753868061,Si1,Si1,combo_002,6,366.6855404,1033.012354,0.000770505,0.043918785,999.6288671,169.000002,81.5,,,18.660107461171606,1.5483700033692624,365.5575789649283
0,0,0,False,0.040955278802130124,0.9590447211978699,False,0.4590447211978699,0.2407668173921722,2_1_3_0,13.24242994,0.960654719,2.82209995,0.945307316,Si1,Si1,combo_002,7,367.0156109,269.3187631,-0.001609554,0.055434325,1062.510637,221.1,94.5,,,12.51816590389944,2.7110636344571644,367.40146659819266
1,1,1,False,0.860224790420034,0.13977520957996603,False,0.36022479042003397,0.1318695706722453,3_0_2_3,15.50566817,0.378909762,2.158221953,2.322899401,Si1,Si1,combo_002,8,445.844427,580.0522311,-0.002649442,0.048825436,1402.800679,157.000002,97.2,,,36.01810730419776,0.8177713665544052,435.2879149167083
1,1,1,False,0.5837382252841508,0.41626177471584924,True,0.08373822528415076,0.2053027979670786,0_1_2_2,8.371000135,0.886820718,2.213556803,1.582883802,Si1,Si1,combo_002,9,323.8675239,584.127753,-0.000200125,0.045028125,833.6470488,159.000002,73.7,,,13.250320520231313,1.9630280333702443,323.2357174905701
1,1,1,False,0.8846482953092618,0.11535170469073819,False,0.3846482953092618,0.22366989636162282,3_0_1_0,15.29745022,0.516167697,1.627551111,0.730133722,Si1,Si1,combo_002,10,440.124365,950.5224787,0.007092439,0.045167636,1395.286527,157.000002,98.3,,,11.16918426623832,0.8400893087146614,432.51957960757437
1,1,1,False,0.9669594200044003,0.03304057999559973,False,0.46695942000440027,0.2157239183001578,3_0_0_3,14.60563961,0.576102125,1.497745196,2.176970275,Si1,Si1,combo_002,11,438.9802119,826.7097587,-0.000355991,0.045922839,1341.222838,153.000002,96.1,,,31.796043278332593,0.8628541901241414,430.35204595474806
0,0,0,False,0.03165963485912471,0.9683403651408753,False,0.4683403651408753,0.1048101418966441,2_2_2_3,13.90415651,1.312493418,2.087070714,2.039159669,Si1,Si1,combo_002,12,368.8299465,264.8468124,-0.000338454,0.055164774,1060.390594,248.8,98.3,,,28.352795186655797,2.7392665750255607,368.4099306914477
1,1,1,False,0.9611721196270082,0.038827880372991785,False,0.4611721196270082,0.1987887842899295,3_0_2_1,14.17510608,0.534711624,2.273982901,1.277394359,Si1,Si1,combo_002,13,416.1134935,612.087796,0.005178416,0.045224835,1240.548266,161.000002,94.6,,,18.107200544818603,1.2159250899419414,413.30477028508096
0,0,0,False,0.19313672695591322,0.8068632730440868,False,0.3068632730440868,0.14060950994227642,2_0_3_3,12.74537761,0.603772511,2.67494356,2.357745042,Si1,Si1,combo_002,14,391.8885594,283.4656292,0.001547422,0.055294116,1115.014304,219.7,89.9,,,30.05035086839531,1.6150573900044791,392.2070610837101
0,0,0,False,0.03191649938685259,0.9680835006131474,False,0.4680835006131474,0.2653238986975748,2_2_1_0,13.67323083,1.430206758,1.681918017,0.793759527,Si1,Si1,combo_002,15,355.0483223,263.8488818,-0.000332681,0.055362502,1025.726722,227.7,98.4,,,10.853257236182616,2.405490514315359,358.9463147268488
0,0,0,False,0.08085582804437763,0.9191441719556224,False,0.41914417195562237,0.13303511788936448,0_1_3_3,9.734218718,1.106563443,2.964493922,2.107040438,Si1,Si1,combo_002,16,320.9208067,269.2131505,0.001639439,0.055386249,833.1507021,205.2,79.8,,,20.510392471162515,3.2804006010808933,320.94877985531497
0,0,0,False,0.07541419740357469,0.9245858025964253,False,0.4245858025964253,0.052620466119806274,1_1_2_3,11.06043499,0.716487261,2.417900697,2.413725059,Si1,Si1,combo_002,17,367.3744497,281.8648987,0.002406247,0.055288157,996.4057561,203.4,83.7,,,26.696849098803412,1.7323950477635208,367.8536677074766
1,1,1,False,0.9537305473885453,0.04626945261145465,False,0.45373054738854535,0.1798549951227679,3_0_2_2,15.35383832,0.544031315,2.509681522,1.935135943,Si1,Si1,combo_002,18,425.843092,595.7586604,-0.000374696,0.043839432,1315.496693,201.000002,99.5,,,29.711764396042735,1.3653453386448615,423.9987883646851
0,0,0,False,0.04786195737926846,0.9521380426207315,False,0.45213804262073154,0.1628134203315058,3_1_3_0,15.6745359,0.813802406,2.602200713,0.920053039,Si1,Si1,combo_002,19,411.9133026,267.2851061,-0.000382714,0.055305372,1258.147672,237.6,103.0,,,14.4214043897096,2.1176772011343155,406.78708329111123
0,0,0,False,0.14458060904473768,0.8554193909552623,False,0.3554193909552623,0.2457561957305822,1_2_3_2,11.63464243,1.533137868,2.722728361,1.899891878,Si1,Si1,combo_002,20,319.9300363,252.8751355,-0.00140858,0.055358173,853.1324869,241.3,89.2,,,22.104562656191185,4.174317954526675,319.6383639708164
1,1,1,False,0.8888513816887098,0.11114861831129019,False,0.3888513816887098,0.3172848762764347,0_0_1_1,9.066963291,0.356830269,1.675784591,1.426011047,Si1,Si1,combo_002,21,373.658858,1016.57922,0.000217524,0.050683092,998.3111901,97.000002,75.3,,,12.929589815709477,0.5979706663925849,368.8971930665915
1,1,1,False,0.9445593346705436,0.05544066532945635,False,0.44455933467054365,0.1128408098990809,2_0_2_3,13.44377164,0.524190542,2.177472834,2.44656053,Si1,Si1,combo_002,22,416.4509439,576.5903564,0.005558052,0.040214143,1197.614027,181.000002,91.7,,,32.89100106875737,1.1414106650447362,411.8333620505857
1,1,1,False,0.7150267946728377,0.2849732053271623,False,0.2150267946728377,0.1419589468621536,1_1_0_3,10.80084342,0.912411599,1.343782688,2.261104933,Si1,Si1,combo_002,23,366.059186,1039.822171,0.000260871,0.044087199,997.6339585,178.000002,85.1,,,24.42184033752259,1.226082911066598,365.0611067279053
0,0,0,False,0.021245023118467543,0.9787549768815325,False,0.47875497688153246,0.09334718905126302,2_1_3_3,12.30159856,0.715282625,2.940733777,2.072978251,Si1,Si1,combo_002,24,375.5484356,278.5370375,0.00149195,0.055201877,1060.802263,219.5,89.6,,,25.500946267412917,2.1034557754387246,375.70743998015365
0,0,0,False,0.068808493338679,0.931191506661321,False,0.431191506661321,0.36408395199159976,0_3_0_2,8.804015526,1.718643963,1.44311328,1.788289259,Si1,Si1,combo_002,25,282.2767013,254.6679107,0.000210951,0.055384516,708.3246173,193.3,78.0,,,15.744126401215036,2.480197926597129,279.2643304816763
1,1,1,False,0.5957440999312382,0.4042559000687618,True,0.09574409993123822,0.21732070776792692,2_0_1_2,12.95300209,0.663049437,2.020375241,1.851985386,Si1,Si1,combo_002,26,398.8717811,876.1019323,-0.02926478,0.034928931,1145.817225,198.000002,91.4,,,23.988770575507456,1.3396086660737891,397.8633177669435
1,1,1,False,0.8392324545501424,0.1607675454498576,False,0.3392324545501424,0.2017132208741945,3_0_3_2,15.79123856,0.481187399,2.845225084,1.563168353,Si1,Si1,combo_002,27,424.7622051,502.9923744,-0.000385631,0.045118827,1350.684489,209.0,98.7,,,24.684364371665293,1.3690864577395165,425.66598765615225
1,1,1,False,0.9132702718841301,0.08672972811586988,False,0.4132702718841301,0.1427497253568273,0_0_0_0,8.676972128,0.670483415,1.141385036,0.769348326,Si1,Si1,combo_002,28,352.3398792,1017.748127,0.000207774,0.046333658,900.5175397,104.000002,69.0,,,6.675613981425458,0.7652797367671779,341.36071065253503
1,1,1,False,0.9641170985403278,0.03588290145967221,False,0.4641170985403278,0.18270168294789707,1_0_1_2,10.06483844,0.562212303,1.834377388,1.998515708,Si1,Si1,combo_002,29,373.8214215,690.9013582,0.001212355,0.041462541,1000.835136,128.000002,79.0,,,20.114737720822216,1.0313095358786046,371.5104659993841
1,1,1,False,0.9107500890281699,0.0892499109718301,False,0.4107500890281699,0.15247052230750843,0_0_3_3,9.210980778,0.449744915,2.983407577,2.397904206,Si1,Si1,combo_002,30,364.0247565,934.5097383,-0.007739358,0.039581286,964.7751065,128.000002,73.0,,,22.087049548951352,1.341772387128221,358.94998869328435
0,0,0,False,0.34992767183859996,0.6500723281614,False,0.15007232816140004,0.5826869200180507,0_3_3_0,8.540852329,1.894713891,2.991164587,0.682360961,Si1,PU,combo_001,31,260.6085904,245.6235052,0.000613114,0.055340119,659.0712242,191.9,75.9,,,5.8279442029755275,5.667401093256179,270.8176455561453
1,1,1,False,0.8828377201190278,0.11716227988097216,False,0.38283772011902784,0.1866867271807031,1_1_3_1,11.84377741,0.778702408,2.527897094,1.155674827,Si1,PU,combo_001,32,380.015393,525.5589688,-0.024964165,0.039311386,1087.597312,175.000002,85.5,,,13.687555409328256,1.9684795542740023,379.3893240864336
1,1,1,False,0.9393954170822099,0.06060458291779014,False,0.43939541708220986,0.1318695706722453,3_0_1_3,14.81204844,0.411772632,1.974957027,2.293504636,Si1,PU,combo_001,33,457.298388,1008.03238,0.002528059,0.045143906,1381.199507,136.000002,93.5,,,33.97150176579657,0.8132332530946852,445.44609340502666
0,0,0,False,0.030384638379359785,0.9696153616206402,False,0.4696153616206402,0.09630675123197972,2_2_0_0,12.58608793,1.263729586,1.32812667,0.974950651,Si1,PU,combo_001,34,363.4183499,274.0301613,-0.000305502,0.055245198,1039.377355,210.7,92.1,,,12.270814620896742,1.6783929668346587,363.94073379138524
0,0,0,False,0.10729730899231527,0.8927026910076847,False,0.39270269100768473,0.3550997842148746,1_3_2_3,10.23759475,1.636691961,2.107404765,2.165370415,Si1,PU,combo_001,35,311.0496482,259.796669,0.001727528,0.055390452,797.5636882,207.5,83.0,,,22.16818479240932,3.449172437448594,309.5427963171299
1,1,1,False,0.9487664308119292,0.05123356918807076,False,0.44876643081192924,0.19912296974210136,0_0_2_2,9.576880978,0.424467511,2.252287841,1.653169406,Si1,PU,combo_001,36,376.9965765,927.3329303,0.000230272,0.046284672,1014.686866,100.000002,76.2,,,15.832206637732959,0.9560230139248337,377.9643287618975
1,1,1,False,0.9677785475497558,0.032221452450244215,False,0.4677785475497558,0.1798549951227679,3_0_2_2,14.11038378,0.571702123,2.342565194,1.963596599,Si1,PU,combo_001,37,432.1945103,903.5344448,-0.006528581,0.045012845,1328.95802,145.000002,91.6,,,27.70710160099276,1.339249494675707,428.2073348507403
0,0,0,False,0.21075917930238575,0.7892408206976143,False,0.28924082069761425,0.199388481693768,3_2_3_3,15.17249458,1.215299051,2.976288691,2.49733712,Si1,PU,combo_001,38,401.6741619,263.3503802,0.000370162,0.055142007,1186.418749,258.7,102.8,,,37.89083391763281,3.617080821674332,392.860179862933
0,0,0,False,0.14403608721124783,0.8559639127887522,False,0.35596391278875217,0.2031626158773958,2_2_3_3,12.87688545,1.365483221,2.634430011,2.324795221,Si1,PU,combo_001,39,360.3675305,264.2194619,-0.000312772,0.055273947,1000.313712,233.4,92.3,,,29.936121755524432,3.5972699769193457,361.8657368418163
1,1,1,False,0.9752352350618594,0.024764764938140615,False,0.4752352350618594,0.250305905214995,0_1_3_2,9.910603468,0.739512669,2.997374104,1.516584068,Si1,PU,combo_001,40,358.6426745,584.4306541,0.002624765,0.042234855,963.3901736,143.000002,78.5,,,15.030263323834347,2.2165961236405236,356.1866702533594
1,1,1,False,0.971072112515003,0.028927887484996972,False,0.471072112515003,0.14898071984911743,1_0_0_3,10.41484479,0.647026837,1.217871072,2.378110028,Si1,PU,combo_001,42,381.1431115,666.616004,0.000251221,0.048485653,1042.060405,100.000002,73.9,,,24.767646835162555,0.7879952675899593,384.33829960339517
1,1,1,False,0.9202598421403536,0.07974015785964639,False,0.4202598421403536,0.1263297670921605,2_0_3_3,12.09858022,0.478399995,2.701363005,2.126515193,Si1,PU,combo_001,43,414.0998071,899.344386,-0.000879944,0.043703861,1205.269121,129.000002,84.9,,,25.72781465155928,1.2923320480851852,404.06724569964246
1,1,1,False,0.7244433348876669,0.2755566651123331,False,0.22444333488766688,0.20118633675673436,0_1_0_1,9.675620921,0.98792204,1.183543865,1.189145466,Si1,PU,combo_001,44,350.2500571,974.3623839,-0.010938804,0.043056993,905.000596,126.000002,72.8,,,11.505720748941895,1.1692490695402846,340.68066669004486
1,1,1,False,0.9411790860042402,0.05882091399575984,False,0.44117908600424016,0.1427497253568273,0_1_0_0,8.06019862,0.78869847,1.25447499,0.610255496,Si1,PU,combo_001,45,338.2509983,900.5519734,0.000192355,0.047126975,843.8707609,110.000002,71.2,,,4.918780506706615,0.9894025052662654,330.60385607243614
0,0,0,False,0.08934673627766188,0.9106532637223381,False,0.4106532637223381,0.10916391953729179,2_1_1_3,13.76074096,1.014253551,1.753918208,2.233039528,Si1,PU,combo_001,46,401.45397,279.6535216,-0.000334869,0.055209217,1213.901207,225.5,93.8,,,30.728278498248667,1.7789177706275565,401.37818087729795
0,0,0,False,0.13965405353621918,0.8603459464637808,False,0.3603459464637808,0.2407668173921722,3_2_3_1,14.77991196,1.173209052,2.904484593,1.077986344,Si1,PU,combo_001,47,386.2182987,268.5974393,-0.000360348,0.055136429,1163.857539,234.1,100.9,,,15.932543258402273,3.4075676159021357,391.015511889203
0,0,0,False,0.166020727483442,0.833979272516558,False,0.333979272516558,0.3254488061559859,3_2_2_1,14.29465447,1.521996374,2.491628144,1.325357677,Si1,PU,combo_001,48,363.6559913,261.2459658,0.002437514,0.055259084,1062.609675,239.8,99.6,,,18.945530041876864,3.7922490005243494,362.83557284776936
1,1,1,False,0.9748473501034596,0.025152649896540424,False,0.4748473501034596,0.09472424635076376,1_0_2_2,10.28895136,0.682214066,2.437545541,1.699119334,Si1,PU,combo_001,49,373.9438286,936.0495258,0.000744221,0.041924464,1007.644593,136.000002,80.2,,,17.482156182361596,1.6629278545857797,369.13897111040063
1,1,1,False,0.9649273051875298,0.03507269481247022,False,0.4649273051875298,0.2292068064920294,2_0_0_2,13.11679385,0.675377244,1.552305526,1.674215959,Si1,PU,combo_001,50,416.4519824,551.1593235,-0.00031877,0.046221628,1203.646106,145.000002,92.9,,,21.960345594583053,1.0483918279958504,412.6935319026924
1,1,1,False,0.9823846836521852,0.01761531634781477,False,0.48238468365218523,0.05444056636535601,1_0_3_0,10.73545038,0.636399787,2.925821985,0.565976266,Si1,PU,combo_001,51,369.3566304,528.8310965,0.002851599,0.041737036,1031.30615,142.000002,81.3,,,6.076010119900681,1.8619924880539171,364.746196342552
1,1,1,False,0.8731231918820868,0.12687680811791324,False,0.37312319188208676,0.20814188284037885,0_1_2_0,8.985290483,0.943535211,2.382019031,0.545309521,Si1,PU,combo_001,52,334.5730729,1073.363105,-0.000215482,0.047621577,862.9844182,147.000002,75.0,,,4.899764449330588,2.2475188290206005,326.712345617543
1,1,1,False,0.9367078661306323,0.06329213386936772,False,0.4367078661306323,0.22171043071690408,0_0_3_1,8.477938018,0.501974534,2.767433724,1.23392296,Si1,PU,combo_001,53,355.7362769,622.4422913,0.001013993,0.045629663,928.346916,103.000002,72.6,,,10.461122373867092,1.3891812539807846,356.1957475378152
0,0,0,False,0.22556954005165153,0.7744304599483485,False,0.27443045994834847,0.199388481693768,3_2_3_3,15.87667106,1.386648823,2.911300349,2.205784302,Si1,PU,combo_001,54,390.6276589,262.9012087,0.000387767,0.055281439,1187.169131,272.2,107.0,,,35.0205117921657,4.036951202340339,400.0333697459015
1,1,1,False,0.8757062803198323,0.12429371968016767,False,0.37570628031983233,0.24045263428689226,3_0_0_1,15.03765683,0.273224475,1.53007673,1.103543277,Si1,PU,combo_001,55,466.8105543,1022.722806,0.001100375,0.047316104,1445.258275,123.000002,94.8,,,16.59470509657963,0.4180544112639668,454.9671333997345
1,1,1,False,0.9179346585063968,0.08206534149360323,False,0.4179346585063968,0.1549791050313671,1_0_1_2,11.30919716,0.59282598,1.863569911,1.812573602,Si1,PU,combo_001,56,398.3516007,806.7907791,0.0013679,0.04404638,1108.475466,127.000002,84.3,,,20.49875223202937,1.1047726587870876,393.78048742328883
0,0,0,False,0.13514780742639232,0.8648521925736077,False,0.3648521925736077,0.162627121278664,2_1_3_3,12.17183304,1.043791885,2.874388169,2.028167818,Si1,PU,combo_001,57,369.8624335,273.5725883,0.001475729,0.055198562,1029.211708,219.1,88.5,,,24.686520057797104,3.0002630451422085,368.9544450113909
1,1,1,False,0.9054457332499624,0.09455426675003764,False,0.40544573324996236,0.1160792245480538,1_0_3_3,11.43860725,0.616126384,2.800402949,2.487719976,Si1,PU,combo_001,58,392.1134887,946.9791251,0.001384076,0.040691831,1097.088575,154.000002,83.5,,,28.45605175344343,1.7254021427103063,390.5500689767265
1,1,1,False,0.8558813466802349,0.14411865331976514,False,0.35588134668023486,0.1663207692087232,0_0_0_3,8.199383897,0.437276158,1.377955802,2.425239004,Si1,PU,combo_001,59,361.9959191,581.3761913,-0.000195835,0.051896143,941.8254285,92.000002,72.2,,,19.88546563577392,0.6025472189923687,362.81150845792297
0,0,0,False,0.06502003492948916,0.9349799650705108,False,0.43497996507051084,0.13636225393123377,0_2_3_3,9.430440291,1.152177951,2.659765278,2.465270549,Si1,PU,combo_001,60,330.7429708,276.4936256,0.002039499,0.055396542,847.8995946,187.3,77.1,,,23.24858671350529,3.064522908146986,332.10883001696254
1,1,1,False,0.9370368724454465,0.06296312755455347,False,0.43703687244544653,0.10450790212011453,0_1_3_0,9.454516812,0.704645684,2.908515232,0.986311601,Si1,Si1,combo_002,1,339.3725782,598.7658838,-0.000227213,0.042943257,913.4081608,159.000002,77.6,,Itr_1,9.325099613525136,2.0494727050770587,337.00333604948315
1,1,1,False,0.9080396331665952,0.0919603668334048,False,0.4080396331665952,0.1016784323151728,0_1_3_0,9.209084471,0.760345726,2.759621556,0.879980971,Si1,Si1,combo_002,2,333.2827753,579.9369509,-0.009506311,0.040014937,887.2415173,166.000002,76.5,,,8.103819094811602,2.0982664554820696,333.4818445523452
1,1,1,False,0.9118338987490233,0.08816610125097668,False,0.4118338987490233,0.06300078701171817,0_1_3_0,9.078328609,0.733042037,2.946453623,0.755936154,Si1,Si1,combo_002,3,331.8765355,1002.639105,0.000217808,0.046393157,886.1739905,157.000002,76.2,,,6.86263681343563,2.15987436572995,331.7344719341614
1,1,1,False,0.8033421652334027,0.19665783476659726,False,0.30334216523340274,0.06300078701171817,0_1_3_0,8.734976394,0.784127961,2.897042465,0.804867966,Si1,Si1,combo_002,4,324.7401741,931.7840603,-0.000209225,0.042054125,855.7072884,167.000002,72.2,,,7.0305026832967945,2.2716520010108643,325.17164490441724
1,1,1,False,0.8903394756727039,0.10966052432729612,False,0.3903394756727039,0.08531942390047537,3_0_3_3,15.94052675,0.676812581,2.806172472,2.302029449,Si1,PU,combo_001,5,436.8073538,529.8164825,-0.000389363,0.0455555,1397.045205,198.000002,101.3,,,36.69556201107226,1.8992528335054701,431.73077808032593
1,1,1,False,0.9270181378470852,0.0729818621529148,False,0.4270181378470852,0.05444056636535601,1_0_3_0,10.34520071,0.631386696,2.918077571,0.613277388,Si1,Si1,combo_002,6,349.0919751,950.0800227,-0.00274428,0.03767148,962.9750737,162.000002,81.0,,,6.3444776697645455,1.8424353562253952,351.035703892981
1,1,0,True,0.4021600565577046,0.5978399434422954,True,0.09783994344229541,0.17370345419333824,2_1_0_1,12.64066419,0.950744049,1.292510009,1.313394875,Si1,Si1,combo_002,7,382.8636023,576.7764259,0.040199525,0.036517125,1061.104273,207.000002,86.0,,,16.602183563742027,1.2288461993296864,383.63544039312274
1,1,1,False,0.6608422758712891,0.3391577241287109,False,0.16084227587128908,0.2162778526812296,1_1_2_0,10.23611342,0.797871794,2.149150635,0.506317296,Si1,Si1,combo_002,8,343.8282017,949.9467486,0.009129852,0.042688226,938.1135176,164.000002,81.0,,,5.1827212683637125,1.7147466727236889,343.8679860119449
1,1,1,False,0.9435442800429428,0.05645571995705723,False,0.4435442800429428,0.08843072925470084,3_0_3_3,15.25309902,0.676534658,2.822763552,2.339977674,Si1,PU,combo_001,9,430.6762352,867.6847048,-0.000372178,0.040567348,1341.16133,194.000002,98.3,,,35.69191116611128,1.9096973742671852,435.167509351483
1,1,1,False,0.8401729407250969,0.15982705927490315,False,0.34017294072509685,0.15044619312345567,3_1_2_3,15.69849461,0.752574127,2.366178733,2.462536734,Si1,PU,combo_001,10,433.8267969,508.5117064,0.000383312,0.045614158,1383.279969,200.0,100.7,,,38.658119645626,1.780724894313441,436.18624295681
1,1,1,False,0.7687009305370793,0.23129906946292067,False,0.26870093053707933,0.19153221204879084,1_0_3_3,10.29484076,0.652583369,2.75909886,2.113774311,Si1,Si1,combo_002,11,357.9663255,999.5243449,0.009680619,0.040460023,966.8617589,179.000002,80.9,,,21.760969934323715,1.8005420294628594,358.36842688466714
0,0,1,True,0.5652374386406649,0.4347625613593351,True,0.06523743864066489,0.05080734872186501,1_1_0_1,11.51866801,1.072443798,1.15773035,1.263005896,Si1,Si1,combo_002,12,364.1421965,284.8933776,0.001394084,0.055352853,971.0141663,195.5,82.8,,,14.548145610696587,1.2416007336138692,362.86435238999286
1,1,1,False,0.917526825488153,0.08247317451184699,False,0.417526825488153,0.07971917833489216,3_1_3_3,15.71632611,0.697913984,2.819093468,2.472005251,Si1,PU,combo_001,13,434.6892995,576.024233,0.000383758,0.044899715,1373.419958,197.000002,100.4,,,38.850840670348404,1.9674847535202566,439.1708888613569
1,1,1,False,0.9273779375519098,0.07262206244809022,False,0.4273779375519098,0.1370340136853862,2_0_3_3,13.87784765,0.674317709,2.932403146,2.091785876,Si1,PU,combo_001,14,414.8927325,585.0978814,-0.001013389,0.042224531,1236.383377,176.000002,93.2,,,29.02948570354979,1.9773713712751124,416.68020279098647
0,0,0,False,0.2313137193342527,0.7686862806657473,False,0.2686862806657473,0.15939985807116466,1_1_2_3,11.9527146,0.866932361,2.336186913,2.217118761,Si1,PU,combo_001,15,382.6200259,284.4095359,-0.000289668,0.055268448,1083.390482,206.5,86.4,,,26.500587784538613,2.0253160362243916,382.145725426374
1,1,1,False,0.9452460341516371,0.054753965848362895,False,0.4452460341516371,0.1711755733184085,0_1_3_0,9.945703901,0.728870859,2.56694467,0.677836682,Si1,Si1,combo_002,16,342.2875723,951.7059235,-0.000239493,0.042390173,933.3821129,159.000002,79.6,,,6.741562932408296,1.8709711666283715,343.96167515973934
0,0,0,False,0.37071983015553656,0.6292801698444634,False,0.12928016984446344,0.05186046386953814,1_1_1_0,11.28418233,0.814551537,1.856844474,0.895757216,Si1,Si1,combo_002,17,362.9578978,284.7226064,0.002456591,0.055318405,1009.353432,196.4,85.4,,,10.107887748757193,1.5124955202666568,362.7026880194519
0,0,0,False,0.07555926925488166,0.9244407307451183,False,0.42444073074511834,0.05312600642236574,1_0_3_1,11.97144787,0.67521127,2.885076014,1.496527787,Si1,Si1,combo_002,18,372.3234102,279.5414514,-0.001450681,0.055312939,1043.018248,209.1,88.2,,,17.915604388076964,1.948035839459478,371.9137530613648
1,1,1,False,0.925460558302234,0.07453944169776605,False,0.42546055830223395,0.11786983884120511,0_0_3_0,8.117265345,0.65541516,2.991193639,0.788599821,Si1,Si1,combo_002,19,329.8671223,871.3192078,0.000193782,0.041663076,857.5392639,129.000002,72.3,,,6.401273998076503,1.9604736574961672,326.3944096514067
0,0,0,False,0.06846073945939679,0.9315392605406032,False,0.4315392605406032,0.2430951767023631,1_2_3_1,11.21949786,1.349643059,2.636047203,1.477387523,Si1,Si1,combo_002,20,323.0890494,260.1646014,0.002442038,0.055426425,866.3843268,226.9,86.8,,,16.575546152689203,3.5577228107253136,322.3703715718518
0,0,0,False,0.1631443484641295,0.8368556515358705,False,0.3368556515358705,0.10294619527294645,3_2_0_3,14.44570289,1.127704252,1.116401461,2.070321165,Si1,Si1,combo_002,1,400.986818,283.0942508,0.000351993,0.055205415,1159.752244,229.1,93.0,237.000002,Itr_2,29.90724443646867,1.2589706745087121,401.40578220473935
0,0,0,False,0.31353458485017427,0.6864654151498257,False,0.18646541514982573,0.12695057887808867,2_1_1_3,13.23878226,0.867727118,1.598756667,2.072333551,Si1,Si1,combo_002,2,396.736225,283.0380115,-0.001609098,0.055426481,1144.459885,224.3,94.2,231.000002,,27.435172651781606,1.3872845150391957,395.68852055295326
0,0,0,False,0.24858277979768673,0.7514172202023133,False,0.2514172202023133,0.2685759311135343,3_1_1_2,15.7961469,0.970852102,1.606102177,1.684762414,Si1,Si1,combo_002,3,418.7366578,283.2035505,0.000385754,0.055138516,1295.970929,259.5,105.8,267.000002,,26.612754583142614,1.559287674567226,418.1410842045799
0,0,0,False,0.18481504851138197,0.815184951488618,False,0.315184951488618,0.10294619527294645,3_1_0_3,14.54191172,1.096192086,1.17877237,2.260599311,Si1,Si1,combo_002,4,403.6049537,284.0786631,0.002480784,0.055393025,1166.693626,233.8,92.9,241.000002,,32.87343561485483,1.2921609431894638,403.63450147847595
0,0,0,False,0.47431936260868923,0.5256806373913108,True,0.025680637391310768,0.10916391953729179,2_1_1_3,13.91282607,0.833934613,1.747825135,2.172114777,Si1,Si1,combo_002,5,404.6580738,282.8112791,-0.000338671,0.055182331,1188.656999,233.5,96.6,241.000002,,30.220255096477835,1.4575718775478979,403.48998419493444
0,0,0,False,0.11980917460584806,0.8801908253941519,False,0.38019082539415194,0.0534129945444206,0_2_0_3,9.14507984,1.397612375,1.164492177,2.474842545,Si1,PU,combo_001,6,309.6046425,273.4778776,-0.000658431,0.055404102,779.3294494,168.3,73.1,201.000002,,22.63263266545379,1.6275086771658904,309.9540827563634
0,0,0,False,0.08913955534455908,0.9108604446554409,False,0.4108604446554409,0.06850991753570593,0_2_0_3,8.802263676,1.41541476,1.26375574,2.484720592,Si1,PU,combo_001,7,306.136116,270.1679496,0.000210907,0.055378752,765.3654112,170.9,74.6,201.000002,,21.87116581197082,1.7887385274307224,305.79639438679175
0,0,0,False,0.1451309832999641,0.8548690167000359,False,0.3548690167000359,0.0534129945444206,0_2_0_3,9.406657375,1.349914613,1.206851585,2.428198441,Si1,PU,combo_001,8,316.1910026,277.1047941,-0.00067805,0.055324013,801.9274352,170.0,72.8,201.000002,,22.841230772996155,1.6291465903137115,318.12158949337055
0,0,0,False,0.12710626947239234,0.8728937305276077,False,0.37289373052760766,0.14853268343551895,0_2_0_3,8.970784948,1.293332197,1.566266032,2.313094488,Si1,PU,combo_001,9,318.026808,275.2002149,-0.000645359,0.055285296,798.4798904,175.4,76.6,201.000002,,20.750273216252168,2.0257022882530324,317.79096336430894
1,1,0,True,0.1699947376481532,0.8300052623518468,False,0.3300052623518468,0.12638779280010118,1_1_1_2,10.88312966,1.042944655,1.64738265,1.665442934,Si1,PU,combo_001,10,357.621085,911.564777,0.000788785,0.040753879,983.1688155,183.000002,84.1,183.000002,,18.12523139205282,1.718128929557236,358.5327300062568
1,1,1,False,0.6670563006893531,0.33294369931064693,False,0.16705630068935307,0.06794879989490818,1_1_1_0,11.77120916,0.903716276,2.013327576,0.850239091,Si1,PU,combo_001,11,372.5465234,808.3415898,0.031649455,0.03792232,1077.062424,178.000002,85.5,178.000002,,10.008342176169272,1.819476899350827,370.87105175186105
1,1,1,False,0.912683338828856,0.087316661171144,False,0.412683338828856,0.21950546305389798,1_1_3_0,11.34429514,0.792777133,2.884328355,0.965645731,Si1,PU,combo_001,12,368.3612588,560.03309,0.010703843,0.035405018,1037.874996,194.000002,83.8,194.000002,,10.954570173145047,2.286629563907506,367.1788620507693
0,0,0,False,0.45857065924390383,0.5414293407560962,True,0.04142934075609617,0.05276575377539745,3_0_3_3,15.84599403,0.654514106,2.964878313,2.301019297,Si1,Si1,combo_002,13,414.7704154,283.7170711,0.000387,0.055226982,1312.162181,267.7,102.5,275.000002,,36.461938043176794,1.9405546784319831,414.0694229085867
1,1,0,True,0.498026108180492,0.501973891819508,True,0.0019738918195080224,0.17400124592375452,2_1_3_3,13.87305012,0.828311041,2.576551261,2.486761632,Si1,PU,combo_001,14,409.3301266,551.2853434,-0.027351776,0.033429949,1213.478957,226.000002,94.3,226.000002,,34.498968757228994,2.134185857188773,408.80566665246243
0,0,1,True,0.5907896208136663,0.40921037918633374,True,0.09078962081366626,0.09334718905126302,1_1_3_3,11.8240527,0.773310662,2.825580569,2.034109142,Si1,PU,combo_001,15,383.0972791,284.3600753,0.002578062,0.055249327,1075.110421,206.0,85.3,212.000002,,24.051413692559784,2.1850515803477264,382.38565915296266
0,0,0,False,0.10167251929055965,0.8983274807094404,False,0.39832748070944035,0.14853268343551895,0_2_0_3,9.990260469,1.238200696,1.449723272,2.247747688,Si1,PU,combo_001,16,336.6872329,279.7753709,-0.001684246,0.055419748,873.8675828,187.0,82.1,201.000002,,22.45558487171255,1.7950483643977972,333.01875499598066
0,0,0,False,0.06693404635905154,0.9330659536409485,False,0.43306595364094846,0.05080734872186501,1_2_0_1,11.39944764,1.156979651,1.162721025,1.271703545,Si1,Si1,combo_002,17,356.2161869,280.2574375,0.002482526,0.055333625,937.1059653,197.6,83.1,203.000002,,14.496717974829885,1.3452445657148624,355.64124424661304
1,1,1,False,0.605930345755155,0.39406965424484497,False,0.10593034575515503,0.05102635223760211,1_1_0_1,11.24957929,1.020455127,1.203848186,1.261467683,Si1,Si1,combo_002,18,362.2199301,851.7053362,-0.010067312,0.039997157,963.3271865,179.000002,81.4,179.000002,,14.190980721681084,1.2284730535333497,362.60590240007804
1,1,1,False,0.8271809540293589,0.17281904597064113,False,0.3271809540293589,0.2766812206574199,0_0_0_1,8.077111528,0.26062276,1.153069751,1.02264498,Si1,PU,combo_001,19,406.4014517,561.7689591,0.001735,0.005590555,996.5199846,66.000002,61.5,66.000002,,8.260017557009329,0.3005162209781328,362.1922924554066
0,0,0,False,0.020106156984184054,0.979893843015816,False,0.47989384301581595,0.1048101418966441,3_2_2_3,14.24038675,1.166894662,2.077194669,2.134440463,Si1,Si1,combo_002,20,382.0075466,269.4849998,0.002428018,0.05515192,1112.886868,249.1,100.4,257.000002,,30.395257687969064,2.4238673711909566,382.408070608885
0,0,0,False,0.49383332582602435,0.5061666741739757,True,0.00616667417397565,0.17818088173343924,2_1_0_0,13.07991151,0.98995982,1.227551252,0.57450861,Si1,Si1,combo_002,1,380.9564596,282.9639111,0.001589239,0.055402759,1082.669836,198.2,87.6,205.000002,Itr_3,7.5145217805331015,1.2152264164706947,381.19713810577184
1,1,0,True,0.26861408096249306,0.7313859190375069,False,0.23138591903750694,0.05356006248239544,1_1_3_3,11.59716218,0.749987548,2.945467538,2.354427476,Si1,PU,combo_001,2,381.9299798,946.1274778,-0.010388825,0.035658939,1064.054957,202.000002,84.6,202.000002,,27.30467728022006,2.209063976538217,382.5802772323042
1,1,1,False,0.7363836586598609,0.2636163413401391,False,0.23638365865986088,0.1006112958826578,1_1_3_2,11.85863792,0.794607572,2.78948706,1.601176619,Si1,PU,combo_001,3,380.6854523,527.1956938,0.033615966,0.037063758,1077.622172,194.000002,85.6,194.000002,,18.987773770690794,2.216547539872018,378.83221591198435
0,0,0,False,0.24316602842594648,0.7568339715740535,False,0.2568339715740535,0.0504108955815652,3_0_2_0,14.50517256,0.645384201,2.504354529,0.639435453,Si1,Si1,combo_002,4,402.5769513,283.5602467,-0.000353479,0.055321382,1221.505054,217.1,96.9,225.000002,,9.27512158674677,1.6162708467193965,402.6808206353893
0,0,0,False,0.18816955158251858,0.8118304484174814,False,0.3118304484174814,0.09205180506845527,1_1_0_0,11.43472274,0.945239448,1.485437973,0.531307778,Si1,Si1,combo_002,5,358.1002671,283.6168382,0.002490463,0.055421808,1009.283349,196.0,86.5,202.000002,,6.075357131035471,1.404094569636759,357.6527068398631
0,0,0,False,0.18901955259934766,0.8109804474006523,False,0.31098044740065234,0.07734670550965547,0_2_0_0,8.332987067,1.288879812,1.575827349,0.710638666,Si1,PU,combo_001,6,299.1721691,276.0117979,0.000995874,0.05543529,758.0483704,164.4,73.9,201.000002,,5.921742813088133,2.0310520573235786,299.64222902261315
0,0,0,False,0.21957789492773827,0.7804221050722617,False,0.28042210507226173,0.05048860283836832,3_0_3_0,14.55819214,0.627661419,2.60877563,0.617539996,Si1,Si1,combo_002,7,403.1498806,284.4892731,0.002483633,0.055424771,1224.393,217.0,96.9,224.000002,,8.99026591590283,1.637427813778419,402.8585994233648
0,0,0,False,0.19548208918035925,0.8045179108196407,False,0.30451791081964075,0.07734670550965547,0_2_0_0,8.721006898,1.276634938,1.521376585,0.605571727,Si1,PU,combo_001,8,304.3780479,277.8305929,0.000626626,0.055321533,780.8313787,168.6,75.2,201.000002,,5.2811952084007725,1.9422425022661267,304.17242158996334
0,0,0,False,0.07412397508483082,0.9258760249151692,False,0.4258760249151692,0.17091920606438538,3_1_1_1,14.17614515,1.03514094,1.744125727,1.371713048,Si1,PU,combo_001,9,401.0930024,283.3770717,0.002416776,0.0553703,1229.801154,223.3,95.7,230.000002,,19.445603272596916,1.8054159445249633,401.2081075809056
1,1,1,False,0.5221268255294476,0.47787317447055244,True,0.022126825529447558,0.17891247955266826,1_1_2_2,11.69529104,0.83697941,2.491316244,1.760912232,Si1,PU,combo_001,10,378.3291263,913.6054987,-0.008213736,0.03483757,1068.226884,205.000002,85.1,205.000002,,20.594381049136,2.085180400026536,377.5772724118039
0,0,0,False,0.20549497036586217,0.7945050296341378,False,0.2945050296341378,0.15398097283258663,0_2_0_0,8.258607739,1.321752945,1.425701819,0.971619216,Si1,PU,combo_001,11,298.0411241,274.2013332,-0.000591946,0.055374135,750.9232398,163.0,73.8,201.000002,,8.024221976618714,1.884425577955107,297.6758581712884
0,0,0,False,0.2183320773442574,0.7816679226557426,False,0.2816679226557426,0.289203496322261,0_2_1_1,8.076766559,1.219209565,1.869148606,1.351780461,Si1,PU,combo_001,12,304.8604531,276.5352553,0.002120462,0.055316003,753.9317291,162.3,72.6,201.000002,,10.918015222514402,2.2788838588416165,305.5789170910237
1,1,1,False,0.8174541895548373,0.18254581044516272,False,0.3174541895548373,0.05337306733061762,3_1_0_3,15.76985046,0.919409158,1.35864212,2.465286049,Si1,Si1,combo_002,13,431.5770622,917.5943331,0.000385096,0.038894721,1342.849998,219.000002,106.5,219.000002,,38.87719233385423,1.249148007572535,425.8482541124363
1,1,0,True,0.3934108321052463,0.6065891678947537,False,0.1065891678947537,0.17091920606438538,2_1_1_1,13.67728957,0.77489739,1.812538212,1.284222011,Si1,Si1,combo_002,14,400.6119311,846.2902068,0.024958669,0.032945443,1183.386676,210.000002,95.1,210.000002,,17.564676316614726,1.4045311297540668,399.89169071346936
0,0,0,False,0.21941808624103487,0.7805819137589651,False,0.28058191375896513,0.11013035483653709,1_1_2_3,11.93910776,0.7018924,2.069095869,2.33935541,Si1,Si1,combo_002,15,384.2298315,284.9742842,-0.001446639,0.055236132,1071.660859,211.3,87.7,218.000002,,27.929816328928982,1.4522826653224954,384.07988453037456
1,1,1,False,0.6499833498302223,0.3500166501697777,False,0.14998334983022232,0.147966225620174,0_1_2_2,9.992472605,0.952707422,2.379606768,1.889296656,Si1,PU,combo_001,16,350.43092,873.0076414,-0.000240662,0.041634483,925.8957658,176.000002,80.1,176.000002,,18.878745077798108,2.267069029315032,349.64568858409854
1,1,1,False,0.909215262683233,0.09078473731676695,False,0.40921526268323305,0.05208084720865713,1_1_0_1,11.32609822,0.977252794,1.180513115,1.17519742,Si1,Si1,combo_002,17,367.0558567,901.3219294,0.002466023,0.043018393,978.6260263,166.000002,81.7,166.000002,,13.310401406810593,1.1536597399873931,365.67778727004776
0,0,1,True,0.6082453465468802,0.39175465345311977,False,0.10824534654688023,0.05177993917639539,1_0_2_3,10.83553945,0.650975953,2.400359264,2.458087857,Si1,Si1,combo_002,18,369.6356158,284.7000084,0.000261739,0.055232543,1006.70706,198.7,82.5,205.000002,,26.634707946089463,1.5625761594247787,369.585783242496
1,1,1,False,0.8792193910657033,0.12078060893429665,False,0.37921939106570335,0.40251980182712666,0_0_2_0,8.16981682,0.259278526,2.189881249,0.529080542,Si1,PU,combo_001,19,360.9241221,609.2872319,0.000195096,0.051310117,968.891158,84.000002,69.9,84.000002,,4.3224911111663165,0.5677891823557589,361.861162505576
0,0,0,False,0.022663349743197614,0.9773366502568024,False,0.4773366502568024,0.09630675123197972,2_1_0_0,12.33972665,1.104132465,1.3236876,0.978975564,Si1,Si1,combo_002,20,366.192031,277.5196714,-0.001496716,0.055289571,1043.045506,211.0,91.6,218.000002,Itr_4,12.08029085678958,1.461526452677934,367.5152971453677
0,0,0,False,0.45034100941700217,0.5496589905829978,True,0.04965899058299783,0.17266823074216192,2_1_1_0,13.91644543,0.777451934,1.834228244,0.654140949,Si1,Si1,combo_002,1,397.7457914,283.2711243,0.000338761,0.055189661,1183.783697,210.1,96.0,217.000002,,9.103316820286912,1.4260242956952238,396.44133811360786
0,0,0,False,0.2378694310358469,0.7621305689641531,False,0.2621305689641531,0.1854416101864664,3_1_1_0,15.27950584,0.802985478,1.828062846,0.510823653,Si1,Si1,combo_002,2,411.8528254,282.7501233,0.000372838,0.055339994,1272.884679,227.6,101.7,235.000002,,7.805132989223634,1.4679079182093502,414.7288428581067
1,1,1,False,0.6215817404836059,0.3784182595163941,False,0.12158174048360593,0.08327586978818764,1_1_2_2,10.90248335,0.726981519,2.067943887,1.686291218,Si1,Si1,combo_002,3,365.93299,977.8450048,0.001843884,0.033453324,1005.575717,181.000002,83.6,181.000002,,18.38476192749622,1.5033569881780244,366.24120146397036
0,0,0,False,0.16368669062376284,0.8363133093762372,False,0.33631330937623716,0.11510367488471297,1_1_1_3,11.62059322,0.982730144,1.844087765,2.451072153,Si1,PU,combo_001,4,375.4440615,283.7051461,0.000281365,0.055323753,1049.82708,203.5,86.2,210.000002,,28.482912442882604,1.8122406348470883,374.5879307148931
1,1,1,False,0.7845689645424727,0.2154310354575273,False,0.2845689645424727,0.0513434337501409,3_1_2_1,15.50297621,0.726578347,2.103979977,1.478863562,Si1,Si1,combo_002,5,421.69123,911.7030079,0.004919519,0.037464026,1297.844057,221.000002,101.6,221.000002,,22.92678661952186,1.528706293809758,421.04907909780934
1,1,1,False,0.8731088035505081,0.12689119644949187,False,0.37310880355050813,0.15044619312345567,3_1_2_3,15.53887925,0.726486469,2.099370773,2.366734778,Si1,Si1,combo_002,6,425.6955988,549.3934912,-0.000379322,0.041346098,1310.250812,223.000002,102.0,223.000002,,36.77640593211756,1.5251644599985705,419.8600866864382
0,0,0,False,0.204074138045371,0.795925861954629,False,0.295925861954629,0.11510367488471297,2_1_1_3,12.2481772,0.920743372,1.969182683,2.373476047,Si1,PU,combo_001,7,386.6981515,283.2970399,0.001485272,0.055376062,1111.240044,211.0,87.2,218.000002,,29.07075520361153,1.8131119036294272,386.2278957714936
0,0,0,False,0.16917399401518196,0.830826005984818,False,0.33082600598481804,0.11780639137628203,1_1_2_3,11.30528698,0.956958025,2.128410891,2.086676398,Si1,PU,combo_001,8,367.7969928,283.7059838,0.00246134,0.055371707,1020.715796,200.6,84.2,206.000002,,23.590475513782696,2.0367998826398503,369.0798247782708
0,0,0,False,0.16741574283946647,0.8325842571605335,False,0.3325842571605335,0.11780639137628203,1_1_2_3,10.90189746,0.998224767,2.073702571,2.286182268,Si1,PU,combo_001,9,362.1963924,282.0292447,0.000263398,0.055406738,980.2555804,199.0,83.7,205.000002,,24.923724660606243,2.070021265763776,361.4382972764359
1,1,1,False,0.7637152076042639,0.23628479239573608,False,0.2637152076042639,0.08327586978818764,1_1_2_2,10.67194747,0.767451664,2.06600202,1.537045048,Si1,Si1,combo_002,10,359.1215927,910.1927712,-0.000257649,0.038904961,978.9426268,184.000002,82.7,184.000002,,16.403264011279628,1.5855566880763612,360.02136873738874
0,0,0,False,0.29111781610424714,0.7088821838957529,False,0.20888218389575286,0.12161099630646714,0_1_1_3,9.844373593,1.072952949,1.967207118,2.405896468,Si1,PU,combo_001,11,344.1459905,283.7654387,-0.000710878,0.055237273,902.855671,183.6,80.0,188.000002,,23.68454365707117,2.110720678551891,345.69498681745193
0,0,0,False,0.1879373790726504,0.8120626209273496,False,0.3120626209273496,0.1382900813935709,0_2_0_0,8.016128864,1.202529045,1.334492409,0.612772515,Si1,Si1,combo_002,12,298.3053423,277.9168744,-0.001721279,0.055290468,747.7476139,164.9,74.3,201.000002,,4.912063444557373,1.6047658821545194,293.88887470758397
0,0,0,False,0.04471049787468928,0.9552895021253107,False,0.4552895021253107,0.10231512424560618,0_1_3_3,9.427058649,0.861919557,2.82078324,2.487528445,Si1,Si1,combo_002,13,336.7502107,279.3851172,0.002038739,0.055386233,877.0813278,192.1,77.9,201.000002,,23.45007654207077,2.4312882406138248,336.241614053612
0,0,0,False,0.23294064632739264,0.7670593536726074,False,0.26705935367260736,0.1382900813935709,0_2_0_0,8.368896265,1.227272557,1.126242457,0.75371892,Si1,Si1,combo_002,14,299.194279,276.2396186,0.000200073,0.055360005,753.6150757,161.5,69.6,201.000002,,6.307795454447834,1.3822064600043527,303.3899271637304
0,0,0,False,0.247831326043638,0.752168673956362,False,0.252168673956362,0.24473421603624348,3_1_3_2,15.99185854,0.871416724,2.865332724,1.870667941,Si1,PU,combo_001,15,426.9272509,277.3833704,-0.000390647,0.055095255,1334.110495,258.7,103.1,267.000002,,29.915457087785068,2.496898855518076,422.3458738312159
0,0,0,False,0.40162098385596323,0.5983790161440368,True,0.09837901614403677,0.11275411571734209,2_1_3_2,13.96580191,0.885439604,2.544454148,1.843517275,Si1,PU,combo_001,16,405.0199172,284.2395023,0.000339995,0.055289595,1205.421933,226.8,95.4,234.000002,,25.746197080312996,2.252960473201277,403.69860017081515
0,0,0,False,0.38099154844263694,0.6190084515573631,False,0.11900845155736306,0.11840257991748694,1_0_3_3,11.88631635,0.515519353,2.93656055,2.129931783,Si1,Si1,combo_002,17,384.2184699,284.5198441,-0.00144004,0.055398758,1080.200494,209.5,86.4,217.000002,,25.31704297665755,1.513853794781324,383.4856198028543
0,0,0,False,0.06756965770273382,0.9324303422972662,False,0.4324303422972662,0.12161099630646714,0_1_2_3,9.87760257,0.913129323,2.118345209,2.426252629,Si1,Si1,combo_002,18,344.3819531,281.1469918,0.00166453,0.05533364,898.6149515,192.1,79.8,198.000002,,23.965559203679657,1.9343231265744638,345.2818774365555
0,0,0,False,0.12892998474194428,0.8710700152580557,False,0.3710700152580557,0.05276575377539745,3_1_3_3,15.75436788,0.69396048,2.949889141,2.392293028,Si1,Si1,combo_002,19,411.129846,279.8354023,0.000384709,0.055064357,1288.258859,269.6,102.4,278.000002,,37.689064439871146,2.0471064842351474,412.6649648867847
1,1,1,False,0.7385005703077923,0.26149942969220774,False,0.23850057030779226,0.05337306733061762,3_1_0_3,15.97283815,0.949692246,1.300249737,2.403288797,Si1,Si1,combo_002,20,427.9017405,526.4243905,0.007413249,0.040967955,1293.217434,215.000002,98.0,215.000002,,38.3873429821892,1.2348370930924393,424.62591376776527
0,0,0,False,0.3210987399518217,0.6789012600481783,False,0.1789012600481783,0.5188465057093041,3_3_3_0,15.93194945,1.995962565,2.939585443,0.698058674,Si1,Si1,combo_002,21,348.8949045,230.3366474,0.000389149,0.055379561,1009.955709,271.5,111.1,282.000002,,11.121435507302028,5.867302500846941,338.3805947593884
1,1,1,False,0.9393394747456796,0.06066052525432042,False,0.4393394747456796,0.14898071984911743,1_0_0_3,10.77472602,0.556080601,1.463710157,2.432120165,Si1,Si1,combo_002,22,390.8244697,839.2564964,0.001821528,0.041895138,1061.865796,131.000002,83.9,131.000002,,26.205428425592192,0.8139408237943644,386.4266579532407
1,1,1,False,0.5338833812902379,0.46611661870976207,True,0.033883381290237935,0.04812456893549514,3_1_2_0,15.40154821,0.789994775,2.323404217,0.662406689,Si1,PU,combo_001,1,420.9046211,926.4823212,0.000375889,0.034205876,1339.175827,215.000002,99.8,215.000002,Itr_5,10.202088555259976,1.8354771916429664,421.8391138160361
1,1,1,False,0.8548877244376172,0.14511227556238282,False,0.3548877244376172,0.04812456893549514,3_1_2_0,15.06063858,0.790202334,2.34707222,0.62526591,Si1,PU,combo_001,2,417.7813849,554.4796855,-0.001102098,0.039308162,1314.298943,208.000002,98.5,208.000002,,9.416903886904809,1.8546619463105611,416.58477320835834
0,0,1,True,0.8534552295784579,0.14654477042154213,False,0.3534552295784579,0.11647578802268227,3_1_2_0,15.9045163,0.739253646,2.439871738,0.520764759,Si1,PU,combo_001,3,428.6369794,282.97368,-0.000388463,0.055330873,1385.496211,226.2,101.6,233.000002,,8.28251159798107,1.8036840780888566,427.9729551992656
0,0,0,False,0.2586096826623816,0.7413903173376184,False,0.2413903173376184,0.03584748607112404,2_1_0_2,13.48140692,1.071066547,1.174777175,1.798513209,Si1,PU,combo_001,4,397.1136737,284.3697919,-0.000327885,0.055292361,1126.930399,207.5,87.2,214.000002,,24.246488421524006,1.2582645323216648,396.4919999005416
0,0,0,False,0.25998564438077665,0.7400143556192234,False,0.24001435561922335,0.03584748607112404,2_1_0_2,13.21637811,1.072271231,1.197705755,1.785639141,Si1,PU,combo_001,5,392.8632638,284.4974751,-0.000321259,0.055378313,1103.885314,205.7,86.2,213.000002,,23.599682055471607,1.2842654242896345,393.33463770039367
0,0,1,True,0.6216915513788308,0.3783084486211692,False,0.12169155137883081,0.09205180506845527,1_1_0_0,11.36352905,1.0624134,1.577584073,0.610278891,Si1,PU,combo_001,6,354.8480064,284.2610169,0.000274938,0.055243825,1001.477206,192.3,86.2,197.000002,,6.934921906480284,1.6760464587817783,355.0372230403755
0,0,0,False,0.17300290637899707,0.8269970936210029,False,0.32699709362100293,0.08189820388936099,0_1_2_2,9.589230055,0.909371849,2.128297567,1.95987338,Si1,Si1,combo_002,7,340.21221,282.4138457,0.002075227,0.05541969,886.3883943,188.9,78.7,194.000002,,18.793676719490435,1.9354138937249916,339.67782145051984
0,0,0,False,0.1304039073597778,0.8695960926402222,False,0.3695960926402222,0.13272785376847196,1_1_2_2,11.37407448,0.763617499,2.124585434,1.94062436,Si1,Si1,combo_002,8,370.105564,284.0749047,0.001376009,0.055270175,1018.1478,204.3,85.1,211.000002,,22.072806008342333,1.6223706155229096,370.5064031493383
0,0,0,False,0.07975403187379015,0.9202459681262098,False,0.42024596812620985,0.12638779280010118,1_1_1_2,11.40426329,0.920832733,1.664539545,1.830123106,Si1,Si1,combo_002,9,366.4492481,281.2563686,0.002483609,0.055345658,1004.617818,207.3,86.4,214.000002,,20.87120575393658,1.5327624984089265,366.63939751408793
0,0,0,False,0.11502201088217134,0.8849779891178287,False,0.38497798911782866,0.1624517768165239,1_1_2_1,11.59005522,0.750702804,2.264944603,1.443989163,Si1,Si1,combo_002,10,370.3406031,281.868176,0.001403007,0.055248935,1022.096809,205.5,85.6,212.000002,,16.73591413625158,1.7003002643767668,369.97433113238924
1,1,1,False,0.7972166171474555,0.2027833828525445,False,0.2972166171474555,0.16918645866191823,1_1_0_0,10.59219942,0.999397667,1.152991192,0.812184247,Si1,Si1,combo_002,11,352.1690212,858.9522619,0.000766965,0.045762245,936.041286,151.000002,78.1,151.000002,,8.602817510006536,1.152296707356349,349.436584178856
0,0,0,False,0.10183687120581908,0.8981631287941809,False,0.3981631287941809,0.12204297638425127,0_1_1_2,9.575003037,0.950053514,2.014282415,1.752509343,Si1,Si1,combo_002,12,337.0424591,281.927104,0.002072025,0.055377,876.6243441,188.5,78.7,194.000002,,16.780282281595877,1.9136760865591562,337.0056493127403
0,0,0,False,0.1023718986878066,0.8976281013121934,False,0.3976281013121934,0.22099349073064228,0_1_0_2,9.404878788,1.057990761,1.514254062,1.862527394,Si1,Si1,combo_002,13,333.6766913,283.3563335,-0.000677916,0.055318584,868.1834316,183.1,78.0,188.000002,,17.516844379899517,1.6020668074027211,332.4787378484827
0,0,0,False,0.20207814860293638,0.7979218513970636,False,0.2979218513970636,0.08189820388936099,0_1_2_3,9.143459488,0.935200025,2.102489273,2.073012533,Si1,Si1,combo_002,14,334.1426364,283.4803307,-0.00065831,0.055398999,864.7740455,183.3,76.7,188.000002,,18.954506113601763,1.966248020671832,333.8514444596931
0,0,1,True,0.805073142767128,0.19492685723287195,False,0.30507314276712805,0.052196572234318735,3_1_3_1,15.98699135,0.760847496,2.786368571,1.162305709,Si1,PU,combo_001,15,428.7951544,280.8678106,-0.000390525,0.055086733,1371.536449,240.4,102.1,248.000002,,18.581771315838616,2.1200015501784484,428.77014755594683
1,1,0,True,0.33692488201819515,0.6630751179818049,False,0.16307511798180485,0.1370340136853862,2_1_3_3,13.95151808,0.836233846,2.825356957,2.258623674,Si1,PU,combo_001,16,409.4056102,527.4216972,-0.026831402,0.031586334,1218.809842,235.4,94.3,235.4,,31.511229023727022,2.3626591144749662,406.8846270749246
1,1,1,False,0.5639375720446509,0.4360624279553491,True,0.06393757204465089,0.11013035483653709,1_0_2_3,11.87471369,0.589445849,2.147315889,2.497347025,Si1,Si1,combo_002,17,391.5511506,877.5110742,0.023880582,0.035964731,1086.588228,177.000002,85.0,177.000002,,29.65528090644827,1.2657264372627948,389.5115766731258
1,1,1,False,0.590102120665847,0.409897879334153,True,0.090102120665847,0.08241792116336231,0_0_3_3,9.973421096,0.638943298,2.928297126,2.478759423,Si1,Si1,combo_002,18,355.7423844,910.5238243,0.000720557,0.039630608,950.4261851,172.000002,79.7,172.000002,,24.721711521256985,1.8710158232103615,355.43780499810987
1,1,1,False,0.7318568153013416,0.2681431846986584,False,0.2318568153013416,0.0513434337501409,3_1_1_2,15.25135761,0.745185201,2.050812275,1.533665069,Si1,Si1,combo_002,19,417.758444,842.3905161,0.000372134,0.036841266,1282.863874,224.000002,101.0,224.000002,,23.390474421284324,1.5282349573591423,417.7037194179045
0,0,0,False,0.48383049106741893,0.5161695089325811,True,0.016169508932581067,0.05356006248239544,1_1_3_3,11.58914386,0.759412684,2.962953811,2.459384004,Si1,PU,combo_001,20,382.4253342,284.9485127,0.001402893,0.055246703,1061.676781,204.9,84.6,212.000002,,28.502155029338816,2.2501047061795387,381.87593944077383
0,0,0,False,0.23017411436489965,0.7698258856351003,False,0.26982588563510035,0.5222207274318659,3_3_0_3,15.2593202,1.977041325,1.159742584,2.472436839,Si1,PU,combo_001,21,361.2965707,254.8072979,0.000372333,0.055302642,1016.820012,259.1,98.2,268.000002,,37.72770540057685,2.2928590149302837,361.20006995603393
0,0,0,False,0.04998698448071082,0.9500130155192892,False,0.4500130155192892,0.17533065349315655,1_2_2_1,10.35767076,1.303543451,2.332134603,1.18611004,Si1,Si1,combo_002,22,314.4634287,264.2823196,0.002248126,0.055227093,831.8905125,210.1,82.5,216.000002,,12.28533727945043,3.0400387885911346,316.6331170750152
1,1,1,False,0.7542539282776488,0.2457460717223512,False,0.2542539282776488,0.05953910577075578,2_0_3_0,13.18351564,0.476879305,2.950939235,0.97730836,Si1,Si1,combo_002,1,397.757032,886.5212298,-0.01377883,0.03364598,1157.650609,188.000002,90.5,188.000002,Itr_6,12.88436004916275,1.4072418514840315,394.71147777126436
1,1,1,False,0.5789076335992434,0.42109236640075665,True,0.07890763359924335,0.149116204659784,3_0_3_1,15.2855197,0.590363492,2.664887473,1.100060159,Si1,Si1,combo_002,2,416.0726059,894.2108523,-0.00559482,0.03916374,1294.430938,205.000002,99.6,205.000002,,16.814991231579633,1.5732522743473358,416.29383222288925
1,1,1,False,0.7929944653460552,0.20700553465394478,False,0.2929944653460552,0.05953910577075578,2_0_3_1,13.59593358,0.495291181,2.91239867,1.01552444,Si1,Si1,combo_002,3,399.9457858,880.8510829,-0.002976734,0.039359042,1181.11556,172.000002,92.0,172.000002,,13.807002835106697,1.4424853768071293,398.0878729300356
1,1,1,False,0.8424124285379548,0.15758757146204516,False,0.34241242853795484,0.2017132208741945,3_0_3_1,14.31240387,0.526800656,2.913908007,1.428543172,Si1,Si1,combo_002,4,407.1234957,934.8054898,0.00453258,0.03591198,1226.67364,195.000002,95.0,195.000002,,20.445886823394876,1.5350486496112525,406.61472365384094
1,1,0,True,0.30374163795295317,0.6962583620470468,False,0.19625836204704683,0.15817772320463308,3_1_1_3,15.51130038,0.959867608,1.96326713,2.458209077,Si1,PU,combo_001,5,423.3303714,559.9176405,0.000378633,0.039756413,1340.543418,225.000002,101.6,225.000002,,38.130019390189545,1.8844765239381251,425.26343676649003
0,0,0,False,0.38171228857780193,0.6182877114221981,False,0.11828771142219807,0.14557228249878096,1_1_1_1,11.44535656,0.829138704,1.72093207,1.145548873,Si1,Si1,combo_002,6,367.1750926,283.9288137,0.00138492,0.055171409,1024.111155,198.9,86.2,205.000002,,13.111215308391158,1.4268913861918373,368.1460049191189
1,1,1,False,0.5299886873351269,0.47001131266487306,True,0.02998868733512694,0.15610182276084744,1_1_0_2,11.8231766,1.045278436,1.126532208,1.562394333,Si1,Si1,combo_002,7,370.9480536,970.5474688,0.023200783,0.036376537,1000.747658,193.000002,83.3,193.000002,,18.47246411789821,1.1775398244818667,372.35493290706245
0,0,1,True,0.5619273770215614,0.43807262297843863,True,0.06192737702156137,0.161150322459723,1_1_1_0,10.39405512,0.912514792,1.743238171,0.729859669,Si1,Si1,combo_002,8,343.9170528,284.1718576,-0.001754911,0.055327165,926.7857174,189.0,82.5,195.000002,,7.586201629450956,1.5907306170165254,345.4127192160675
1,1,0,True,0.39438977607937886,0.6056102239206211,False,0.10561022392062114,0.16561203333387187,1_1_2_1,10.23474041,0.839176632,2.126943954,1.010266646,Si1,Si1,combo_002,9,345.9111612,845.7693149,-0.000740156,0.039228242,933.1557173,181.000002,81.0,181.000002,,10.339816866691367,1.7848816637704832,345.53284139112253
0,0,0,False,0.36473052455988864,0.6352694754401114,False,0.13526947544011136,0.2855353346118447,0_1_3_1,8.273551543,1.03447117,2.993400399,1.304511683,Si1,PU,combo_001,10,317.2930329,283.0164465,0.000197689,0.055426425,804.0051001,168.6,72.9,173.000002,,10.792944647746177,3.096586413031997,314.71203465854626
0,0,0,False,0.46744712080251816,0.5325528791974818,True,0.03255287919748184,0.15035027915474813,0_1_0_3,9.214904316,1.114278836,1.121347953,2.341592258,Si1,Si1,combo_002,11,331.8685998,284.9318143,-0.000663668,0.055402813,841.4722029,169.7,73.3,174.000002,,21.577548604556384,1.2494942918198226,329.43076150250477
0,0,0,False,0.4579589159882005,0.5420410840117995,True,0.04204108401179951,0.08241792116336231,0_1_3_3,9.544915916,0.742295648,2.958574445,2.451788308,Si1,Si1,combo_002,12,343.9318088,282.7785608,-0.000688419,0.05528676,907.3864937,189.9,78.1,195.000002,,23.40211324369191,2.1961369348075155,344.2411904703988
1,1,0,True,0.39190205721871507,0.6080979427812849,False,0.10809794278128493,0.11734357565891647,3_1_0_3,15.91781391,1.011841025,1.487143196,2.297736468,Si1,PU,combo_001,13,429.2378306,586.9607518,-0.000388795,0.042378682,1394.337679,218.000002,105.4,218.000002,,36.57494151184467,1.5047524957624159,429.8505013381745
0,0,0,False,0.38793112819212183,0.6120688718078782,False,0.11206887180787817,0.10844480902751127,2_1_0_3,13.88886555,1.063220778,1.221172473,2.390887041,Si1,PU,combo_001,14,402.9382899,283.7204132,-0.000338072,0.055133812,1159.231353,217.5,88.7,225.000002,,33.20670865768634,1.298375946815244,404.5523471759918
0,0,0,False,0.49990868121657706,0.500091318783423,True,9.131878342294453e-05,0.1160792245480538,1_0_3_3,11.92889038,0.508914899,2.825672635,2.335557432,Si1,Si1,combo_002,15,386.8344467,284.8641923,-0.001445361,0.055211864,1086.599792,210.1,86.3,217.000002,,27.860608582522303,1.4380269036480888,387.1716609700071
0,0,1,True,0.5036784272076389,0.4963215727923611,True,0.00367842720763889,0.13636225393123377,0_1_3_3,9.947937043,0.950297145,2.605597265,2.499295118,Si1,PU,combo_001,16,351.2997175,283.6955162,-0.00167684,0.055298078,920.7992875,188.1,79.7,193.000002,,24.862830485741256,2.476091641949308,351.5947556656297
1,1,1,False,0.7075684722813094,0.29243152771869063,False,0.20756847228130937,0.05177993917639539,1_0_2_3,10.51798946,0.633034605,2.356952197,2.41433724,Si1,Si1,combo_002,17,367.7269572,846.6896198,0.0002538,0.042892158,993.2576964,168.000002,81.5,168.000002,,25.39397364320549,1.492032303031777,367.3537729589287
1,1,0,True,0.3004417041356078,0.6995582958643922,False,0.19955829586439222,0.052196572234318735,3_1_3_1,15.92794197,0.76499303,2.776086256,1.264972196,Si1,PU,combo_001,18,427.706501,527.2850338,0.004279534,0.043184384,1366.430377,215.000002,102.0,215.000002,,20.148403731551465,2.1236866365187956,428.44050139733855
1,1,1,False,0.8363558842161183,0.16364411578388172,False,0.3363558842161183,0.1663207692087232,0_0_0_3,8.453771432,0.267029032,1.130929037,2.458920092,Si1,Si1,combo_002,19,571.6320645,924.7591082,0.000202194,-0.001010971,1005.080984,69.000002,62.3,69.000002,,20.78714842732041,0.3019908860108022,374.8505953737842
0,0,0,False,0.31627342155343285,0.6837265784465671,False,0.18372657844656715,0.32048729691770916,1_3_3_3,10.64317512,1.909594844,2.913207073,2.252177508,Si1,PU,combo_001,20,297.1490543,247.3780096,0.001284648,0.055241457,754.9796054,228.7,85.3,236.000002,,23.970319618969203,5.563045206105132,295.14046419417554
0,0,1,True,0.559995638849486,0.440004361150514,True,0.059995638849486,0.13446263943485764,3_1_2_1,14.21933944,0.875633405,2.3212883,1.337880073,Si1,PU,combo_001,1,406.6639306,284.9036331,0.002424335,0.055110347,1236.570623,220.4,96.0,227.000002,Itr_7,19.02377088799898,2.0325975781156616,407.15167860019244
1,1,1,False,0.6371430616158591,0.3628569383841409,False,0.1371430616158591,0.161411539303149,1_1_0_0,11.93183212,1.006523977,1.143881413,0.765553126,Si1,Si1,combo_002,2,368.946216,631.2719881,0.030938601,0.039612975,1009.323498,174.000002,83.5,174.000002,,9.134451378373207,1.1513440690291394,368.58432899195685
0,0,1,True,0.5118853825166987,0.4881146174833013,True,0.011885382516698684,0.0950888845714779,3_1_2_2,14.39737002,0.89782747,2.363695935,1.896521777,Si1,PU,combo_001,3,410.0197733,284.703596,-0.00245549,0.055111172,1246.186736,232.0,96.9,239.000002,,27.304925774456926,2.1221911411703345,411.045702419591
1,1,1,False,0.5057728195010789,0.4942271804989211,True,0.005772819501078885,0.0950888845714779,2_1_2_2,13.79137828,0.867009323,2.310608367,1.802432988,Si1,PU,combo_001,4,405.7581029,642.9795252,-0.022487512,0.033899085,1209.964598,212.000002,94.2,212.000002,,24.8580351618587,2.0033189959908055,404.96624328203114
0,0,1,True,0.54826752627865,0.45173247372134995,True,0.04826752627865005,0.11544614355842782,2_1_3_3,12.03898746,0.754280327,2.772834887,2.250599915,Si1,PU,combo_001,5,388.1045211,284.7400396,0.000291825,0.055181519,1097.874245,207.8,85.8,214.000002,,27.094944154162064,2.0914948052833684,388.65909317861076
1,1,0,True,0.35267769261821513,0.6473223073817849,False,0.14732230738178487,0.1062439855059141,1_1_2_1,11.56041398,0.69266827,2.195672803,1.106434328,Si1,Si1,combo_002,6,372.0061876,608.3371501,-0.03218394,0.037221427,1038.419759,184.000002,86.4,184.000002,,12.790838873363105,1.5208728819400608,372.29107481091455
1,1,0,True,0.37427426816248044,0.6257257318375196,False,0.12572573183751956,0.17266823074216192,3_1_1_0,14.13339081,0.942071431,1.762460684,0.928391392,Si1,PU,combo_001,7,403.2674068,523.2339229,0.004474402,0.041646355,1265.62982,188.000002,94.8,188.000002,,13.121318367775908,1.660363858657119,402.86648296247864
0,0,1,True,0.5998453080528918,0.4001546919471082,True,0.09984530805289182,0.1062439855059141,1_1_1_1,11.82824913,0.715932096,2.027735243,1.199766475,Si1,Si1,combo_002,8,377.4340386,284.9887206,0.002579006,0.055259398,1056.59778,202.8,86.1,209.000002,,14.191136764121918,1.4517207426540593,376.09921501021495
0,0,0,False,0.21300782328387413,0.7869921767161259,False,0.28699217671612587,0.1340142549521796,1_1_1_2,11.72426115,0.979558603,1.792544549,1.623291119,Si1,PU,combo_001,9,372.9499349,284.6447206,0.001419783,0.055293783,1056.003534,201.1,86.3,207.000002,,19.031889001631725,1.755902434233705,372.9029817752817
1,1,1,False,0.5429565505433231,0.45704344945667685,True,0.042956550543323146,0.13446263943485764,3_1_3_1,14.33342771,0.838805769,2.558720681,1.25260745,Si1,PU,combo_001,10,407.9415255,579.5393722,-0.001745929,0.038759618,1243.290052,198.000002,96.3,198.000002,,17.954158333582438,2.1462696684824087,408.2443107796315
0,0,0,False,0.4574565957636594,0.5425434042363406,True,0.04254340423634062,0.16561203333387187,0_1_2_1,9.862887473,1.050109958,2.187092268,1.207612589,Si1,PU,combo_001,11,338.2836615,283.7557834,0.001661956,0.055290981,895.8691228,182.8,79.6,188.000002,,11.910547076285198,2.2966873696916044,336.3603037354502
1,1,1,False,0.5093184969509998,0.49068150304900016,True,0.009318496950999844,0.19084527000429785,0_1_2_1,9.863695151,1.002064456,2.426117063,1.489334994,Si1,PU,combo_001,12,341.2119564,1033.204349,0.000712328,0.041077553,906.2711446,181.000002,79.3,181.000002,,14.690346358532414,2.431125674927413,340.7738003643704
1,1,1,False,0.5276289807385908,0.47237101926140923,True,0.02762898073859077,0.14752240825691806,0_1_3_2,9.761660415,0.917111609,2.85132848,1.945996659,Si1,PU,combo_001,13,347.1452712,891.5018353,0.00305359,0.037817532,915.7190062,183.000002,78.5,183.000002,,18.99615855388255,2.614986450080324,346.637922635553
0,0,0,False,0.3196419928881369,0.6803580071118631,False,0.18035800711186312,0.27879924345807655,3_1_0_0,15.96528394,1.017758372,1.394411448,0.624424939,Si1,PU,combo_001,14,423.002533,276.9758846,0.000389982,0.05504874,1382.754458,233.5,104.4,241.000002,,9.96912145035218,1.419173925214643,423.2842376702202
1,1,1,False,0.5882192037158802,0.4117807962841198,True,0.08821920371588021,0.1128408098990809,2_0_2_3,13.94784998,0.682728863,2.188335245,2.492297994,Si1,Si1,combo_002,15,409.1073466,552.693576,0.002376824,0.039047819,1195.247137,201.000002,95.0,201.000002,,34.76219852576694,1.4940396336816766,407.2602874549708
1,1,0,True,0.2900515315810708,0.7099484684189292,False,0.20994846841892922,0.1419589468621536,1_1_0_3,11.82582415,0.99203886,1.418649653,2.282452322,Si1,PU,combo_001,16,379.1823606,923.2799926,0.00716239,0.036957932,1058.941981,200.000002,88.2,200.000002,,26.99187979073118,1.4073555845015155,379.8743358484103
0,0,1,True,0.6355202442551899,0.36447975574481006,False,0.13552024425518994,0.13303511788936448,0_1_3_3,9.77629578,0.923469719,2.885109932,2.24815933,Si1,PU,combo_001,17,347.8654742,284.5476631,0.001646803,0.055275128,909.8975737,185.5,78.7,191.000002,,21.978670570646628,2.6643116581881494,348.7047701161037
0,0,0,False,0.047498001932581246,0.9525019980674188,False,0.45250199806741875,0.0504108955815652,3_1_2_0,14.43332764,0.712429389,2.465954833,0.687783121,Si1,Si1,combo_002,18,399.0039012,280.7019616,-0.000351683,0.055181294,1204.605705,218.2,97.2,226.000002,,9.926999130654766,1.756818694975787,398.7951265097869
0,0,0,False,0.15116901592159593,0.8488309840784041,False,0.34883098407840407,0.05048860283836832,3_0_3_0,14.33779141,0.633932594,2.598373073,0.533939186,Si1,Si1,combo_002,19,398.9760095,283.3878973,0.002445063,0.055344285,1206.343097,211.7,96.0,219.000002,,7.655508674493192,1.6471933823466414,399.5255395916515
1,1,1,False,0.8179745621484926,0.18202543785150738,False,0.3179745621484926,0.18780843259516894,0_0_0_3,8.012492482,0.256270076,1.258800718,2.126281011,Si1,PU,combo_001,20,448.1583535,826.7926205,-0.000191162,0.014337169,954.3541432,84.000002,68.0,84.000002,,17.03681061525686,0.3225929556707146,367.6817137386926
1,1,1,False,0.8852606937166456,0.11473930628335438,False,0.3852606937166456,0.2504244483523208,0_1_0_3,8.070334292,0.751612511,1.354690932,2.078605857,Si1,Si1,combo_002,21,345.0640369,864.8839803,-0.000192608,0.047959454,848.2726789,124.000002,73.7,124.000002,,16.775044127299147,1.0182026530294503,337.50488493907244
