TP_NoTP,actual_label,oof_predicted_label,oof_is_error,oof_p_tp,oof_p_notp,is_boundary_band,ptp_distance_from_boundary,local_nn_dist,coverage_cell_key,A_Cell_D,C_Barrier_Thx,E_Barrier_Outer_Thx,F_ThermalResin_Thx,B_Barrier_Type,D_Barrier_Outer_Type,discrete_combo_id,Eval#,MaxT_TB,MaxT_Adj,MaxT_Adj_Y,MaxT_Adj_Z,Max_Power,Time_MaxT,Time_Max_Power,CellD_x_Resin,Barrier_x_Outer,oof_tmax_pred
0,0,0,False,0.00016730206539250503,0.9998326979346075,False,0.4998326979346075,0.19965824825109837,3_2_3_2,18.62684818,1.458072224,2.86382676,1.893774539,Si1,Si1,combo_002,1,269.2523,273.978,-0.001369564,0.05222171,1184.959,Initial,,35.27505082510249,4.1756662531039135,279.0034637730951
0,0,0,False,0.27734282744563643,0.7226571725543636,False,0.22265717255436357,0.05213830252003757,0_1_0_3,12.52869446,1.001808979,1.241708597,2.170434416,Si1,Si1,combo_002,2,276.5266,301.5515,-0.006385412,0.05204572,1249.321,,,27.192709643532535,1.2439548217760923,276.12537197204887
1,1,1,False,0.9996161956157721,0.00038380438422791485,False,0.4996161956157721,0.1745002473957412,2_0_3_2,17.84383893,0.268509317,2.588366313,1.607868421,Si1,Si1,combo_002,3,316.8052,617.4394,-0.00218473,0.03888819,1498.415,,,28.69054512495743,0.6950004708494383,367.4340889691347
1,1,1,False,0.999946522998016,5.347700198399252e-05,False,0.499946522998016,0.2717440596619065,2_0_1_1,17.93445734,0.479760148,1.582999054,1.338977718,Si1,Si1,combo_002,4,317.8407,920.8149,-0.002196058,0.03030559,1486.597,,,24.01383876268155,0.7594598604309,364.9644063586968
0,0,0,False,0.000430114951655014,0.999569885048345,False,0.499569885048345,0.25147677558099,0_2_3_0,12.30103579,1.477309805,2.770502695,0.548870428,Si1,Si1,combo_002,5,223.556,220.4804,-0.00149188,0.05215871,1045.055,,,6.751674778900618,4.092890796102424,210.49620608425738
1,1,1,False,0.9999368538713043,6.314612869573466e-05,False,0.49993685387130427,0.1171929798619558,2_0_1_2,16.02199905,0.542023691,1.810416534,1.95165465,Si1,Si1,combo_002,6,312.0508,649.965,-0.0027398,0.0285722,1413.422,,,31.269408948228087,0.981288652006107,346.7492605446001
1,1,1,False,0.9998119448384841,0.00018805516151587653,False,0.4998119448384841,0.16367644657108177,2_0_3_3,17.6566805,0.531196288,2.633629062,2.409026922,Si1,Si1,combo_002,7,312.5422,670.7972,-0.003025869,0.03414909,1413.26,,,42.535418677652416,1.3989739817033215,344.23763993813634
0,0,0,False,0.0007391144861230714,0.9992608855138769,False,0.49926088551387693,0.2455021436757893,0_2_3_3,12.87817248,1.337347579,2.976586022,2.336417144,Si1,Si1,combo_002,8,245.7626,247.917,-0.005317672,0.05216275,1087.536,,,30.088782965660997,3.9807301102069412,244.40870217565276
0,0,0,False,0.0017349324425595114,0.9982650675574405,False,0.4982650675574405,0.28610651603858034,1_3_2_3,14.30469891,1.972358972,2.355482905,2.492923913,Si1,Si1,combo_002,9,230.7124,225.669,-0.001742338,0.05198659,1010.203,,,35.660525981004035,4.6458578410693745,235.46245093670555
1,1,1,False,0.7909177389670958,0.20908226103290417,False,0.29091773896709583,0.12335461054030075,1_0_0_0,14.67424021,0.564953734,1.316618624,0.815713546,Si1,Si1,combo_002,10,309.7368,859.8222,-0.00536559,0.02110465,1383.258,,,11.969976516554885,0.7438286078827421,304.5736902817762
1,1,1,False,0.9998353798378048,0.00016462016219520592,False,0.4998353798378048,0.21911748114848675,2_0_2_3,16.302748,0.433537444,2.490986588,2.115923496,Si1,Si1,combo_002,11,311.7466,594.0592,-0.001992094,0.0298814,1416.588,,,34.49536754256701,1.0799359583998012,356.0641966216181
1,1,1,False,0.9997728904301084,0.00022710956989158149,False,0.4997728904301084,0.16019585167819164,1_0_1_2,15.2531209,0.318545961,2.013664799,1.761156763,Si1,Si1,combo_002,12,314.2407,563.3429,-0.002605246,0.03089078,1450.531,,,26.863137029891647,0.6414447885293267,350.84449176508605
1,1,1,False,0.7576884008244065,0.24231159917559353,False,0.25768840082440647,0.06251876238539773,0_0_3_1,13.49089893,0.514234953,2.940748709,1.493713682,Si1,Si1,combo_002,13,303.5836,871.2251,-0.008859308,0.01935923,1308.564,,,20.151540314220163,1.5122357741574257,298.1256373607352
1,1,1,False,0.9939983873736082,0.006001612626391761,False,0.49399838737360824,0.20204709435460916,1_0_3_3,14.84680003,0.558711947,2.934318749,2.046469012,Si1,Si1,combo_002,14,312.7613927,856.6004366,-0.00760242,0.02135918,1326.188874,,,30.383516188755674,1.6394389413723944,319.73090748656887
1,1,1,False,0.9995021282680909,0.000497871731909072,False,0.49950212826809093,0.20408973612526327,3_0_3_1,18.98046835,0.425420193,2.746541781,1.153626705,Si1,Si1,combo_002,15,314.2152,932.0463,-0.000465362,0.02931779,1479.887,,,21.896375161967285,1.1684343345555837,357.8391695748281
1,1,1,False,0.997487348247887,0.0025126517521130154,False,0.497487348247887,0.11401412060036484,1_0_3_3,14.6559965,0.388034242,2.795653036,2.38565829,Si1,Si1,combo_002,16,311.6638,562.2603,-0.004644249,0.01893424,1376.026,,,34.964199548435985,1.0848091067192587,336.11144047337325
1,1,1,False,0.9879278207075686,0.012072179292431429,False,0.48792782070756857,0.13496852903648526,1_0_0_0,14.03534867,0.362211251,1.238204977,0.722295272,Si1,Si1,combo_002,17,308.0811,609.957,-0.002392136,0.02904737,1441.175,,,10.137665985212488,0.4484917737135963,318.04434265080477
1,1,1,False,0.9992750573616149,0.0007249426383850732,False,0.4992750573616149,0.23089834245896126,0_0_0_2,13.74962758,0.454414648,1.133387629,1.655306154,Si1,Si1,combo_002,18,313.4154,705.3342,-0.002342135,0.02509431,1429.034,,,22.759843148382128,0.5150279404795896,322.7756258333335
0,0,0,False,7.150269482281146e-05,0.9999284973051772,False,0.4999284973051772,0.36517304819566015,2_3_2_2,16.94755646,1.765520856,2.139781437,1.688492175,Si1,Si1,combo_002,19,248.2692,244.1401,-0.000414539,0.05231596,1101.283,,,28.615816468080702,3.77782875430515,240.15875428668883
1,1,1,False,0.9383690830486557,0.06163091695134426,False,0.43836908304865574,0.18267392913304936,1_1_2_2,14.94408592,0.704220033,2.370926716,1.831402762,Si1,Si1,combo_002,20,314.5102,896.2173,-0.009840208,0.01712925,1305.742,,,27.36864022945331,1.6696540901821018,311.6676701501221
1,1,1,False,0.9969766259306425,0.0030233740693574873,False,0.4969766259306425,0.1761929085939745,2_0_3_1,17.31380517,0.572657225,2.6781643,1.19229495,Si1,Si1,combo_002,21,308.6057,856.6134,-0.002965867,0.01906629,1374.88,,,20.643162469474888,1.5336701361320677,317.59221642058867
1,1,0,True,0.45014783414350745,0.5498521658564925,True,0.04985216585649255,0.14462892637448135,0_0_2_0,12.10878406,0.403154262,2.29968358,0.886933679,Si1,Si1,combo_002,22,292.1919,808.9561,-0.00557782,0.03376049,1349.874,,,10.739688394552356,0.9271272365284179,288.47237204012725
0,0,0,False,0.09129802750669569,0.9087019724933043,False,0.4087019724933043,0.23072411023019454,0_1_1_2,12.2244285,0.802911918,1.798230703,1.510630384,Si1,Si1,combo_002,23,272.3423,292.6169,-0.004446911,0.05228855,1265.265,,,18.466593119135542,1.4438208627522182,271.54242892116065
0,0,0,False,8.337809117620054e-05,0.9999166219088238,False,0.4999166219088238,0.37390560759568126,1_3_0_2,14.45448597,1.659296555,1.176609765,1.722313775,Si1,Si1,combo_002,24,247.7642,243.5607,-0.007396457,0.05226371,1102.261,,,24.895160296675236,1.9523445296438597,243.66848387391354
1,1,1,False,0.9957832391261263,0.004216760873873682,False,0.4957832391261263,0.20939901429409755,2_0_3_1,16.60077623,0.330428957,2.979344658,1.038177171,Si1,Si1,combo_002,25,307.6193,632.0267,-0.002029348,0.02881673,1419.941,,,17.234546902865446,0.9844617478864618,329.67187083827423
0,0,0,False,0.0009629344998529632,0.999037065500147,False,0.49903706550014704,0.22212184910275434,0_2_3_3,12.65653163,1.207359029,2.537372765,2.289549832,Si1,Si1,combo_002,26,253.3885,257.1641,-0.006452528,0.05231738,1126.851,,,28.977759867169187,3.0635199177614454,253.568001895271
1,1,1,False,0.999884241849827,0.00011575815017295099,False,0.49988424184982705,0.10090413559730925,3_0_0_3,19.37542085,0.451426464,1.531075622,2.197039373,Si1,Si1,combo_002,27,321.5915,703.4329,-0.002376178,0.03184078,1523.726,,,42.56856247589513,0.6911680541560606,402.5466248917075
1,1,1,False,0.9998202561607741,0.00017974383922592096,False,0.4998202561607741,0.16607452044128682,3_0_3_2,19.53632204,0.503631177,2.720565066,1.987705996,Si1,Si1,combo_002,28,313.9197,595.1368,-0.00239629,0.02252513,1465.215,,,38.83246445869496,1.3701613862946627,380.3643540490423
0,0,0,False,0.0015453367831241849,0.9984546632168758,False,0.4984546632168758,0.33753718228823854,2_3_2_3,17.55485664,1.927287788,2.30289886,2.358034251,Si1,Si1,combo_002,29,245.9010886,240.4765848,-0.004726937,0.05198329,1081.920726,,,41.39495322851477,4.438348849877121,247.42183165971895
0,0,0,False,5.410259814198071e-05,0.999945897401858,False,0.499945897401858,0.2610149909575337,2_1_2_0,16.19381065,1.081047911,2.123741577,0.946872721,Si1,Si1,combo_002,30,268.5126,273.3244,-0.004352648,0.05231589,1218.421,,,15.333477553524277,2.295866395319696,268.34489360774205
1,1,1,False,0.9999285497999608,7.145020003918034e-05,False,0.4999285497999608,0.23047153053246275,3_0_2_3,19.3339357,0.379760203,2.244487163,2.233841509,Si1,PU,combo_001,31,319.7139,577.3182,-0.003319389,0.03366809,1515.628,,,43.188948098996974,0.8523669006517741,356.45774544097975
1,1,1,False,0.9997639696058513,0.00023603039414865634,False,0.49976396960585134,0.17547362851257034,1_0_1_1,15.76814452,0.58992529,1.849159101,1.375890969,Si1,PU,combo_001,32,309.6729,708.7055,-0.002695375,0.02425838,1397.745,,,21.69524764295484,1.0908657189135644,338.0581267522376
1,1,1,False,0.9998081037118709,0.00019189628812910087,False,0.4998081037118709,0.17547362851257034,1_0_1_1,15.0600743,0.371841214,1.722946044,1.266081887,Si1,PU,combo_001,33,312.7722,652.7956,-0.005510278,0.03122491,1450.865,,,19.067287288104204,0.6406623486574573,345.07739635552804
1,1,1,False,0.9999755889808739,2.441101912609156e-05,False,0.4999755889808739,0.10090413559730925,3_0_0_3,19.17589525,0.48143976,1.383919543,2.311352583,Si1,PU,combo_001,34,321.7915,542.9315,-0.002351237,0.03620906,1515.397,,,44.322255017424936,0.6662738926412297,381.37044638407747
0,0,0,False,0.00012051821727254719,0.9998794817827275,False,0.49987948178272745,0.27436844305657476,3_2_2_0,18.44334666,1.539945902,2.449101948,0.767896213,Si1,PU,combo_001,35,256.4960456,251.72138,-0.007682874,0.051960224,1174.276157,,,14.162576055260198,3.771484508402817,258.02137592266035
0,0,0,False,0.00037378733020432264,0.9996262126697957,False,0.4996262126697957,0.28610651603858034,1_3_3_3,15.58433078,1.604103507,2.555810992,2.433815596,Si1,PU,combo_001,36,256.2285651,252.9201709,-0.006467791,0.052071162,1116.162572,,,37.92938730558684,4.099785375496349,255.0286196642596
1,1,1,False,0.9788608024346104,0.021139197565389622,False,0.4788608024346104,0.19391274156231067,0_1_0_3,13.41038755,0.970650147,1.343472983,2.468896015,Si1,PU,combo_001,37,298.0658904,891.7861117,-0.006196085,0.042720377,1274.694509,,,33.10885238180061,1.3040422484394785,296.71333913679194
0,0,0,False,0.18406421429017428,0.8159357857098257,False,0.3159357857098257,0.051156397347978895,3_2_3_3,18.38118458,1.274950167,2.998720407,2.499282949,Si1,PU,combo_001,38,307.4379503,320.9531954,-0.00045,0.051871632,1228.938748,,,45.93978120321572,3.823219083690958,301.80751775890167
1,1,1,False,0.9995552333298292,0.0004447666701707931,False,0.4995552333298292,0.11401412060036484,0_0_3_3,13.9146868,0.396790621,2.898239833,2.462401239,Si1,PU,combo_001,39,312.1656982,639.5998436,-0.00372589,0.032178139,1387.629709,,,34.263542016616945,1.1499943831430062,331.32216431789
0,0,0,False,0.0035034948249403897,0.9964965051750596,False,0.4964965051750596,0.0962162301684831,1_1_3_1,15.68552034,0.936078738,2.706971256,1.215077596,Si1,PU,combo_001,40,280.7776552,295.0692776,-0.006510796,0.052243185,1262.806178,,,19.0591243467363,2.533938237118755,287.50225222477667
1,1,1,False,0.9998755523070031,0.0001244476929969096,False,0.4998755523070031,0.1745002473957412,3_0_2_1,18.16369254,0.496766543,2.520782895,1.402209772,Si1,PU,combo_001,41,314.119188,917.6657859,-0.002224711,0.032480784,1453.797808,,,25.4693071751915,1.252240604402682,358.0370371439103
1,1,1,False,0.9891631757918731,0.010836824208126927,False,0.4891631757918731,0.05797588051207281,3_1_3_2,19.63960543,1.113164337,2.817524522,1.776142947,Si1,PU,combo_001,42,312.0382438,859.2695123,-0.003372882,0.01975545,1290.135767,,,34.882746666357406,3.1363678165133715,329.59733966052886
1,1,1,False,0.9998368532349104,0.00016314676508955017,False,0.49983685323491045,0.284485341714202,3_0_0_1,19.74448488,0.305565396,1.450814086,1.094086093,Si1,PU,combo_001,43,321.1947251,550.5630493,-0.001453386,0.04117927,1559.850358,,,21.602166320656778,0.4433185807109681,372.74817291070485
1,1,1,False,0.9940863047025914,0.005913695297408594,False,0.4940863047025914,0.06251876238539773,0_0_3_2,13.28849916,0.439730428,2.914858397,1.564995642,Si1,PU,combo_001,44,304.5407958,626.6395801,-0.004199813,0.024875812,1364.420802,,,20.796443274120662,1.281751930472204,307.7473456372284
1,1,1,False,0.9999447227213523,5.527727864773624e-05,False,0.49994472272135226,0.19884725182441565,1_1_1_3,15.39254371,0.715208286,1.952780973,2.219546279,Si1,PU,combo_001,45,312.032937,712.188295,-0.007137608,0.016904862,1359.481083,,,34.16446311587535,1.3966451326327423,336.87871923690716
0,0,0,False,0.0003904673812940018,0.999609532618706,False,0.499609532618706,0.29680850176587364,1_3_2_2,14.19285056,1.711925514,2.071108986,1.912440758,Si1,PU,combo_001,47,242.5356839,238.2127148,-0.002419699,0.052125344,1074.028516,,,27.142985883147126,3.545584315408069,242.97874804883918
1,1,1,False,0.999980013427944,1.998657205604104e-05,False,0.49998001342794396,0.16367644657108177,3_0_3_3,18.806949,0.52360949,2.647771553,2.253565455,Si1,PU,combo_001,48,317.9576733,931.3848563,-0.002305119,0.029966544,1469.284763,,,42.38269058034679,1.386398312502838,370.7766657042092
1,1,1,False,0.9954822786693285,0.00451772133067152,False,0.4954822786693285,0.20939901429409755,2_0_3_1,16.43995072,0.317421341,2.95683611,1.454101292,Si1,PU,combo_001,49,312.8938056,565.8491652,-0.002009244,0.035764541,1450.413946,,,23.905353582368328,0.9385628831534235,346.8725813500534
1,1,1,False,0.9998954399795821,0.0001045600204179209,False,0.4998954399795821,0.1737589271871564,2_0_3_3,17.42818251,0.342979567,2.877762321,2.481106205,Si1,PU,combo_001,51,318.5917066,648.1992662,-0.002132773,0.03881646,1475.584031,,,43.24117176743348,0.987013674785495,383.59288613202295
1,1,1,False,0.999995777353547,4.2226464529449e-06,False,0.49999577735354706,0.2161629607171272,3_0_2_3,18.06531948,0.586532814,2.199580405,2.001884226,Si1,PU,combo_001,55,315.6454717,656.5237794,-0.002212415,0.039380987,1442.389153,,,36.16467810466252,1.2901260845639095,382.25535806237025
1,1,1,False,0.999981008871714,1.8991128285961167e-05,False,0.49998100887171404,0.21911748114848675,2_0_2_3,16.80539511,0.463012307,2.17703058,2.372647564,Si1,PU,combo_001,57,318.2038277,858.9704841,-0.002054925,0.032467815,1453.396542,,,39.87327976979901,1.007991951255348,379.4835056955998
1,1,1,False,0.9999644509267682,3.5549073231777584e-05,False,0.4999644509267682,0.2947897725989792,3_0_1_1,19.9471627,0.62186667,1.888690875,1.050340014,Si1,PU,combo_001,58,312.4201128,692.3562183,-0.002447645,0.026924095,1482.121974,,,20.95130314957828,1.1745139050956361,362.16158124626685
1,1,1,False,0.9752079360284824,0.024792063971517564,False,0.47520793602848244,0.13496852903648526,0_0_0_0,13.68335434,0.35276901,1.468511263,0.643335527,Si1,PU,combo_001,59,305.4174671,557.8587944,-0.002996404,0.024970031,1429.357469,,,8.802987975451636,0.5180452644223595,309.9709714418681
1,1,1,False,0.9999864247237156,1.3575276284427673e-05,False,0.4999864247237156,0.10506214331878654,2_0_1_2,16.87056968,0.413451255,2.026387788,1.842738096,Si1,PU,combo_001,60,318.0454703,897.6877473,-0.002063071,0.033421754,1472.973026,,,31.088041450558528,0.837812574065274,375.4293423397862
1,1,1,False,0.9294008716636881,0.07059912833631188,False,0.4294008716636881,0.258135540435977,0_1_3_3,12.96308161,0.838110934,2.849597858,2.450983463,Si1,PU,combo_001,46,292.4835198,882.0806704,-0.006613467,0.029918065,1256.008597,Itr_1,,31.772298655629417,2.3882791222927797,294.6745130880419
0,0,0,False,0.13403069012576907,0.8659693098742309,False,0.36596930987423093,0.18171200480898375,0_0_1_0,13.1239063,0.547659429,1.696203946,0.567925676,Si1,PU,combo_001,50,288.8643354,319.5670036,-0.004784216,0.052034768,1364.26726,,,7.453403357188159,0.9289420845339068,288.19294331440847
0,0,0,False,0.0077922872355884465,0.9922077127644116,False,0.49220771276441155,0.2565882251198159,3_3_1_3,18.78138005,1.881554495,1.667161109,2.07016464,Si1,PU,combo_001,52,262.8411628,258.4785571,-0.001381154,0.051981532,1151.262718,,,38.88054886991143,3.136854478528135,265.534506665116
0,0,0,False,0.00010506368198548444,0.9998949363180145,False,0.4998949363180145,0.25147677558099,0_2_2_0,12.75205068,1.198319507,2.429543852,0.647733729,Si1,PU,combo_001,53,243.5700575,241.5717466,-0.005264071,0.052210705,1145.79268,,,8.259933339353386,2.911369790963521,239.445370177756
0,0,0,False,2.5924981628122623e-05,0.9999740750183719,False,0.4999740750183719,0.17737474333072226,1_2_1_0,15.9985666,1.397432909,1.611685025,0.873635037,Si1,PU,combo_001,54,258.633114,255.5632158,-0.003517328,0.051993736,1176.469471,,,13.976908323537964,2.252221692877488,258.1724357779019
0,0,0,False,0.000880645108736644,0.9991193548912634,False,0.49911935489126336,0.32030164299528324,2_3_3_3,17.11016438,1.832971224,2.994408202,2.147021007,Si1,PU,combo_001,56,247.8322433,242.9064207,-0.005441852,0.052153448,1090.959253,,,36.735882357083135,5.488664067175579,248.8829720977779
1,1,1,False,0.9978380043741026,0.0021619956258973616,False,0.49783800437410264,0.14564916476821457,3_1_1_1,19.48887372,1.07280418,1.913047099,1.421626858,Si1,Si1,combo_002,1,312.9253463,657.8628443,-0.005258789,0.020557085,1294.142068,,,27.705906312522373,2.0523249243440738,330.2477534473043
1,1,1,False,0.9797581822600705,0.020241817739929502,False,0.4797581822600705,0.08407328774643347,2_1_0_2,16.15998954,1.05771777,1.224707966,1.834446506,Si1,PU,combo_001,3,324.0583934,821.0070479,-0.005133047,0.014609441,1299.435835,,,29.64463634864955,1.2953953786987558,308.6084163656445
0,0,0,False,0.23023360484944533,0.7697663951505547,False,0.26976639515055467,0.11414930562576897,2_1_2_2,17.87451634,1.032736554,2.460078924,1.5422751,Si1,Si1,combo_002,4,312.1300466,333.4837263,-0.000438,0.052025067,1256.91049,,,27.56742147572513,2.540613430539788,315.70833281254625
1,1,1,False,0.9999690730555812,3.09269444187521e-05,False,0.49996907305558125,0.18611753827502273,3_1_0_1,19.61601396,1.051327636,1.167887765,1.375243117,Si1,PU,combo_001,5,308.73783,795.5817597,-0.002406251,0.036093769,1357.711572,,,26.97678818146591,1.2278326830907733,347.1735762843865
1,1,1,False,0.9991681056432071,0.0008318943567928727,False,0.4991681056432071,0.17318872509129254,3_1_2_1,19.6863917,1.020742006,2.361074252,1.303241372,Si1,PU,combo_001,6,306.5708888,874.8059083,-0.002415049,0.024633497,1317.211614,,,25.656120128837415,2.41004766830143,334.63077144333164
0,0,0,False,8.933054505178006e-05,0.9999106694549482,False,0.4999106694549482,0.15910620238528164,1_1_3_2,15.66787669,1.058210344,2.989506512,1.93405104,Si1,Si1,combo_002,7,275.8525072,288.8091117,-0.006503298,0.05221319,1198.014325,,,30.30247320688626,3.16352671445376,279.83028132928973
1,1,1,False,0.8891041891872646,0.11089581081273536,False,0.38910418918726464,0.08407328774643347,2_1_0_2,16.45363045,1.008649694,1.280895259,1.707004694,Si1,Si1,combo_002,8,311.079588,560.5963889,-0.007641624,0.025338017,1301.130906,,,28.086424411491333,1.2919746110364008,312.45705643250017
0,0,0,False,0.07786443588690872,0.9221355641130913,False,0.4221355641130913,0.14474429167777617,2_1_3_2,16.44594853,1.039418783,2.638396516,1.751894624,Si1,PU,combo_001,9,294.7007925,311.8123484,-0.004421986,0.051927918,1249.818135,,,28.8115688162877,2.7423988957321597,300.6441137523508
1,1,0,True,0.3894536893306224,0.6105463106693776,False,0.11054631066937759,0.06875457739219755,0_1_1_3,12.17450815,0.954668269,2.0137605,2.448021916,Si1,Si1,combo_002,10,271.6831572,886.138147,-0.003837766,0.046348402,1216.264224,,,29.803462767720614,1.9224732507155746,271.8070325621378
1,1,1,False,0.6480753794917291,0.3519246205082709,False,0.1480753794917291,0.13100445199628066,1_1_1_2,15.91340396,1.072032294,1.739697257,1.910389502,Si1,PU,combo_001,11,316.412194,581.1649795,-0.02060031,0.026041902,1268.90539,,,30.400799866269228,1.8650116412872175,298.2556987672162
0,0,0,False,0.058964145390064004,0.941035854609936,False,0.441035854609936,0.18267392913304936,1_1_2_2,15.25978249,1.001313411,2.469103847,1.867260402,Si1,PU,combo_001,12,302.7470088,327.0618502,-0.003351101,0.052264119,1250.319196,,,28.49398758670996,2.472346795152792,290.63208742495453
1,1,1,False,0.995853431371529,0.004146568628470959,False,0.49585343137152904,0.18585509907514183,3_2_2_3,19.79022819,1.187194114,2.187146424,2.42816157,Si1,Si1,combo_002,14,314.3158915,673.0878788,-0.002428029,0.021852259,1284.530613,,,48.05387155248866,2.596567361028948,345.08457945851865
1,1,1,False,0.9729996871029698,0.0270003128970302,False,0.4729996871029698,0.20169097268485592,2_2_0_3,17.50806028,1.183185973,1.238193894,2.447746755,Si1,Si1,combo_002,15,327.4362129,664.1668643,-0.002999861,0.010713787,1273.627847,,,42.855297736714384,1.4650136472350488,319.5643401299289
1,1,1,False,0.9966310624004109,0.003368937599589117,False,0.4966310624004109,0.05797588051207281,3_1_3_2,19.36472206,1.07212326,2.7627171,1.832657491,Si1,PU,combo_001,16,311.2066824,625.5957549,-0.00237484,0.024223368,1290.580156,,,35.488902944391945,2.961973263709746,335.01725905618747
1,1,1,False,0.9999795045578139,2.0495442186074797e-05,False,0.4999795045578139,0.24184635103701818,3_1_1_3,19.42079795,0.871383295,1.900512871,2.492395438,Si1,Si1,combo_002,17,312.7725947,889.6352337,-0.00524007,0.03096405,1379.422525,,,48.40430821289975,1.6560751677218901,362.93641820132297
1,1,1,False,0.9944719598072425,0.005528040192757544,False,0.49447195980724246,0.05441330971149214,3_1_2_2,18.27718379,1.056774647,2.239840708,1.527581188,Si1,PU,combo_001,2,337.4758857,656.3098357,-0.004030015,0.011194488,1288.916264,Itr_2,,27.919882127222543,2.36700687353293,320.4471245398147
1,1,1,False,0.5438283958777674,0.45617160412223257,True,0.043828395877767434,0.10965008871565946,0_1_1_3,12.53581065,0.885879093,1.909329157,2.181687159,Si1,Si1,combo_002,13,279.3953433,532.026863,-0.004563679,0.037422166,1244.686509,,,27.349217122760443,1.6914347818416147,276.63933647271404
0,0,0,False,0.010819673040373345,0.9891803269596267,False,0.48918032695962665,0.20371592937737945,2_2_1_3,17.12711344,1.47384866,1.802604379,2.379817607,Si1,PU,combo_001,18,278.7939425,289.7898944,-0.004609305,0.052179721,1189.853694,,,40.75940612159834,2.656766048499282,283.02873520785573
0,0,0,False,0.07261224508204123,0.9273877549179588,False,0.4273877549179588,0.1315925568496823,2_2_2_3,16.17235204,1.248610739,2.155314859,2.471342702,Si1,PU,combo_001,1,288.9860162,305.9819531,-0.007508017,0.052280481,1210.333765,,,39.96742418822881,2.691149278873671,287.02014066630875
1,1,1,False,0.9806066514854592,0.019393348514540776,False,0.4806066514854592,0.15362296810707046,3_0_3_0,18.57622385,0.640512226,2.977544632,0.538406884,Si1,PU,combo_001,2,301.6187938,574.3403537,-0.002276277,0.03141263,1385.989332,,,10.001566799564985,1.9071537402566707,313.08823588398167
0,0,0,False,0.08513401654533936,0.9148659834546606,False,0.41486598345466064,0.09566646133248408,0_0_3_0,12.22053439,0.396077789,2.89705266,0.510498624,Si1,PU,combo_001,3,283.1548566,313.2823058,-0.004445449,0.052279966,1357.782011,,,6.238565990639679,1.1474582121893688,282.8889534588393
1,1,1,False,0.9973951943409247,0.002604805659075282,False,0.4973951943409247,0.12198278204277335,3_1_3_0,19.81188328,0.745306681,2.673067517,0.595807313,Si1,PU,combo_001,4,303.0506776,566.3449226,-0.002430735,0.037433319,1383.566274,,,11.804064942526427,1.9922550791841809,317.85310186318003
0,0,0,False,0.31978921938093663,0.6802107806190634,False,0.18021078061906337,0.15462237995689757,2_2_2_3,17.5650182,1.196808624,2.523332595,2.131832183,Si1,PU,combo_001,5,303.9910284,320.0344705,-0.005589682,0.05199853,1232.796751,,,37.445671093740735,3.019946210916299,302.951345012493
1,1,1,False,0.9955814121640287,0.004418587835971266,False,0.49558141216402873,0.13769140456439508,3_0_3_0,18.54455506,0.637683672,2.687317617,0.506857123,Si1,PU,combo_001,6,302.8630017,865.765524,-0.00227232,0.026813376,1394.482982,,,9.399439825026692,1.7136585658388497,318.1248520307418
0,0,0,False,0.06563946232199669,0.9343605376780033,False,0.4343605376780033,0.1420870097455365,2_2_2_3,16.05829916,1.138745852,2.508241168,2.24787655,Si1,PU,combo_001,7,290.5135992,307.8111802,-0.004315382,0.052092293,1224.644834,,,36.0970741146487,2.856249225875635,291.11028185127657
0,0,0,False,0.12126593491325366,0.8787340650867463,False,0.37873406508674634,0.09566646133248408,0_0_3_0,12.14723223,0.440421288,2.820875121,0.67564776,Si1,PU,combo_001,8,281.5730928,309.9305221,-0.004417961,0.052118706,1347.673605,,,8.207250246399305,1.2423734540779758,282.2099967297998
1,1,1,False,0.9958540500863364,0.004145949913663571,False,0.49585405008633643,0.15746245997568128,3_2_0_1,19.95605371,1.151498521,1.281811962,1.052992431,Si1,Si1,combo_002,9,304.1286888,620.2596633,-0.002448756,0.031833831,1309.833857,,,21.01357350925947,1.476004578443108,323.0326134810389
0,0,0,False,0.12480446182871674,0.8751955381712833,False,0.37519553817128326,0.12766523661813958,2_2_2_3,17.09913566,1.264123165,2.220732218,2.304868542,Si1,PU,combo_001,10,295.6827209,310.872586,-0.004601613,0.052136367,1218.961285,,,39.41125987812441,2.8072790400356302,294.43423598857186
0,0,0,False,0.08010070318118778,0.9198992968188122,False,0.4198992968188122,0.1315925568496823,1_2_2_3,15.54081746,1.176907776,2.11198619,2.282812122,Si1,PU,combo_001,11,284.7640749,302.5580625,-0.003414334,0.05199719,1219.306219,,,35.47676648347725,2.4856129698156133,290.8962193182923
0,0,0,False,0.11543848779160726,0.8845615122083927,False,0.38456151220839274,0.05008636285459466,1_0_3_0,14.27493107,0.547106756,2.947142333,0.77741148,Si1,PU,combo_001,12,291.2163045,316.6709275,-0.002434063,0.052279244,1335.154184,,,11.097495290026684,1.6124014812779017,292.3730277352265
1,1,1,False,0.5512040095650121,0.44879599043498786,True,0.05120400956501214,0.17055694131325938,1_0_2_0,14.93016924,0.620419594,2.205178207,0.837707523,Si1,PU,combo_001,13,324.615427,861.4573987,-0.017112899,0.009830814,1350.378556,,,12.507115092011192,1.368135767884588,306.1174219159272
1,1,1,False,0.9993036950733085,0.0006963049266914823,False,0.4993036950733085,0.2076454643130849,3_1_0_0,19.58795038,0.887607342,1.10785091,0.507494461,Si1,PU,combo_001,14,305.496535,614.048841,-0.002402744,0.037963351,1415.682124,,,9.940776320192844,0.9833366015573812,328.5981666755554
1,1,1,False,0.942880406268614,0.057119593731385976,False,0.442880406268614,0.12863497700913096,2_0_3_0,17.57335973,0.645840553,2.773317792,0.599606618,Si1,PU,combo_001,15,307.018082,838.0651699,-0.00215092,0.018497912,1371.555737,,,10.537102794602694,1.7911210964300188,312.58535647674614
1,1,1,False,0.6039972226238035,0.3960027773761965,False,0.10399722262380351,0.051156397347978895,3_2_3_3,18.31462741,1.195628978,2.96759448,2.46928919,Si1,PU,combo_001,16,350.0964385,682.2225619,-0.004935873,-0.005833305,1243.366911,,,45.2241114823907,3.5481419552408413,307.8674071704452
1,1,1,False,0.9987195880012223,0.0012804119987777085,False,0.4987195880012223,0.1240150443399627,3_0_3_3,19.61684961,0.267335985,2.771518957,2.498822917,Si1,Si1,combo_002,17,319.4298072,588.8355179,-0.002406356,0.033207716,1527.551529,,,49.01903336481051,0.7409267503157676,396.8164921355256
0,0,0,False,0.00037257300402870897,0.9996274269959713,False,0.4996274269959713,0.3299736775722973,0_3_2_0,13.13295148,1.677046817,2.093590047,0.693204775,Si1,PU,combo_001,18,227.5587315,220.7458592,-0.001595869,0.052053074,1051.920945,,,9.103824675779316,3.5110485244242304,231.35630774022795
1,1,1,False,0.9314530542833381,0.06854694571666187,False,0.43145305428333813,0.092736548097878,0_1_0_2,12.90802114,0.79772554,1.223181419,1.577135401,Si1,PU,combo_001,1,296.8334466,624.7019211,-0.004703258,0.033549904,1322.800864,Itr_3,,20.35769709675038,0.9757630579897413,294.66990684110914
1,1,1,False,0.9362319470387774,0.06376805296122257,False,0.43623194703877743,0.092736548097878,0_1_0_2,12.80239734,0.832028681,1.295966415,1.739296109,Si1,PU,combo_001,2,294.7593109,571.7534879,-0.00590729,0.03140191,1309.726582,,,22.267159879333953,1.0782812268927489,293.0408637374875
1,1,1,False,0.9515188023045766,0.04848119769542336,False,0.45151880230457664,0.11838474329504217,3_2_2_2,19.90315838,1.314367452,2.129048787,1.753453105,Si1,PU,combo_001,3,335.5699047,560.9345032,-0.007326435,0.015141299,1273.186804,,,34.89925486071777,2.7983524293528803,318.91261018662095
0,0,0,False,0.39339526588702256,0.6066047341129774,False,0.10660473411297744,0.16389685995903439,3_2_3_2,19.91349522,1.187382979,2.612928355,1.554368796,Si1,Si1,combo_002,4,307.4596053,326.2104972,-0.003420812,0.052100438,1273.899542,,,30.95291558926316,3.1025466540734694,313.5159741406097
1,1,1,False,0.5443940576408863,0.45560594235911367,True,0.04439405764088633,0.09908527588039762,1_1_0_1,14.0274596,0.913271576,1.12656921,1.496806287,Si1,PU,combo_001,5,303.4624774,558.5837704,-0.009904558,0.031079821,1305.178974,,,20.996389719918508,1.0288636378897749,295.26360620778854
0,0,0,False,0.021261846026845888,0.9787381539731541,False,0.4787381539731541,0.1084861552841956,3_2_3_3,18.64765496,1.27874759,2.800729678,2.485712846,Si1,Si1,combo_002,6,291.1502074,302.7673906,-0.002285206,0.052251351,1223.277252,,,46.35271548184762,3.5814263259839763,303.9811566548075
1,1,1,False,0.6525055878288413,0.34749441217115873,False,0.15250558782884127,0.1291914078352015,3_2_1_2,19.84890428,1.352357827,1.881703938,1.775737472,Si1,Si1,combo_002,7,353.6053424,670.1983955,-0.000487,0.003409507,1259.875839,,,35.24644310813718,2.544737048651023,309.56664884092316
1,1,1,False,0.7312101280699039,0.26878987193009607,False,0.23121012806990393,0.05158446117857239,3_2_1_2,19.84008977,1.446031707,1.621792601,1.960476204,Si1,Si1,combo_002,8,345.041441,653.5259249,0.007302784,-0.014118715,1249.179793,,,38.89602387930883,2.3451635232239996,318.93418786403834
0,0,0,False,0.0477909171478359,0.9522090828521641,False,0.4522090828521641,0.07224644786940242,2_2_3_3,17.07364047,1.145984085,2.573793667,2.462497708,Si1,Si1,combo_002,9,290.3166018,304.8604457,-0.004594601,0.052096842,1213.161328,,,42.04380052459104,2.9495265804557897,285.8428411680087
0,0,0,False,0.22967966759915726,0.7703203324008427,False,0.27032033240084274,0.20985206906585827,1_1_0_1,15.97154505,1.04136022,1.254262947,1.116843133,Si1,PU,combo_001,1,291.0075071,311.9378795,-0.007412634,0.051949149,1290.586168,,,17.83771041249264,1.3061395384257684,291.9287840683629
0,0,0,False,0.35491150203108646,0.6450884979689135,False,0.14508849796891354,0.051645415137698526,1_1_0_1,14.35960742,0.909806341,1.342507281,1.341048529,Si1,PU,combo_001,2,296.554949,323.4905883,-0.002448882,0.052088179,1299.395551,,,19.256930407608486,1.2214216370924689,293.11401281344376
0,0,0,False,0.01910190777743992,0.9808980922225601,False,0.4808980922225601,0.07817280914809804,2_1_3_3,17.1176548,1.096005317,2.794235167,2.363576848,Si1,Si1,combo_002,3,290.5011744,304.9554126,-0.000419,0.052165058,1220.37769,,,40.45889257733607,3.0624965999803826,299.55000240710564
0,0,0,False,0.10319172719971448,0.8968082728002855,False,0.3968082728002855,0.14099479513640342,2_1_3_3,16.92055002,1.000354075,2.631661272,2.052701045,Si1,Si1,combo_002,4,320.7654914,349.1884674,-0.004552501,0.052273416,1246.543383,,,34.73283070802877,2.6325930774648834,303.60248892209034
1,1,1,False,0.9998791437271848,0.00012085627281521738,False,0.4998791437271848,0.11125808564597015,3_0_0_3,19.90149919,0.39142981,1.323571815,2.497167522,Si1,PU,combo_001,5,324.3294751,591.0890433,-0.001465163,0.040536162,1562.727422,,,49.6973774163773,0.5180854640668051,393.4100005162418
1,1,1,False,0.9736632009304458,0.026336799069554218,False,0.4736632009304458,0.12184525963717832,2_1_3_2,17.85411116,0.929323532,2.920443431,1.645622395,Si1,PU,combo_001,6,329.1514949,876.1722236,-0.003934825,0.010055663,1294.258004,,,29.381125167715425,2.714036804303118,322.10908532762335
0,0,0,False,0.21595197038107017,0.7840480296189298,False,0.28404802961892983,0.05213830252003757,0_1_0_3,12.2294143,0.993095877,1.293354442,2.123307312,Si1,Si1,combo_002,7,273.391241,295.8873144,-0.004448779,0.052299502,1244.316129,,,25.966804804667362,1.2844249638498357,273.19485242985127
1,1,1,False,0.997496885034252,0.0025031149657479546,False,0.49749688503425205,0.15860347049162307,3_0_2_0,19.79327703,0.321795213,2.068032849,0.504972088,Si1,Si1,combo_002,8,313.5688494,827.2329136,-0.001457046,0.032540694,1523.379285,,,9.99505243020154,0.665483071134952,342.6971706670547
0,0,0,False,0.00020375809174311144,0.9997962419082569,False,0.4997962419082569,0.20371592937737945,1_3_1_3,15.66733154,1.564391472,1.932223696,2.32072721,Si1,PU,combo_001,9,261.6812812,259.5909798,-0.007268132,0.052212264,1139.121964,,,36.3596026129692,3.022754272018721,260.1477765957687
0,0,0,False,0.10468685070895845,0.8953131492910416,False,0.39531314929104155,0.15244036108863407,0_0_3_0,13.85616457,0.395216214,2.933516382,0.550138546,Si1,Si1,combo_002,1,283.2960485,304.6450813,-0.004384302,0.052168558,1337.313017,Itr_4,,7.6228102296765154,1.1593732382010178,288.2490184332215
0,0,0,False,0.11698991466312236,0.8830100853368776,False,0.38301008533687764,0.11265805989162234,2_2_0_3,16.67739213,1.485083205,1.105084208,2.473067167,Si1,PU,combo_001,2,285.4609381,299.5976133,-0.004485632,0.052298224,1202.448241,,,41.2443109078872,1.6411419974115267,286.7420032832006
0,0,0,False,0.016144544048643183,0.9838554559513568,False,0.4838554559513568,0.17495874861385113,1_1_3_1,15.82813452,0.771647732,2.948949994,1.359912897,Si1,Si1,combo_002,3,288.315503,305.8574442,-0.00347898,0.052099076,1279.554774,,,21.524884269198907,2.2755505746515134,299.3941806461636
0,0,0,False,0.3230606218929779,0.6769393781070221,False,0.1769393781070221,0.18992588970552468,1_2_0_3,15.4863845,1.298617135,1.183369978,2.414526019,Si1,PU,combo_001,4,287.5673358,306.1574986,-0.003402087,0.052282664,1222.24615,,,37.392278315488305,1.536744530475373,287.62912428002073
0,0,0,False,0.08651698427001975,0.9134830157299803,False,0.41348301572998025,0.09290264297884832,3_3_0_3,19.18379991,1.935830282,1.130739415,2.470047171,Si1,PU,combo_001,5,276.7264179,285.5957326,-0.004234005,0.052074475,1162.049566,,,47.384890696725556,2.188919600607965,276.3751943203039
0,0,0,False,0.04021691146738249,0.9597830885326175,False,0.4597830885326175,0.08728471687917255,3_3_0_3,18.93488317,1.792354675,1.1059533,2.3837459,Si1,Si1,combo_002,6,281.3864638,291.6677127,-0.004177998,0.052196432,1185.960054,,,45.1359501234665,1.9822605675866773,279.613933342847
1,1,1,False,0.7371474043726494,0.26285259562735064,False,0.23714740437264936,0.21796715201451472,0_0_2_1,12.07595101,0.673006857,2.209542808,1.465233089,Si1,PU,combo_001,7,284.1469935,912.7237972,-0.004391231,0.043034066,1308.005335,,,17.694083000994972,1.4870374606190344,279.84171070550946
0,0,0,False,0.030888448457631057,0.9691115515423689,False,0.46911155154236894,0.16949578545587204,3_3_0_2,18.9437869,1.673908785,1.206161229,1.804483838,Si1,PU,combo_001,8,277.8017799,288.0686057,-0.003251113,0.052208906,1212.252261,,,34.18375729156612,2.0190038773494967,284.87543789402054
1,1,1,False,0.8757270751189026,0.12427292488109742,False,0.3757270751189026,0.15288759504694288,2_1_3_1,17.25148392,0.897664515,2.697081818,1.377089234,Si1,PU,combo_001,9,350.6244305,862.4688292,-0.007176329,0.000422,1300.404797,,,23.756832776756116,2.4210746420702884,312.93208371445223
0,0,0,False,0.11353497788877576,0.8864650221112242,False,0.38646502211122424,0.14415827203591497,3_3_0_3,19.90826747,1.974600797,1.123563712,2.127102931,Si1,PU,combo_001,10,275.2028737,282.987977,-0.004397011,0.052093508,1172.689079,,,42.34693408656895,2.218589801195478,275.00971241523587
1,1,1,False,0.9695037886043565,0.030496211395643513,False,0.4695037886043565,0.16251465340131457,3_2_2_2,19.17532102,1.214162101,2.360185989,1.738489526,Si1,PU,combo_001,11,326.3400628,588.1282216,-0.004232097,0.016458155,1279.717625,,,33.336094750957635,2.865648379155003,318.9516041842112
0,0,0,False,0.10409532092046447,0.8959046790795355,False,0.3959046790795355,0.08728471687917255,3_3_0_3,19.43078162,1.852785423,1.19200416,2.33759098,Si1,Si1,combo_002,12,277.623097,286.9065075,-0.004289575,0.051937453,1172.135404,,,45.42121984926179,2.2085279318033595,280.6678965927269
0,0,0,False,0.06636298079831704,0.933637019201683,False,0.43363701920168296,0.11265805989162234,2_2_0_3,17.08872551,1.507737463,1.149549258,2.279853303,Si1,PU,combo_001,1,284.2193726,295.8874427,-0.00961557,0.052120232,1203.303689,,,38.95978729803386,1.7332184818504524,285.8136935136391
1,1,1,False,0.9996752640121258,0.0003247359878741918,False,0.4996752640121258,0.11125808564597015,3_0_0_3,19.78547773,0.297883386,1.142998163,2.463807698,Si1,Si1,combo_002,2,328.0434703,574.6486651,-0.001456461,0.043208343,1598.600064,,,48.74761233978157,0.34048016298621986,353.13046710609996
0,0,0,False,0.07334512447755515,0.9266548755224449,False,0.42665487552244485,0.12863497700913096,2_1_3_0,17.23711223,0.690819111,2.982531148,0.51027474,Si1,Si1,combo_002,3,283.5982781,300.1565848,-0.005483111,0.051928443,1311.985656,,,8.79566296151407,2.0603895161911696,286.4935120514477
0,0,0,False,0.004001081247565708,0.9959989187524343,False,0.4959989187524343,0.05008636285459466,1_0_3_0,14.12141278,0.621715125,2.965798819,0.80750309,Si1,PU,combo_001,4,283.3879578,303.0839304,-0.004470508,0.051991394,1310.644797,,,11.40308445501549,1.8438819834794375,284.7393688133031
0,0,0,False,0.009237569882770913,0.9907624301172291,False,0.4907624301172291,0.42338563820816916,3_3_0_0,19.97626195,1.998303798,1.169055271,0.755127812,Si1,Si1,combo_002,5,249.3173583,242.65465,-0.00049,0.052183594,1140.300786,,,15.084630978242355,2.336127588111219,246.64714703719525
0,0,0,False,0.0015994796801805933,0.9984005203198194,False,0.4984005203198194,0.40063764762167964,0_2_3_1,12.13687993,1.40338775,2.884900203,1.335458018,Si1,PU,combo_001,6,238.4498502,236.4958689,-0.008533888,0.052095936,1084.153763,,,16.208293616021777,4.048633604862713,236.17469466948393
0,0,1,True,0.5702574778653116,0.42974252213468844,True,0.07025747786531156,0.14098026011095116,0_0_0_0,12.37063637,0.480839244,1.421820408,0.65372795,Si1,Si1,combo_002,1,288.8320034,324.8331212,-0.00450174,0.052310092,1369.955114,Itr_5,,8.08703075435554,0.6836670500864916,287.1575022616259
0,0,0,False,0.2732016213547013,0.7267983786452987,False,0.22679837864529873,0.11800357473885281,1_1_3_1,15.58579456,0.75929662,2.640098406,1.118621043,Si1,PU,combo_001,2,298.2445718,321.2627376,-0.003424454,0.052073651,1314.125335,,,17.434597766690928,2.0046177961431875,299.57074029276134
1,1,1,False,0.7559353753640039,0.2440646246359961,False,0.2559353753640039,0.07817280914809804,2_1_3_3,17.36933331,1.070433137,2.816644937,2.225466385,Si1,PU,combo_001,3,345.4721435,633.3646528,-0.007226415,0.007226415,1254.10983,,,38.654867411265776,3.0150300757280775,314.65662698618996
0,0,0,False,0.49500434023181583,0.5049956597681842,True,0.004995659768184169,0.0702160993459338,2_1_2_0,16.37512294,0.724579982,2.409597032,0.688884821,Si1,PU,combo_001,4,304.8074382,331.6723593,-0.004402509,0.052214825,1340.24736,,,11.280573635374894,1.7459457740738134,300.75638550719174
0,0,0,False,0.4650476253118967,0.5349523746881033,True,0.034952374688103305,0.10178682790661547,1_0_3_0,15.8850654,0.645155043,2.534603267,0.659249156,Si1,PU,combo_001,5,303.8610972,331.5621082,-0.00349179,0.052194434,1350.40798,,,10.472215957954802,1.6352120797093257,302.4633629284803
1,1,0,True,0.29392652194093216,0.7060734780590678,False,0.20607347805906784,0.14098026011095116,0_0_0_0,12.2423562,0.467809631,1.164909276,0.58219039,Si1,Si1,combo_002,6,296.1748336,594.7524122,-0.007422725,0.038895079,1387.506757,,,7.127382130596917,0.5449557785540371,287.35833064343336
1,1,1,False,0.7997394931036297,0.20026050689637032,False,0.2997394931036297,0.05024482494468499,3_1_3_0,18.47601284,0.882789006,2.968976736,0.873289721,Si1,PU,combo_001,7,355.7109356,887.072523,-0.000453,0.004074752,1310.161277,,,16.13491209823602,2.6209800216105643,304.4263470522231
0,0,0,False,0.28493573883270074,0.7150642611672993,False,0.21506426116729926,0.0702160993459338,2_1_2_0,16.56547682,0.701700346,2.418725092,0.818037796,Si1,Si1,combo_002,8,298.0789785,322.0176894,-0.004454856,0.052119163,1325.197901,,,13.55118614752189,1.6972202339352818,300.41552903588405
1,1,1,False,0.7403746538307132,0.2596253461692868,False,0.24037465383071321,0.12100364156977315,3_1_3_3,18.19534417,1.117599139,2.922544088,2.140319003,Si1,PU,combo_001,9,346.9660121,823.8624687,-0.004903068,0.004903068,1254.365296,,,38.94384089317626,3.26623275643834,316.8586798913574
0,0,0,False,0.43542236656644207,0.5645776334335579,True,0.06457763343355793,0.07378017211739332,3_2_1_1,19.99040212,1.418939702,1.604743594,1.141434706,Si1,PU,combo_001,10,304.199963,325.5791429,-0.00343427,0.05220233,1260.547569,,,22.817738766663975,2.2770343970567692,303.2611918221225
0,0,1,True,0.5365145952210497,0.4634854047789503,True,0.03651459522104972,0.07021337959383903,3_2_1_1,19.89004663,1.34266781,1.5953199,1.257400067,Si1,Si1,combo_002,11,305.0108939,327.922008,-0.003416709,0.052069366,1263.406725,,,25.009745965195126,2.141984676382419,313.93103907619303
0,0,0,False,0.3897825104262438,0.6102174895737562,False,0.11021748957375621,0.18585509907514183,3_2_2_3,19.35300771,1.487765651,2.199129229,2.338370608,Si1,PU,combo_001,12,319.0258172,338.3786029,-0.002373376,0.051832464,1224.947012,,,45.25450440546139,3.2717889290163127,309.81523242867263
1,1,1,False,0.7217119814767443,0.2782880185232557,False,0.2217119814767443,0.05743290391288934,3_2_1_3,18.06215488,1.195025487,1.84562664,2.053744109,Si1,Si1,combo_002,13,342.3012015,556.6885333,-0.004866441,0.003981634,1245.906352,,,37.09504418064561,2.205570874286174,320.204603883504
1,1,1,False,0.9919431364661477,0.008056863533852265,False,0.49194313646614773,0.13600131190790468,3_0_3_3,19.59562493,0.309002279,2.98575761,2.241670691,Si1,Si1,combo_002,14,317.3105859,586.8048079,-0.002403702,0.029325171,1507.28636,,,43.92693807740992,0.9226059060315931,379.68317054296875
0,0,1,True,0.6901685775470696,0.3098314224529304,False,0.19016857754706962,0.09694790675322058,2_1_3_3,17.55133276,1.001127914,2.900638923,2.402801386,Si1,Si1,combo_002,15,316.4557324,336.0959159,-0.005585232,0.051977995,1250.595709,,,42.17236668187521,2.9039105942501964,306.75285064137347
1,1,1,False,0.9477128815967717,0.052287118403228305,False,0.4477128815967717,0.05158446117857239,3_2_1_3,19.68445308,1.402237293,1.586528387,2.032911784,Si1,Si1,combo_002,16,337.7833521,550.439899,-0.003380729,0.015937721,1254.415683,,,40.016756627927094,2.2246892706545363,312.85168785935343
1,1,1,False,0.9980861714866478,0.0019138285133522004,False,0.4980861714866478,0.1529967809303755,3_0_3_0,19.85882914,0.280977651,2.613141404,0.656007532,Si1,PU,combo_001,17,314.0367576,564.0564839,-0.001461962,0.037523698,1524.003461,,,13.027541492541083,0.7342343334267619,344.9066901346105
0,0,0,False,0.0002968472978182035,0.9997031527021818,False,0.4997031527021818,0.19601520898185013,1_2_1_2,14.63158697,1.229881219,1.641879334,1.998996283,Si1,Si1,combo_002,18,268.9069874,276.8543838,-0.002496478,0.052234696,1181.494252,,,29.248487967421234,2.019316556750828,265.03107192303816
1,1,1,False,0.7854802015426685,0.2145197984573315,False,0.2854802015426685,0.07224644786940242,2_1_3_3,16.78068264,1.081651134,2.659453408,2.418020776,Si1,PU,combo_001,1,338.7576356,805.197561,-0.012721377,0.002872569,1246.211867,Itr_6,,40.576039258982526,2.8766007945833647,305.9113243654118
0,0,0,False,0.44918816075309564,0.5508118392469044,True,0.050811839246904356,0.12034520325982902,3_2_1_0,18.96002964,1.153219184,1.700664287,0.615345063,Si1,PU,combo_001,2,298.6726574,322.7662115,-0.000465,0.052231642,1275.230481,,,11.666960633307667,1.9612386813120815,294.76986197164814
0,0,0,False,0.4001187067846388,0.5998812932153612,True,0.09988129321536121,0.11184230735651746,1_1_2_1,15.26102304,0.69323442,2.184787468,1.157287569,Si1,Si1,combo_002,5,311.1344113,342.0559209,-0.005585634,0.05226629,1319.154459,,,17.66139225441459,1.5145698732022488,300.7274624223511
0,0,0,False,0.2075503176674829,0.7924496823325171,False,0.2924496823325171,0.11184230735651746,1_0_2_1,14.40566057,0.669211582,2.140298669,1.194167913,Si1,Si1,combo_002,6,298.8591283,325.0714283,-0.002456941,0.052173371,1310.050982,,,17.20277761826329,1.4323126582339842,301.51766468166335
0,0,0,False,0.20967108807303703,0.790328911926963,False,0.290328911926963,0.16096964685874726,0_0_2_1,13.37095884,0.61231664,2.311380693,1.202704651,Si1,Si1,combo_002,7,283.6167607,308.7266748,-0.004226612,0.05220992,1302.048451,,,16.081314385197565,1.4152968596986313,288.3715858988303
1,1,1,False,0.5743922600902351,0.42560773990976486,True,0.07439226009023514,0.061006636811951495,2_1_3_3,16.24192967,1.034719675,2.836829483,2.45307944,Si1,PU,combo_001,8,323.5419706,864.815727,-0.016272828,0.008334863,1244.39636,,,39.84274373940299,2.935323280680178,304.91802491778003
1,1,1,False,0.8922305693870385,0.10776943061296151,False,0.3922305693870385,0.15122376565286139,3_2_1_1,18.06512585,1.198694927,1.598650678,1.491708837,Si1,PU,combo_001,9,345.5852507,837.0720716,-0.003982304,0.003982304,1268.119489,,,26.947907871962137,1.9162944577637107,313.8752644527139
1,1,1,False,0.9727647409090423,0.027235259090957697,False,0.4727647409090423,0.1529967809303755,3_0_3_0,18.71312628,0.27157531,2.619539444,0.549089124,Si1,Si1,combo_002,10,310.8736549,793.05913,-0.002293391,0.021557878,1509.57147,,,10.275174116386578,0.7114022365615277,334.5329014339635
1,1,1,False,0.9915564416320422,0.008443558367957849,False,0.49155644163204215,0.17502714168487823,3_0_3_0,18.55507794,0.335776361,2.989788387,0.570845492,Si1,Si1,combo_002,11,310.7597528,943.8347379,-0.002273635,0.026828893,1464.410377,,,10.592082595757647,1.0039002647469197,328.2376013101548
1,1,1,False,0.7648399523766898,0.23516004762331022,False,0.2648399523766898,0.11730472362140114,2_1_2_3,16.41921662,1.108257857,2.423502709,2.499755728,Si1,PU,combo_001,12,330.715406,598.3790411,-0.006822617,0.006822617,1242.653882,,,41.0440307951178,2.6858659187100344,304.03014759880165
0,0,0,False,0.08839414133160517,0.9116058586683948,False,0.41160585866839483,0.16383871581177392,0_1_3_2,13.6368787,0.717727595,2.981605223,1.717556195,Si1,Si1,combo_002,1,285.1825758,312.4151281,-0.003649492,0.052078216,1253.216849,,,23.422105491648548,2.1399803459432287,277.79414891650805
1,1,1,False,0.9934393389630714,0.00656066103692865,False,0.49343933896307135,0.1240150443399627,3_0_3_3,19.75793317,0.272611517,2.733720361,2.256634037,Si1,Si1,combo_002,2,318.984565,638.0938713,-0.002423991,0.031511886,1529.881377,,,44.58642449219331,0.7452436546659977,385.64576784516765
1,1,1,False,0.8129015333590814,0.18709846664091856,False,0.31290153335908144,0.12766523661813958,2_2_2_3,17.70499914,1.129362736,2.143116421,2.41375859,Si1,Si1,combo_002,3,365.1560728,762.1742574,-0.005635175,-0.009969925,1243.767249,,,42.73559376011762,2.420355824787088,312.9145185734936
0,0,0,False,0.12160143856601735,0.8783985614339826,False,0.37839856143398265,0.051645415137698526,1_1_0_1,14.54908344,0.958273435,1.372886549,1.275212291,Si1,PU,combo_001,4,287.770515,309.5760846,-0.003191193,0.052084121,1285.802784,,,18.553170025472564,1.3156007091755257,290.6599138867933
0,0,0,False,0.004204317581638861,0.9957956824183611,False,0.49579568241836114,0.308916410441115,0_3_3_0,12.37710817,1.987657647,2.961481709,0.521367511,Si1,PU,combo_001,5,212.714978,206.5603013,-0.007506944,0.052324164,984.4194067,,,6.453022079970665,5.886411765344479,218.92963207129384
1,1,1,False,0.9999724233399547,2.757666004526982e-05,False,0.49997242333995473,0.10506214331878654,2_0_1_2,17.1408545,0.378257851,1.910054157,1.691169519,Si1,PU,combo_001,6,319.1262111,891.2898158,-0.001258114,0.034807814,1492.235435,,,28.988090660013984,0.7224929807204366,358.3398086938872
1,1,1,False,0.8616075582771145,0.13839244172288545,False,0.36160755827711455,0.16190938056613927,3_2_1_1,18.6286891,1.126303295,1.96995875,1.145404045,Si1,PU,combo_001,1,349.8069209,598.6571462,-0.003195971,0.003195971,1282.317461,Itr_7,,21.33737584818741,2.2187710311390814,313.557523891028
1,1,1,False,0.521544314456996,0.478455685543004,True,0.021544314456996005,0.11838474329504217,3_2_2_2,19.78662156,1.325105509,2.212254194,1.971143976,Si1,Si1,combo_002,2,355.2046734,813.9323627,-0.00436964,-0.002427578,1255.794575,,,39.002279893385726,2.9314702197777542,319.19976511405406
1,1,1,False,0.8236940373323023,0.1763059626676977,False,0.3236940373323023,0.14564916476821457,3_2_1_1,18.61275312,1.227752461,1.842628606,1.416394244,Si1,PU,combo_001,3,349.3898927,804.8323699,-0.004105519,0.003193181,1267.792332,,,26.36299638416104,2.262291805725499,310.0732455236166
0,0,1,True,0.5151777280681635,0.48482227193183647,True,0.015177728068163532,0.04606666635451015,3_2_0_2,19.53151999,1.421791953,1.303872737,1.548386718,Si1,Si1,combo_002,4,314.8494542,337.7797039,-0.00239569,0.052073452,1250.701931,,,30.242346134867493,1.8538357652026856,306.3705995686763
1,1,0,True,0.23896791500783365,0.7610320849921663,False,0.26103208499216635,0.1291914078352015,3_2_1_2,19.93128699,1.393228795,1.800337824,1.537367946,Si1,Si1,combo_002,5,336.7534198,563.4557688,0.001467397,-0.003423926,1253.96473,,,30.641721740952825,2.508282497124442,296.8953172359625
0,0,0,False,0.36760842782433656,0.6323915721756634,False,0.13239157217566344,0.13595033333373835,0_1_1_3,12.60947937,0.955207622,1.664970979,2.21561784,Si1,Si1,combo_002,7,275.3740817,304.800602,-0.006427827,0.052217395,1238.45242,,,27.937787445283966,1.590392969549602,276.39208804310914
0,0,0,False,0.32260261154004866,0.6773973884599513,False,0.17739738845995134,0.06875457739219755,0_1_1_3,12.08568815,0.962425332,1.927878942,2.347201992,Si1,Si1,combo_002,8,270.3116685,299.2056028,-0.004394884,0.05227631,1216.753154,,,28.367551300370792,1.8554395308101588,268.0820076878288
1,1,1,False,0.8370346716991435,0.16296532830085653,False,0.3370346716991435,0.15486017772601668,2_1_0_1,17.96092902,1.107686596,1.363062406,1.340274759,Si1,Si1,combo_002,9,332.5732044,560.6413472,-0.003958859,0.012756324,1285.019822,,,24.072579813696603,1.50984595663771,312.73174747456727
1,1,1,False,0.9289697513531792,0.07103024864682084,False,0.42896975135317916,0.10054378984442001,2_1_0_0,17.43127223,0.830177781,1.482126491,0.676916825,Si1,Si1,combo_002,10,319.6742858,650.4057883,-0.004692949,0.015785375,1345.430828,,,11.79952145364227,1.2304284814596964,303.62915602175786
1,1,1,False,0.9475059721391972,0.05249402786080282,False,0.4475059721391972,0.10054378984442001,2_1_0_0,17.23269435,0.823415233,1.297272513,0.669894481,Si1,Si1,combo_002,11,313.0772992,850.790165,-0.003795005,0.014758354,1356.976908,,,11.544086837824883,1.0681939485563905,307.2330744316355
1,1,1,False,0.5147680944871524,0.48523190551284756,True,0.014768094487152439,0.09908527588039762,1_1_0_2,14.54432754,0.915840235,1.113532784,1.646397771,Si1,Si1,combo_002,12,307.1219711,605.7507498,-0.00815254,0.015241705,1303.491768,,,23.945748442549913,1.0198181265787643,298.4124295446269
1,1,1,False,0.7806848357548688,0.2193151642451312,False,0.2806848357548688,0.10958513132155584,1_1_0_1,14.67378354,0.754380307,1.278033402,1.265496244,Si1,Si1,combo_002,13,305.4322678,682.8084395,-0.006080808,0.020388592,1336.775663,,,18.569617955139023,0.9641232301570144,307.5717682687733
1,1,1,False,0.9102529780110444,0.08974702198895557,False,0.41025297801104443,0.12184525963717832,3_1_3_2,18.61331961,0.953054577,2.942399654,1.794251168,Si1,Si1,combo_002,14,355.4805912,916.2151176,-0.005930379,0.004105647,1281.956442,,,33.39697045059981,2.8042674576079163,330.7607639316872
0,0,1,True,0.6019926442475594,0.3980073557524406,False,0.10199264424755938,0.13743641192303177,2_1_3_3,16.53604347,0.881140829,2.984837611,2.209890412,Si1,Si1,combo_002,15,308.2268579,326.2535392,-0.004446762,0.052072069,1262.432552,,,36.542843916768206,2.6300622869869197,324.1268376124128
1,1,1,False,0.8879976392969411,0.11200236070305891,False,0.3879976392969411,0.05441330971149214,3_2_2_2,18.37581937,1.135842721,2.189837672,1.510284137,Si1,PU,combo_001,16,338.5446758,674.5646914,-0.00405221,-0.003151719,1269.49173,,,27.75270849888833,2.487311179912785,316.1984232863084
0,0,0,False,0.003742499028930979,0.996257500971069,False,0.496257500971069,0.37012727091684033,3_3_3_0,18.66643182,1.996294353,2.888453319,0.525042345,Si1,Si1,combo_002,17,227.3460593,216.6664289,-0.001372532,0.052278113,1063.045266,,,9.800667135555418,5.766203049623807,209.48073656404884
0,0,0,False,0.001407094528417474,0.9985929054715825,False,0.4985929054715825,0.22212184910275434,0_3_2_3,12.20441057,1.578487221,2.507328496,2.350181421,Si1,Si1,combo_002,18,235.9094985,236.226273,-0.004439404,0.052244502,1047.355309,,,28.68257897587002,3.9577859897851497,236.94097704434301
0,0,0,False,0.24122225419910137,0.7587777458008986,False,0.25877774580089863,0.12034520325982902,3_1_1_0,19.40517731,1.105205401,1.886583522,0.550261852,Si1,Si1,combo_002,3,285.5338324,305.9941885,-0.000476,0.051902893,1272.6735,,,10.677928804988978,2.0850622979520024,297.75091811632717
0,0,0,False,0.15864399451925237,0.8413560054807476,False,0.3413560054807476,0.18061424980512428,3_2_2_0,19.92863376,1.26376363,2.213804143,0.815428776,Si1,PU,combo_001,4,293.6737106,315.7038077,-0.00342346,0.052120485,1269.381601,,,16.250381434269077,2.7977251598667188,298.1485592833099
0,0,0,False,0.3314011238835519,0.6685988761164481,False,0.16859887611644808,0.13483259525331526,0_0_3_1,13.02007033,0.424654217,2.93654771,1.025272074,Si1,Si1,combo_002,1,288.6627435,318.4622194,-0.004745276,0.052140843,1327.698282,Itr_8,,13.349114510864965,1.247017368473193,290.35095583345696
1,1,1,False,0.7042749322197892,0.2957250677802108,False,0.2042749322197892,0.12015454417057217,2_2_1_3,17.70384939,1.130869664,2.024496482,2.178383548,Si1,Si1,combo_002,2,345.5012479,556.4690661,-0.006501694,0.003034124,1246.124522,,,38.56577424744583,2.289441656368522,312.2829631808649
0,0,1,True,0.5942517273420549,0.4057482726579451,True,0.09425172734205489,0.14311678255175103,1_1_3_3,15.09054888,0.916927263,2.857181421,2.121012123,Si1,PU,combo_001,3,304.1456787,329.8329108,-0.003313024,0.051967961,1259.772358,,,32.00723711720407,2.619827540251981,302.63419754370585
1,1,1,False,0.9163152917343496,0.08368470826565044,False,0.41631529173434956,0.0758297232784377,3_2_1_3,19.75933118,1.487633002,1.675549272,2.098824707,Si1,PU,combo_001,4,337.0413417,612.751146,-0.003393833,0.015029831,1248.268595,,,41.471372474379464,2.4926023935042743,311.4067922072795
0,0,1,True,0.7000102250444229,0.2999897749555771,False,0.2000102250444229,0.08092418547784856,3_2_2_1,18.31906862,1.143386747,2.339437813,1.45480798,Si1,PU,combo_001,5,312.1835621,335.2716201,-0.007630055,0.052231951,1262.497343,,,26.650727214543586,2.6748821908148646,308.41722838778986
1,1,1,False,0.5968336298151371,0.4031663701848629,True,0.0968336298151371,0.06022668284189475,3_1_2_1,18.20667063,1.047882156,2.437834939,1.171234734,Si1,PU,combo_001,6,329.8035739,869.4066975,-0.003122117,0.010258385,1279.82367,,,21.324285032353664,2.5545637318514487,307.88134918660296
1,1,1,False,0.7527482489061299,0.2472517510938701,False,0.2527482489061299,0.04606666635451015,3_2_0_2,19.3416972,1.418667068,1.377621344,1.534339682,Si1,PU,combo_001,7,329.7072691,606.0896449,-0.003320747,-0.001423177,1250.820143,,,29.676733531188287,1.9543860329066993,303.76278542530304
1,1,1,False,0.5568515067976847,0.4431484932023153,True,0.05685150679768469,0.06022668284189475,3_1_2_1,18.38515343,1.097039021,2.359780368,1.222334492,Si1,PU,combo_001,8,326.1591609,885.9367866,-0.004955266,0.007658139,1272.125955,,,22.47280717820111,2.5887711446857398,309.48030909396294
1,1,1,False,0.7795845427904169,0.2204154572095831,False,0.2795845427904169,0.052171737258598604,3_2_1_2,19.89582162,1.496923889,1.630885169,1.875511793,Si1,PU,combo_001,9,333.1123692,844.925476,-0.002441228,0.010253156,1249.801914,,,37.31484807973437,2.4413109696919024,318.2679101849117
1,1,1,False,0.6573326295462039,0.34266737045379614,False,0.15733262954620386,0.21796261124056968,2_1_2_1,16.37407291,0.928999733,2.235316024,1.422787486,Si1,PU,combo_001,10,341.7064005,892.1767252,-0.012406257,0.002001009,1296.271671,,,23.296826031199604,2.0766079894666216,306.3825729179496
1,1,1,False,0.7125373669992996,0.2874626330007004,False,0.2125373669992996,0.12545710207716856,2_1_3_2,17.59112234,1.048332904,2.608744898,1.724295545,Si1,PU,combo_001,11,339.4239823,552.3669408,-0.009043188,-0.004736908,1267.701821,,,30.33229388241197,2.734833114715524,314.726996467307
0,0,0,False,0.2607934626382189,0.7392065373617811,False,0.2392065373617811,0.14311678255175103,1_1_3_3,15.00756716,0.879398777,2.826272571,2.401371156,Si1,Si1,combo_002,12,297.4973866,320.9376065,-0.002562274,0.052188781,1243.614307,,,36.038738899756844,2.4854206424060457,300.1592994881535
1,1,0,True,0.3105000286857944,0.6894999713142056,False,0.1894999713142056,0.18806790207340285,0_1_3_2,13.41555865,0.8364003,2.705917187,1.906784879,Si1,PU,combo_001,13,295.4478588,882.5689959,-0.006851019,0.034255095,1260.110531,,,25.580584377157653,2.263229946981956,287.3785045537458
0,0,0,False,0.1331804185076635,0.8668195814923365,False,0.3668195814923365,0.17358666238459894,3_1_3_0,19.99598239,1.073397841,2.99854804,0.989530002,Si1,Si1,combo_002,14,299.892994,319.1548072,-0.003435247,0.052209723,1283.776354,,,19.786624494368667,3.2186349922707818,293.7896498354393
1,1,0,True,0.39349107409145745,0.6065089259085426,False,0.10650892590854255,0.12959760063527112,2_1_3_2,17.14481102,0.814054911,2.940304413,1.511657282,Si1,Si1,combo_002,15,348.6443452,684.5194073,-0.012164637,-0.006292054,1289.214614,,,25.917078426896847,2.393569247237622,315.7858697089495
1,1,1,False,0.8961094716185016,0.10389052838149837,False,0.39610947161850163,0.05743290391288934,3_2_1_3,18.22114699,1.152746456,1.925414729,2.006567431,Si1,Si1,combo_002,16,343.1832825,581.7106583,-0.004910166,0.009373954,1256.789395,,,36.561960105597684,2.2195150051849506,325.6300282665842
1,1,1,False,0.9999253916431599,7.460835684014455e-05,False,0.49992539164315986,0.17698568764853184,3_0_0_3,18.39433879,0.253944235,1.18007728,2.481025626,Si1,PU,combo_001,17,326.8629918,797.5674805,-0.004957793,0.030197469,1637.359498,,,45.63682591131583,0.29967382211048077,388.29864389096144
0,0,0,False,0.004498077178254789,0.9955019228217452,False,0.4955019228217452,0.0962162301684831,1_1_3_1,15.47198618,0.937632145,2.531364923,1.217946276,Si1,PU,combo_001,18,280.3426176,294.7421551,-0.000378,0.052257826,1264.455117,,,18.844047950254463,2.3734891225302497,280.02885342253745
1,1,0,True,0.20933533757386158,0.7906646624261384,False,0.2906646624261384,0.14602548672329618,3_2_0_1,19.71556064,1.386635172,1.33141669,1.196595758,Si1,Si1,combo_002,19,338.7161448,696.5712112,-0.003386173,-0.004353651,1257.573189,,,23.591556228415765,1.8461892109418208,305.6424217289902
1,1,1,False,0.5485320570925154,0.4514679429074846,True,0.0485320570925154,0.1353475612155438,1_1_0_0,15.82252531,0.732630421,1.399515243,0.516569749,Si1,PU,combo_001,1,336.105139,595.8778321,-0.018934243,0.007341849,1364.033305,Itr_9,,8.173437927932847,1.0253274416750073,298.6576342120013
0,0,1,True,0.5387030767979013,0.4612969232020987,True,0.038703076797901304,0.09161455996889031,3_1_3_3,18.95491164,1.112795557,2.829370008,2.026920697,Si1,Si1,combo_002,2,310.788346,326.2714406,-0.000465,0.052224474,1264.404138,,,38.42010271292221,3.148510374011455,315.3228639825393
1,1,1,False,0.6122681685328644,0.38773183146713563,False,0.11226816853286437,0.13078275041666984,2_1_0_0,16.6372378,0.817507865,1.541617889,0.519184153,Si1,PU,combo_001,3,316.758743,591.0625969,-0.020745831,0.015864459,1345.079633,,,8.637790215452585,1.260284749082197,298.520563709583
1,1,0,True,0.40622888305011884,0.5937711169498812,True,0.09377111694988116,0.12335461054030075,1_1_0_0,14.73777866,0.740001775,1.190322126,0.761703069,Si1,PU,combo_001,4,324.4387751,675.0251171,-0.018324018,0.011138129,1353.022685,,,11.225811235564708,0.8808404860617737,296.14303550031445
0,0,1,True,0.8169310895848412,0.18306891041515883,False,0.3169310895848412,0.13483259525331526,0_0_3_0,13.07793319,0.295852013,2.89388412,0.804309058,Si1,Si1,combo_002,5,298.1547846,333.0416145,-0.003495781,0.052259457,1362.672575,,,10.518700124635835,0.8561614422907337,295.7443565978239
1,1,0,True,0.4443716766821808,0.5556283233178192,True,0.055628323317819195,0.1332308032068142,3_2_0_3,18.26279934,1.370953228,1.227541233,2.163247276,Si1,Si1,combo_002,6,343.8127437,590.3000741,-0.00939582,-0.0067113,1242.165681,,,39.5069509243896,1.68290161588445,310.7407326642114
0,0,0,False,0.41904837830236374,0.5809516216976363,True,0.08095162169763626,0.10236539909486239,3_1_3_2,19.61435873,1.114628433,2.909511237,1.59587543,Si1,Si1,combo_002,7,312.014751,330.5192974,-0.000481,0.052185286,1287.553644,,,31.302073172413003,3.2430239508932015,312.4521584752013
0,0,1,True,0.5373728276768617,0.4626271723231383,True,0.037372827676861675,0.12388852502496853,2_2_1_2,17.53737091,1.24049017,1.796334632,1.856794665,Si1,PU,combo_001,8,303.1456362,320.4155349,-0.005580695,0.051957055,1242.860313,,,32.56329674381419,2.2283354530265673,308.07484466452036
0,0,1,True,0.6422348815100918,0.3577651184899082,False,0.14223488151009178,0.09161455996889031,3_2_3_3,19.36495619,1.129938846,2.961724,2.084108612,Si1,Si1,combo_002,9,319.2219224,339.5034626,-0.003324818,0.051848596,1277.234309,,,40.35867196658171,3.346566998730504,310.88094430032226
0,0,1,True,0.6705885104957474,0.3294114895042526,False,0.17058851049574741,0.1332308032068142,3_2_0_2,18.70807252,1.401875409,1.228697696,1.923748522,Si1,Si1,combo_002,10,318.3937786,340.1818136,-0.004126966,0.051878898,1247.45151,,,35.98962685981882,1.7224810851173578,309.1683921358639
0,0,1,True,0.5858258755796157,0.41417412442038426,True,0.08582587557961574,0.21783694535807324,0_0_0_0,12.63520706,0.677107947,1.248617644,0.972919284,Si1,PU,combo_001,11,289.4197884,324.5472471,-0.006441335,0.052272071,1348.351601,,,12.293036606006947,0.8454489295168169,288.17862090390906
1,1,1,False,0.5084068466588345,0.4915931533411655,True,0.00840684665883451,0.05019622274508093,3_1_3_3,18.69696809,1.095066913,2.953537422,2.422825991,Si1,Si1,combo_002,12,350.0483833,625.5234473,-0.005957565,-0.011456856,1257.612882,,,45.29950024134962,3.234321107139518,313.47630789854526
1,1,1,False,0.5301361737091099,0.4698638262908901,True,0.030136173709109926,0.18764447318448116,2_0_3_0,16.12204613,0.426497857,2.79212384,0.621785071,Si1,Si1,combo_002,13,353.1007622,898.831004,-0.004332913,0.004332913,1380.126072,,,10.024447597607326,1.1908348342386108,305.6841632185487
1,1,0,True,0.16941413109657333,0.8305858689034267,False,0.33058586890342667,0.08151056456754362,3_2_3_2,19.4854298,1.1641589,2.882537876,1.906566838,Si1,Si1,combo_002,14,333.514687,579.2135342,-0.0033459,-0.0033459,1276.469909,,,37.15027428085697,3.355732122932497,312.34829464574943
0,0,1,True,0.5224684463424651,0.47753155365753486,True,0.022468446342465143,0.061006636811951495,2_1_3_3,16.35516956,0.935297017,2.80630181,2.465009286,Si1,Si1,combo_002,15,310.4310381,330.457053,-0.004397022,0.052182401,1250.030732,,,40.315644839504536,2.6247257116947007,307.06859099164444
0,0,0,False,0.40109344673280134,0.5989065532671987,True,0.09890655326719866,0.05024482494468499,3_1_3_0,18.19066501,0.896528202,2.987634287,0.807131227,Si1,PU,combo_001,16,305.4209706,330.5926622,-0.00133685,0.052045772,1298.893116,,,14.682253769467266,2.6784983955576624,297.20206663814264
1,1,1,False,0.9976607577420964,0.0023392422579036065,False,0.4976607577420964,0.15860347049162307,3_0_2_0,19.06300588,0.256754995,2.284210386,0.604885213,Si1,Si1,combo_002,17,314.8044099,797.4801066,-0.002337126,0.029447791,1503.242348,,,11.53093037214405,0.586482426236378,331.78763658319843
0,0,0,False,6.282882031882764e-05,0.9999371711796812,False,0.4999371711796812,0.17737474333072226,2_3_0_0,16.87100256,1.636733489,1.573930272,0.830029372,Si1,PU,combo_001,18,251.107732,245.9315267,-0.004538875,0.052195375,1144.663503,,,14.003427659887194,2.576104385533279,252.94759314760688
1,1,1,False,0.6148237348378984,0.38517626516210157,False,0.11482373483789843,0.1496032752081913,1_1_3_3,15.85101429,0.879580839,2.629809271,2.277741083,Si1,Si1,combo_002,1,316.6175993,701.6114416,-0.018194891,0.031357153,1264.489283,Itr_10,,36.10450645555308,2.3131298449961584,309.4829417533867
1,1,1,False,0.5370162943178229,0.46298370568217706,True,0.03701629431782294,0.14015383089299896,0_0_3_1,12.0106252,0.329646181,2.989402979,1.024308115,Si1,Si1,combo_002,2,294.1497399,886.4534905,-0.004366736,0.037553932,1346.028486,,,12.302580858583497,0.9854452754973732,293.3607501231456
1,1,1,False,0.6636376912305764,0.33636230876942363,False,0.16363769123057637,0.14462892637448135,0_0_2_0,12.50074647,0.32110169,2.523602908,0.788355398,Si1,Si1,combo_002,3,296.5036074,804.3812127,-0.006977481,0.037921094,1367.405465,,,9.855030958653945,0.8103331586477145,292.27472842636485
1,1,1,False,0.636133813169522,0.363866186830478,False,0.136133813169522,0.2051480299113641,3_2_0_0,19.42824128,1.186557095,1.268970779,0.666801851,Si1,Si1,combo_002,4,356.1699237,640.277009,-0.00238278,-0.010007676,1280.195586,,,12.95478724717861,1.505706281170127,309.9015969783626
1,1,1,False,0.5967460083906815,0.4032539916093185,True,0.09674600839068148,0.13743641192303177,2_1_3_3,16.01238729,0.796821178,2.877422391,2.019244699,Si1,Si1,combo_002,5,335.2273239,707.5706936,-0.014472908,0.008214353,1282.593057,,,32.332928153667474,2.2927910992001967,312.2514293186058
0,0,0,False,0.34747852973100635,0.6525214702689937,False,0.15252147026899365,0.24136501830525325,1_1_1_0,15.12822352,0.714367306,1.766883428,0.759012646,Si1,PU,combo_001,6,303.1154442,334.7667897,-0.0033215,0.052033892,1342.22325,,,11.482512963194633,1.262203754476405,296.47056626558566
1,1,1,False,0.6550908949470795,0.3449091050529205,False,0.1550908949470795,0.18061424980512428,3_1_2_0,19.37595419,1.023299995,2.35618932,0.931220617,Si1,Si1,combo_002,7,347.309857,814.909291,0.005227736,-0.012831716,1300.398887,,,18.043288015775538,2.411088519375053,303.30071580791576
1,1,1,False,0.5580335481201644,0.44196645187983563,True,0.05803354812016437,0.12552196648513825,2_0_3_0,16.81581826,0.674787505,2.543117996,0.521873809,Si1,PU,combo_001,8,339.9882316,566.071303,-0.005346191,0.008636156,1355.468014,,,8.775735126797953,1.7160642474414398,304.0007148499015
1,1,1,False,0.7107471006451647,0.28925289935483534,False,0.21074710064516466,0.17358666238459894,3_1_3_1,19.14110936,1.079845131,2.897418221,1.241457391,Si1,PU,combo_001,9,355.988909,813.9475713,-0.008918177,-0.000469378,1287.750093,,,23.762871686911282,3.1287629584175316,309.85976567266425
1,1,1,False,0.5496689551076201,0.45033104489237985,True,0.04966895510762015,0.1287789002306018,2_1_3_3,17.53547729,0.949143378,2.846232095,2.014691212,Si1,Si1,combo_002,10,346.1367788,868.5752934,-0.007297029,0.006438555,1264.072299,,,35.32857199438857,2.701482345220317,316.95116060658523
1,1,1,False,0.7223275229331421,0.27767247706685794,False,0.22232752293314206,0.12198278204277335,3_1_3_0,19.7630568,0.937439138,2.611014147,0.67880264,Si1,Si1,combo_002,11,351.8346625,576.5676363,-0.007273898,-0.007273898,1304.462328,,,13.415215130309953,2.4476668512694855,298.0446674397839
0,0,1,True,0.598350867023612,0.40164913297638805,True,0.09835086702361195,0.07021337959383903,3_2_1_1,19.59393873,1.273195958,1.618268208,1.171654075,Si1,Si1,combo_002,12,316.283445,343.566947,-0.002403492,0.052157719,1265.351863,,,22.957318158304826,2.060372541385503,306.5720009345229
0,0,1,True,0.5494055760208738,0.4505944239791262,True,0.04940557602087381,0.07255983739138501,3_2_3_3,19.06647584,1.136440587,2.990336507,2.329071217,Si1,Si1,combo_002,13,316.5024675,334.7423531,-0.003272584,0.05191316,1262.712474,,,44.407180088569895,3.3983397753426097,307.1558212710421
0,0,0,False,0.13085859370085018,0.8691414062991498,False,0.3691414062991498,0.23626612086762983,3_2_3_3,19.91898252,1.540733659,2.629459873,2.474788036,Si1,PU,combo_001,14,323.6695681,345.4446431,-0.000488824,0.052107699,1221.921186,,,49.295259629789136,4.051297331320965,317.9622757904545
0,0,0,False,0.4389100922491167,0.5610899077508833,True,0.0610899077508833,0.13100445199628066,2_1_1_2,16.60621813,1.029490466,1.77687445,1.723965502,Si1,Si1,combo_002,15,304.5470074,323.364395,-0.00446606,0.052184352,1265.343302,,,28.628547174806947,1.8292753055539936,319.49813423799975
1,1,1,False,0.9379866632865514,0.06201333671344855,False,0.43798666328655145,0.05019622274508093,3_1_3_3,18.66964316,1.017820893,2.978227045,2.462360546,Si1,Si1,combo_002,16,353.1361236,868.5609262,-0.004118319,0.001372773,1269.623534,,,45.971392725082765,3.031301710498651,323.5618380791773
1,1,1,False,0.9992753691315102,0.0007246308684898395,False,0.49927536913151016,0.19475579194040157,3_0_0_3,19.99115605,0.264514578,1.221417132,2.088565011,Si1,PU,combo_001,17,326.5220261,637.1015155,-0.001471887,0.041703465,1631.916665,,,41.75282905547097,0.3230826372329503,409.66253445149675
1,1,1,False,0.9999631841837981,3.68158162018517e-05,False,0.49996318418379815,0.1171929798619558,1_0_1_2,15.37020126,0.526534084,1.812666683,1.784127726,Si1,PU,combo_001,18,312.1100999,669.840993,-0.002625735,0.026632457,1410.142677,,,27.422402222166134,0.9544307915307234,350.4537041975241
