Eval#,A_Cell_D,B_Barrier_Type,C_Barrier_Thx,F_ThermalResin_Thx,G_CoolingLPM,TP_NoTP,MaxT_TB_Center,MaxT_TB_Top,MaxT_TB_Btm,MaxT_Adj,MaxT_Adj_Y,MaxT_Adj_Z,Max_Power,Time_MaxT,Time_Max_Power,
1,13.62064854,ETI,2.233007376,1.893774292,3.453895132,0,123.7814469,114.8687825,121.4281739,166.9135213,-0.173679459,0.112040882,847.8564214,312.7,140.1,Initial
2,15.4212917,ETI,1.059793309,2.327644861,12.72983229,1,115.9605143,99.130613,113.9749824,544.9556682,-0.214512458,0.092946689,2056.781355,117.000001,81.5,
3,14.69924287,ETI,1.403003879,1.409897549,12.63060293,1,125.5401894,112.6551433,121.0941455,718.0871019,-0.177063498,0.105172378,1497.836541,185.300001,95.1,
4,13.11039268,ETI,1.394320747,2.213860506,0.822784095,1,128.9743768,116.486459,127.1904038,592.1842414,-0.490351437,0.107866163,1498.568107,202.500001,90.4,
5,11.12368179,ETI,1.794243017,2.632029304,5.731029041,0,130.0436429,120.3971253,129.3444118,182.1881694,-0.501700525,0.107203005,1084.736004,270.2,111.4,
6,12.12531974,ETI,2.726928024,1.762602773,25.79994151,0,116.0698585,107.8407264,111.426216,145.5462318,-0.488265863,0.115023343,603.9073195,372.1,125.7,
7,11.74369257,ETI,2.056341711,2.370376654,9.976600272,0,125.4561819,115.1769443,123.6119816,171.1489608,-0.495937611,0.108404274,917.3473561,293.7,125.3,
8,14.40380371,ETI,1.11969452,2.23841178,3.197426084,1,116.8034285,99.1699396,114.1953321,541.7288928,-0.210051338,0.096010988,1934.580784,120.300001,81,
9,11.72224902,ETI,1.437487493,1.970342224,19.34435109,0,138.0473719,128.5805146,133.5062113,201.9928467,-0.509820703,0.111201797,1418.838351,239.5,90.1,
10,14.92665386,ETI,1.303068539,1.676088367,1.535872215,1,118.7418755,102.782789,114.8147597,827.7120641,-0.189193703,0.100010609,1629.621841,149.100001,90.6,
11,12.80941246,ETI,1.568575083,1.876953057,3.869547623,0,134.5338733,127.2450259,132.0332797,196.6844954,-0.499013775,0.110469111,1306.870367,249.6,103.6,
12,11.00913509,ETI,1.580750537,2.374964595,26.98310887,0,134.2584278,125.9839397,132.2505457,193.6550559,-0.503866221,0.108311476,1167.100043,263.5,104.9,
13,14.16822658,ETI,2.916410365,2.176198223,18.9450193,0,116.9335441,109.5021505,115.0962216,145.3189588,-0.479486579,0.133631258,607.1829829,393.6,167.4,
14,14.00026777,ETI,2.696809283,2.110029912,0.005174258,0,118.4186585,110.2433255,116.4533301,152.9297727,-0.48619194,0.114480678,662.1536772,375,137.8,
15,13.54296211,ETI,2.155818269,2.560542096,0.936482072,0,125.9990969,116.6200616,125.1861887,171.0002819,-0.487549984,0.110243244,895.3382208,310.2,137.6,
16,11.61025733,ETI,1.231815722,1.849205067,0.036113103,1,123.8487523,106.9504149,117.8031462,635.5276768,-0.458856224,0.096901494,1686.006954,142.600001,79.8,
17,13.1832379,ETI,1.187750686,1.816752251,13.65523939,1,117.479339,100.5579025,111.0822544,819.6651743,-0.215695935,0.093569696,1785.873045,127.900001,81.8,
18,10.87733732,ETI,2.869754123,2.072497918,21.07095349,0,114.4900061,105.8130493,111.09182,140.2132029,-0.488577059,0.111981391,587.3623452,377.3,150.3,
19,13.72884534,ETI,1.907814204,2.456844555,14.2893732,0,128.6724909,119.3778603,127.8678703,181.6940242,-0.172401393,0.108909801,1051.900488,284.2,125.2,
20,14.62355254,ETI,2.433388417,1.639075702,0.249634484,0,121.9075184,114.2098027,118.9635266,161.6408959,-0.176090241,0.115766197,760.9502481,344.1,152.3,
21,14.90207674,ETI,2.393566447,2.745801424,0.09430566,0,123.8317953,115.4377292,123.3199038,165.4671566,-0.487421365,0.110889635,791.2097597,348.6,155.2,
22,13.19847239,ETI,1.461120901,2.121686619,22.8475716,0,137.8804519,129.0650826,134.0852659,209.9820432,-0.497874166,0.111222915,1374.842575,264.6,102.4,
23,13.45750184,ETI,2.592039563,2.315864586,11.28892172,0,120.228863,111.7351494,118.5145194,154.3928229,-0.177243073,0.113361222,694.0744422,355.9,132.3,
24,12.38042866,ETI,1.451160741,1.313559748,0.146825804,0,135.3784733,128.0530249,130.3009519,202.167333,-0.503708319,0.112641563,1402.684714,239.4,91.6,
25,15.63504525,ETI,1.379136971,1.480843839,20.81970087,1,123.319181,109.3668989,119.5363414,623.3387258,-0.191874234,0.102583366,1495.030216,171.200001,102.3,
26,12.21980399,ETI,2.281497023,1.2,7.911698289,0,118.4616501,110.9127481,108.5986688,160.607642,-0.492498888,0.113771913,786.6348253,310.9,109.3,
27,12.75712505,ETI,1.530503559,2.837921421,22.31093137,0,140.5068798,129.7048365,137.3001293,206.4664956,-0.498304633,0.108818914,1349.898592,268.8,97,
28,12.30485762,ETI,1.214186604,2.416089212,24.12369221,1,120.0641872,102.2303714,116.0390656,573.838219,-0.216084651,0.093075609,1674.727971,133.300001,86.1,
29,12.92913101,ETI,1.200930259,2.042271595,10.28808177,1,118.91894,101.4152705,113.8471016,687.7833453,-0.203833494,0.093426761,1760.032955,128.500001,81.6,
30,12.72625237,ETI,1.478698659,2.136225419,5.013696117,0,139.9672219,129.5725131,135.5075955,202.8042662,-0.500975981,0.110307988,1399.09162,247.3,94.1,
31,12.48968121,ETI,1.65853431,1.6786106,28.0990017,0,133.2529062,126.1137635,130.6186557,190.5235579,-0.494677424,0.111365092,1142.369311,264.9,112.3,
32,12.59646442,ETI,2.779203713,2.467661829,0.456843482,0,118.5720215,109.9092169,116.6232328,147.7749205,-0.176604796,0.111585332,629.2225015,377.3,154.9,
33,13.59015313,ETI,1.501512065,1.447954045,2.04826547,0,135.7240892,128.5528372,131.3544061,201.9387965,-0.167427616,0.113634816,1374.151635,242.4,97.2,
34,13.00527803,ETI,1.727866034,1.985786039,1.732489253,0,130.8606287,123.1317249,129.606657,188.1894146,-0.496930479,0.109268691,1165.750455,263.5,112.5,
35,11.28318555,ETI,1.35462068,1.610089625,15.66181976,0,144.3751341,131.0303731,134.9232834,205.8155927,-0.515159906,0.111606002,1508.412612,251.5,84.3,
36,13.28419466,ETI,1.739597821,1.563146092,0.639091823,0,131.2136214,124.3456056,129.3294011,187.035611,-0.494149595,0.111389002,1158.988633,263.5,113.3,
37,14.22952623,ETI,1.287640737,1.787067237,6.229099074,1,121.5992608,105.4636897,118.2500353,790.7929896,-0.19074827,0.097624115,1652.554364,145.400001,87.8,
38,14.1017874,ETI,1.341482752,2.095596936,2.950140069,1,120.5991325,105.0478561,117.9771069,787.9494829,-0.47018333,0.100954274,1574.540059,159.500001,91.3,
39,13.35065068,ETI,1.430194005,2.296082029,9.077405733,0,145.0149576,131.1597196,139.1000703,209.9843995,-0.494992756,0.111517761,1467.622395,246.5,93.3,
40,11.4589023,ETI,1.551103938,2.025864351,8.376097639,0,135.1740172,127.0168559,132.218416,194.1976058,-0.505656481,0.109239106,1301.501165,246.9,99.5,
41,12.09571751,ETI,1.328031224,2.548387905,4.06959172,1,127.9935738,113.6711892,126.4988497,665.8329814,-0.178496748,0.101755258,1572.552316,174.700001,85.6,
42,11.97173635,ETI,2.565646493,1.740496388,12.01757663,0,118.7551794,109.9631066,114.8088014,151.6153983,-0.490554284,0.113198274,682.0241471,345.2,141.8,
43,13.84883992,ETI,2.334902569,1.831013949,16.44410094,0,121.5448532,112.9072987,118.6654266,162.8231479,-0.487830693,0.114168358,798.6030825,324.6,143.8,
44,14.52152191,ETI,1.600683947,1.228783184,18.16845963,0,132.1120744,126.575296,127.0278629,197.06383,-0.17011568,0.11378632,1277.338185,249.1,103.5,
45,12.35701602,ETI,1.54475398,1.920165113,1.166156237,0,134.5168123,126.5414066,131.6639061,197.0939563,-0.501871474,0.109592601,1319.358642,246.8,101.2,
46,11.41183321,ETI,2.481094929,2.509214957,4.468702623,0,121.0833183,111.3644277,118.917445,154.9185571,-0.492485628,0.110522753,709.3797956,339.5,114.7,
47,12.85891605,ETI,1.982615911,2.165518116,2.369970241,0,127.2226426,117.8163342,125.7453764,176.2665006,-0.493438715,0.10900341,985.987459,289.6,125.6,
48,11.91172733,ETI,2.197715698,2.27665003,0.03099692,0,125.4794822,115.9640749,123.696579,166.4296602,-0.491168612,0.108729852,838.103812,313.3,132.9,
49,11.84709055,ETI,1.844776281,2.20888605,5.321620453,0,130.2486697,121.5177486,129.1981475,180.1714856,-0.496008237,0.108604612,1063.872438,273.2,115.4,
50,14.34698268,ETI,1.259593513,1.530310136,8.56371923,1,119.9519021,103.7471295,114.6604385,538.1958972,-0.203547342,0.097719549,1684.56382,140.200001,87.5,
51,10.76713335,ETI,2.65734778,1.708659771,27.2075438,0,116.2673587,107.706075,111.6650804,144.9339801,-0.489517303,0.113012896,609.6769197,356.2,120.6,
52,12.64840794,ETI,1.950624787,1.586906288,2.631555019,0,127.1701666,118.3939661,123.6960732,175.5125165,-0.492224256,0.110157166,995.5813093,281.9,122.5,
53,12.97830343,ETI,1.509045457,1.927776525,0.350262839,0,136.3677307,128.2742501,132.7412609,201.8713448,-0.498151284,0.110796337,1360.977366,248.9,95.7,
54,13.94898428,ETI,1.273556292,2.652977911,14.97391443,1,118.6686711,101.5547449,116.3554877,789.0604078,-0.200362716,0.097396175,1675.920468,141.600001,86.8,
55,12.53373158,ETI,1.247558002,1.401437673,24.98180722,1,122.9402947,106.541116,114.712342,647.5336324,-0.458771669,0.099288215,1619.206972,142.700001,88.5,
56,13.0687814,ETI,2.954513614,1.805063186,7.397919162,0,113.6902564,106.0681158,109.8411889,141.7921046,-0.488240839,0.117323029,585.3439461,394.5,162.9,
57,10.36767759,ETI,2.101450004,2.744200514,1.388242365,0,125.6257263,114.7994426,123.7868328,167.5242308,-0.498403245,0.106988465,859.83201,296.2,121.8,
58,13.78643865,ETI,1.365638359,2.052447613,6.79220526,1,123.9668897,108.6053277,121.4010437,780.1174093,-0.186819058,0.100619216,1541.077717,167.700001,90.7,
59,15.22528558,ETI,2.823602269,1.291640337,17.63303486,0,116.2213977,110.3106041,111.0514035,149.0078979,-0.178870983,0.133557641,631.0933129,378.9,165.3,
60,13.39675472,ETI,1.033479274,1.949136948,29.04013412,1,117.7829599,99.88157327,113.3275614,759.2307683,-0.226818385,0.090432111,1994.370793,112.100001,80.8,
1,14.535,ETI,1,1.227,0.594,1,115,96.9,107,668,-0.432,0.0908,2140,108,76.7,Itr_1
2,12.105,ETI,2.997,2.207,22.8,0,114,106,111,139,-0.488,0.115,570,398,161,
3,12.355,ETI,2.995,2.432,24,0,114,106,111,139,-0.487,0.116,546,409,135,
4,10.235,ETI,2.339,2.945,18,0,123,112,122,158,-0.494,0.108,750,319,109,
5,10.055,ETI,1.012,1.25,7.84,1,121,99.7,105,599,-0.24,0.0918,2020,98.3,68,
6,15.995,ETI,1.005,1.31,1.2,1,114,96.6,108,781,-0.439,0.0912,2150,114,80.5,
7,12.185,ETI,1.012,1.222,2.45,1,118,99,105,653,-0.232,0.093,2080,103,71.5,
8,14.835,ETI,1.014,1.275,0.384,1,114,96.8,109,863,-0.215,0.0909,2100,111,78.2,
9,12.491,ETI,1.029,1.263,1.27,1,119,101,110,537,-0.236,0.0917,2060,105,72.9,
10,14.535,ETI,1,1.404,0.594,1,116,97,109,668,-0.429,0.0908,2140,108,76.8,
11,15.985,ETI,1.01,1.344,5.86,1,114,96.7,109,674,-0.446,0.0912,2140,114,81,
12,14.204,ETI,1.018,1.271,1.84,1,117,98.9,111,798,-0.212,0.0924,2100,110,76.7,
13,12.661,ETI,1.036,1.264,1.55,1,118,100,110,690,-0.222,0.0917,2040,107,73.6,
14,13.981,ETI,1.017,1.262,2.15,1,115,96.1,107,765,-0.442,0.0923,2090,108,75.9,
15,13.727,ETI,1.032,1.266,0.503,1,116,97.7,109,822,-0.226,0.0922,2060,110,76,
16,12.998,ETI,1.043,1.249,0.777,1,117,98.5,105,785,-0.216,0.0935,2030,108,74.4,
17,15.605,ETI,1.015,1.347,4.01,1,115,98.1,110,673,-0.442,0.0911,2100,113,79.9,
18,15.925,ETI,1.003,1.214,12.5,1,114,96.8,106,874,-0.216,0.0912,2130,114,80.3,
19,12.325,ETI,1.015,1.592,0.681,1,117,98.4,107,687,-0.235,0.0916,2080,103,72.3,
20,12.075,ETI,1.016,1.242,10,1,119,101,106,685,-0.23,0.0915,2070,103,71.7,
