sampling_rank,selected_bucket,selected_model_kind,A_Cell_D,C_Barrier_Thx,E_Barrier_Outer_Thx,F_ThermalResin_Thx,B_Barrier_Type,D_Barrier_Outer_Type,discrete_combo_id,p_tp,p_notp,boundary_score,clf_uncertainty_raw,clf_uncertainty_scaled,tmax_pred_given_notp,tmax_std_given_notp,notp_window_score,local_sparsity,combo_priority,acq_boundary,acq_notp_high_tmax,acq_uncertainty_sparse
1,boundary,gp,15.181523738916603,1.2658004119257371,1.8124151148672785,0.6636924393245746,A2,PU,combo_011,0.500969643793012,0.499030356206988,0.998060712413976,0.14274520764066626,0.7654120866264424,287.8486782192925,11.153356385796522,0.0,0.6787862848730782,0.9375,0.9147344382015995,0.49151681365676325,0.6412858861210956
2,boundary,gp,12.888919250519507,1.0431420613993725,1.827250398408726,0.5353122958537432,A1,PU,combo_007,0.49891840242912266,0.5010815975708773,0.9978368048582453,0.14589257726372235,0.7823820292831608,295.7435626039552,11.168783364696004,0.0,0.6061885043965466,0.9375,0.9078904875936897,0.5297353753557995,0.6367598019022176
3,boundary,gp,15.32486603986619,0.6037689622135423,2.8484528969938445,1.2726761419946557,A1,Si1,combo_008,0.5017598649453534,0.4982401350546466,0.9964802701092932,0.14914066281880675,0.7998950106661278,280.0458284235831,10.905426868132164,0.0,0.5803476175786598,0.9375,0.9064155835562278,0.4348971510783992,0.6317732815484892
4,boundary,gp,14.23046505116707,1.1427717405664186,2.0960834551448615,1.049790465317396,A2,PU,combo_011,0.4955139931910786,0.5044860068089214,0.9910279863821572,0.15567825832611404,0.835144324905902,290.0043494413275,9.234240593995395,0.0,0.560922665354797,0.9375,0.9059821904660054,0.47704124481541527,0.5952542335381694
5,boundary,gp,12.928320939824395,1.0029666884904307,1.6987540529874448,0.9707927890561125,A1,PU,combo_007,0.4954547102724245,0.5045452897275755,0.990909420544849,0.15806611055943243,0.8480191125302368,296.48185727805844,9.482515130835193,0.0,0.5295647652731764,0.9375,0.9038447296760507,0.5130696936878263,0.6018820370054809
6,boundary,gp,14.419169337974026,0.963274981067548,2.847979939230971,0.6612261832248469,A2,PU,combo_011,0.49962867761811514,0.5003713223818849,0.9992573552362303,0.13743929590064802,0.7368037473611331,286.9140902076221,10.642908819563626,0.0,0.6123147138774764,0.9375,0.9026800644891051,0.47549097792795725,0.6072695227869394
7,boundary,gp,12.334997593561503,0.9561278546744263,1.9703187592187974,1.3390768265703739,A1,Si1,combo_008,0.4956746556633327,0.5043253443366673,0.9913493113266654,0.15404386814011772,0.8263320432050545,284.95834726475556,8.758896574311391,0.0,0.5409315149780782,0.9375,0.902302664879829,0.44231854969121076,0.5761035846917625
8,boundary,gp,13.8784887630331,0.911131999617533,2.349003261621635,0.703316875777539,A1,Si1,combo_008,0.5009874519746553,0.49901254802534467,0.9980250960506893,0.14714628217482595,0.7891417375468556,279.1677351857699,10.220017317154484,0.0,0.5368130878070541,0.9375,0.9001711114775878,0.4201153386024852,0.6026368693749755
9,boundary,gp,14.376297332203432,1.015836032215983,2.6051997071403807,0.8522204877360544,A2,PU,combo_011,0.48912590439404013,0.5108740956059599,0.9782518087880803,0.15345513666360083,0.8231577292244182,287.61982567470625,9.508722606892848,0.0,0.5815015370072233,0.9375,0.8992061815809914,0.4675556615765296,0.6016915380709381
10,boundary,gp,12.7122008045834,1.026155054598282,1.1111857315340552,2.359871810154162,A1,Si2,combo_009,0.5044802457611315,0.4955197542388685,0.991039508477737,0.124575841778683,0.6674467588403149,285.5596344438989,12.125086073491056,0.0,0.6824114562841819,0.9375,0.8963242320465339,0.4863609853970787,0.6342556082406785
11,boundary,gp,10.729505527860471,1.0990161281497888,1.683119781077061,0.7983473140282382,A1,PU,combo_007,0.5010698201988979,0.4989301798011021,0.9978603596022042,0.12442829756713492,0.666651232064254,309.9525226989759,9.987977789882311,0.0,0.5552869237588922,0.9375,0.8840549315522083,0.5970028764814727,0.5561572715235763
12,boundary,gp,9.333668507222761,1.0831412497931832,2.0475140795512625,0.9638808711047928,A1,Si1,combo_008,0.500941541159782,0.49905845884021804,0.9981169176804361,0.10830486387743743,0.5797171321926643,296.9209241666365,10.66998416404769,0.0,0.6501925916719782,0.9375,0.8832679412869363,0.5369820313195186,0.5587152171717744
13,boundary,gp,10.307405985030863,1.215161764294939,1.558364747835484,1.0187798990605204,A1,Si1,combo_008,0.49806467997380155,0.5019353200261985,0.9961293599476031,0.12075285820535946,0.6468340505198088,291.26169712448603,10.228807003067649,0.0,0.556547129017924,0.9375,0.8802130856965805,0.49163921197218696,0.5560309222647354
14,boundary,gp,11.537942467355164,1.0889213934346471,2.2398077411724193,1.3154862624906847,A2,PU,combo_011,0.48807232323236605,0.511927676767634,0.9761446464647321,0.13189072782487682,0.7068870571246343,306.7220133516887,8.005633883861115,0.0,0.5382067813010802,0.9375,0.8749917378310984,0.5611646975015736,0.513181192416913
15,boundary,gp,11.675716237193374,0.886862339468713,1.8321132555810855,1.665545146651695,A1,Si3,combo_010,0.5064605155228605,0.49353948447713947,0.9870789689542789,0.12300032307602696,0.6589518995639204,289.5638619410223,8.521171957953543,0.0,0.542712421599474,0.9375,0.8748818552163169,0.4670887142942755,0.5112523853580722
16,boundary,gp,11.031432814317723,1.0479269158693387,1.3699509794923974,2.075991560671439,A1,Si2,combo_009,0.48787455130677415,0.5121254486932258,0.9757491026135483,0.1178186686596828,0.6310135291646696,288.62960442769173,10.742183201899058,0.0,0.6122098729635327,0.9375,0.872810754232612,0.4861161100879897,0.5729563713337329
17,boundary,gp,11.234874566309854,1.0561527701185724,1.1588311419339772,2.47441468533573,A1,Si2,combo_009,0.5234766440800129,0.47652335591998707,0.9530467118399741,0.11726564384244871,0.6280317378404299,286.79928487816477,13.231446351887731,0.0,0.7034014401993202,0.9375,0.8704824878462624,0.5042719241281391,0.6540237878345623
18,boundary,gp,8.249933574614849,1.5137942667701034,1.2048509566504608,2.020868463278556,Si2,Si2,combo_004,0.49413309109306525,0.5058669089069348,0.9882661821861305,0.08161896654962401,0.43583249148232384,288.7628566689899,14.389603532355293,0.0,0.7553934245199472,0.9375,0.8692371637493895,0.5298489303058458,0.6263917367310707
19,boundary,gp,8.61032114578583,1.2290006176730084,1.7796801593148115,0.6749283899189118,A1,Si1,combo_008,0.5083521153421842,0.49164788465781584,0.9832957693156317,0.08968665012227821,0.4793317127360234,298.8850462938759,12.360852297994022,0.0,0.72094919095839,0.9375,0.8684130115003991,0.5686228754639455,0.5806774492268998
20,boundary,gp,9.090906717470428,1.3505381349437313,1.382815978518246,0.6828339392121581,A1,Si1,combo_008,0.5028034604692042,0.4971965395307958,0.9943930790615916,0.09078324059655256,0.48524429361944366,295.98218950066524,12.628228804364726,0.0,0.6567677012932717,0.9375,0.8677196579994557,0.5476275527908488,0.5804700739508377
21,boundary,gp,8.544371652262944,0.9743149897170803,1.9191103621993963,1.7565804247976946,Si1,PU,combo_001,0.4974460002783321,0.5025539997216679,0.9948920005566642,0.09680737816656912,0.5177251526740909,320.3403677768482,10.04842391870521,0.0,0.5842226170149432,0.9375,0.863639146901734,0.6600507844075049,0.5100352216488058
22,notp_high_tmax,gp,8.090812310710582,0.7382827705079047,2.580838732127577,1.6701299039824327,A1,PU,combo_007,0.48844388945284223,0.5115561105471578,0.9768877789056845,0.08881293416456873,0.47462082349315377,338.0910752775722,9.701699456294033,0.0,0.43498250708437863,0.9375,0.8274328716261136,0.7443835927888499,0.4630308912148696
23,notp_high_tmax,gp,10.04401143317596,1.1391211754748023,2.409529422964817,0.812764365501517,A2,PU,combo_011,0.46606320981020133,0.5339367901897987,0.9321264196204027,0.11235968313119218,0.6015798488292826,318.2940830294826,9.627037674517863,0.0,0.45495606485396606,0.9375,0.8223903452674126,0.632058142281435,0.508410057451305
24,notp_high_tmax,gp,12.074381128647932,1.2927851750461128,1.1125746709481545,0.9366294902846329,Si3,PU,combo_005,0.4939301363703983,0.5060698636296017,0.9878602727407966,0.07489497988561417,0.3995781960615054,305.8284560582076,11.55226848212358,0.0,0.6552618461488108,0.9375,0.8507907270739731,0.5955938823929117,0.5206818470681757
25,notp_high_tmax,gp,14.057568582323611,1.2984357078892474,1.3567475720055322,0.6395529222583846,Si3,PU,combo_005,0.39436983773714474,0.6056301622628553,0.7887396754742895,0.09677089000754897,0.5175284163385537,293.4371773054353,12.072438436081368,0.03753441508570191,0.6546231333531589,0.9375,0.749925068860513,0.5284261667373306,0.576168604251533
26,uncertainty_sparse,gp,15.939290320219634,0.4252917206428224,2.7963516629100784,0.5851144877237633,A1,PU,combo_007,0.7585568446337447,0.24144315536625527,0.48288631073251054,0.1363024838704079,0.7306743004657569,290.06708559006984,14.543140220275957,0.0,0.5798027980648295,0.9375,0.590374606708973,0.5209888018206192,0.7074686514602047
27,uncertainty_sparse,gp,15.925559164516125,0.7113313435796489,2.9173823121733307,0.6244938071881236,A1,PU,combo_007,0.45145423106671956,0.5485457689332804,0.9029084621334391,0.1408764686964059,0.7553362466322566,283.26389540383144,13.52814982991358,0.0,0.5888870159659303,0.9375,0.8451453164998908,0.474839673793549,0.6895598746258833
28,random_check,gp,8.464429441433898,0.26655356762064786,2.515364023178747,1.3089174459154789,A1,PU,combo_007,0.9570369527262983,0.042963047273701704,0.08592609454740341,0.03831021294089654,0.20232097129410595,350.631002578064,12.151751103124901,0.0,0.4653700430326205,0.9375,0.26034010243648004,0.8387100058031752,0.43963841867494813
