TP_NoTP,actual_label,oof_predicted_label,oof_is_error,oof_p_tp,oof_p_notp,is_boundary_band,ptp_distance_from_boundary,local_nn_dist,coverage_cell_key,A_Cell_D,C_Barrier_Thx,F_ThermalResin_Thx,G_CoolantLPM,B_Barrier_Type,discrete_combo_id,Eval#,MaxT_TB_Center,MaxT_TB_Top,MaxT_TB_Btm,MaxT_Adj,MaxT_Adj_Y,MaxT_Adj_Z,Max_Power,Time_MaxT,Time_Max_Power,Unnamed: 16,CellD_x_Resin,oof_tmax_pred,oof_MaxT_TB_Top_pred,oof_MaxT_TB_Btm_pred,oof_MaxT_Adj_Y_pred,oof_MaxT_Adj_Z_pred,oof_Max_Power_pred
0.0,0,0,False,0.21174893385114046,0.7882510661488595,False,0.28825106614885954,0.23640782892788156,2_2_1_0,13.62064854,2.233007376,1.893774292,3.453895132,ETI,combo_001,1.0,123.7814469,114.8687825,121.4281739,166.9135213,-0.173679459,0.112040882,847.8564214,312.7,140.1,Initial,25.794434045419333,122.882824533404,114.81135853953158,121.71167434125302,-0.42934225823529415,0.11243307229395084,844.4385586028817
1.0,1,1,False,0.9344425520944242,0.06555744790557583,False,0.4344425520944242,0.3315114605791475,3_0_2_1,15.4212917,1.059793309,2.327644861,12.72983229,ETI,combo_001,2.0,115.9605143,99.130613,113.9749824,544.9556682,-0.214512458,0.092946689,2056.781355,117.000001,81.5,,35.89529037548695,152.5547573859278,137.21287144225636,147.93327874922315,-0.4439144403867871,0.11936564335982429,1916.9197833808682
1.0,1,1,False,0.7748684299981505,0.22513157000184947,False,0.27486842999815053,0.17731562284217728,3_0_0_1,14.69924287,1.403003879,1.409897549,12.63060293,ETI,combo_001,3.0,125.5401894,112.6551433,121.0941455,718.0871019,-0.177063498,0.105172378,1497.836541,185.300001,95.1,,20.72442649456873,139.0158001261679,131.28798501595114,133.9871902333808,-0.42934225823529415,0.11490002420113757,1460.2686984789739
1.0,1,1,False,0.668019923375823,0.33198007662417695,False,0.16801992337582305,0.16508913188701602,2_0_2_0,13.11039268,1.394320747,2.213860506,0.822784095,ETI,combo_001,4.0,128.9743768,116.486459,127.1904038,592.1842414,-0.490351437,0.107866163,1498.568107,202.500001,90.4,,29.024580572403497,141.41200352949792,130.8438428331408,137.06008542085013,-0.4766685542309785,0.1111390695122605,1499.8051101291705
0.0,0,0,False,0.07842237410773123,0.9215776258922688,False,0.42157762589226877,0.2535921713239621,0_1_3_0,11.12368179,1.794243017,2.632029304,5.731029041,ETI,combo_001,5.0,130.0436429,120.3971253,129.3444118,182.1881694,-0.501700525,0.107203005,1084.736004,270.2,111.4,,29.27785643965117,131.31525216611792,121.58005396474987,130.30132060046802,-0.48353305846301703,0.10678589048737501,1082.5098238497762
0.0,0,0,False,0.3262993474321547,0.6737006525678453,False,0.17370065256784528,0.2356921467806825,1_3_1_3,12.12531974,2.726928024,1.762602773,25.79994151,ETI,combo_001,6.0,116.0698585,107.8407264,111.426216,145.5462318,-0.488265863,0.115023343,603.9073195,372.1,125.7,,21.37212219723564,116.67367817140133,108.37994167508258,112.65069861182177,-0.4934072068967147,0.12141077672469527,623.208041107163
0.0,0,0,False,0.15026122929111807,0.8497387707088819,False,0.34973877070888193,0.2088362639444847,1_2_2_1,11.74369257,2.056341711,2.370376654,9.976600272,ETI,combo_001,7.0,125.4561819,115.1769443,123.6119816,171.1489608,-0.495937611,0.108404274,917.3473561,293.7,125.3,,27.836974699681264,125.75399325359695,116.53676228660235,124.57078247548579,-0.3206222704962525,0.11013324479919782,917.5012330652655
1.0,1,1,False,0.9385124821164936,0.06148751788350637,False,0.43851248211649363,0.14558246541680245,3_0_2_0,14.40380371,1.11969452,2.23841178,3.197426084,ETI,combo_001,8.0,116.8034285,99.1699396,114.1953321,541.7288928,-0.210051338,0.096010988,1934.580784,120.300001,81.0,,32.2416439012717,148.77835913153268,134.04882435921678,143.1783992586257,-0.4046893373329468,0.11496831718713413,1823.8395356952565
0.0,0,0,False,0.27466350014094587,0.7253364998590541,False,0.22533649985905413,0.24939047305241596,1_0_1_2,11.72224902,1.437487493,1.970342224,19.34435109,ETI,combo_001,9.0,138.0473719,128.5805146,133.5062113,201.9928467,-0.509820703,0.111201797,1418.838351,239.5,90.1,,23.09684220434862,138.07926317311853,129.20411604287798,132.54619210634024,-0.48955473989107634,0.11002887583598715,1357.1757195244552
1.0,1,1,False,0.9599422098882542,0.04005779011174582,False,0.4599422098882542,0.20453416615406061,3_0_1_0,14.92665386,1.303068539,1.676088367,1.535872215,ETI,combo_001,10.0,118.7418755,102.782789,114.8147597,827.7120641,-0.189193703,0.100010609,1629.621841,149.100001,90.6,,25.018390892981646,144.11019399396156,133.9062381423096,137.96249773543315,-0.440172150440155,0.11577880426429575,1520.9180447201766
0.0,0,0,False,0.03621997015284251,0.9637800298471575,False,0.4637800298471575,0.1205139593422955,1_1_1_0,12.80941246,1.568575083,1.876953057,3.869547623,ETI,combo_001,11.0,134.5338733,127.2450259,132.0332797,196.6844954,-0.499013775,0.110469111,1306.870367,249.6,103.6,,24.04266587517089,135.86374175009485,127.08735326729234,132.2625848246563,-0.18880173301742226,0.1125141272789829,1312.400084515678
0.0,0,0,False,0.03747737367507398,0.962522626324926,False,0.462522626324926,0.2997249184769652,0_1_2_3,11.00913509,1.580750537,2.374964595,26.98310887,ETI,combo_001,12.0,134.2584278,125.9839397,132.2505457,193.6550559,-0.503866221,0.108311476,1167.100043,263.5,104.9,,26.146306060322136,135.71037643611396,125.51360612967277,131.20132776776245,-0.42934225823529415,0.11015620229793538,1272.0768734044632
0.0,0,0,False,0.37070073018225,0.62929926981775,False,0.12929926981774997,0.3338933483146959,2_3_2_2,14.16822658,2.916410365,2.176198223,18.9450193,ETI,combo_001,13.0,116.9335441,109.5021505,115.0962216,145.3189588,-0.479486579,0.133631258,607.1829829,393.6,167.4,,30.83286950645737,115.58923059546595,108.86592232520871,113.25057094303727,-0.43003598192791126,0.12463330212607168,603.2558755729057
0.0,0,0,False,0.3308436410108584,0.6691563589891416,False,0.1691563589891416,0.29228483866605276,2_3_2_0,14.00026777,2.696809283,2.110029912,0.005174258,ETI,combo_001,14.0,118.4186585,110.2433255,116.4533301,152.9297727,-0.48619194,0.114480678,662.1536772,375.0,137.8,,29.540983770709538,119.21816947389237,110.90429729843966,116.32247974960825,-0.4232110334163985,0.11727771554524352,663.7068617537218
0.0,0,0,False,0.18587960953459515,0.8141203904654049,False,0.31412039046540485,0.26635021146928817,2_2_3_0,13.54296211,2.155818269,2.560542096,0.936482072,ETI,combo_001,15.0,125.9990969,116.6200616,125.1861887,171.0002819,-0.487549984,0.110243244,895.3382208,310.2,137.6,,34.67732458718798,126.25751378534949,116.36287541509434,123.78823238371544,-0.18351123029749394,0.10917252434120907,896.0393814294711
1.0,1,1,False,0.8738097297618879,0.12619027023811213,False,0.37380972976188787,0.20723374555437934,0_0_1_0,11.61025733,1.231815722,1.849205067,0.036113103,ETI,combo_001,16.0,123.8487523,106.9504149,117.8031462,635.5276768,-0.458856224,0.096901494,1686.006954,142.600001,79.8,,21.46974668380989,144.85288070536816,132.6995070441738,137.34258508681754,-0.4748406059399793,0.11256306580290246,1618.5118690851223
1.0,1,1,False,0.952974662652764,0.04702533734723602,False,0.452974662652764,0.17358502209383156,2_0_1_1,13.1832379,1.187750686,1.816752251,13.65523939,ETI,combo_001,17.0,117.479339,100.5579025,111.0822544,819.6651743,-0.215695935,0.093569696,1785.873045,127.900001,81.8,,23.950677130293514,146.36513717455927,133.82228025721412,138.87333129916314,-0.18023399778063343,0.11380969303430603,1728.7077505091197
0.0,0,0,False,0.3535149328076841,0.6464850671923159,False,0.1464850671923159,0.3071088971336093,0_3_2_2,10.87733732,2.869754123,2.072497918,21.07095349,ETI,combo_001,18.0,114.4900061,105.8130493,111.09182,140.2132029,-0.488577059,0.111981391,587.3623452,377.3,150.3,,22.5432589490837,114.85905266633733,106.20069107634157,110.24229114391996,-0.4320987973303726,0.11245413842831095,574.469426088255
0.0,0,0,False,0.14009115146745899,0.859908848532541,False,0.359908848532541,0.31490152759237355,2_1_3_1,13.72884534,1.907814204,2.456844555,14.2893732,ETI,combo_001,19.0,128.6724909,119.3778603,127.8678703,181.6940242,-0.172401393,0.108909801,1051.900488,284.2,125.2,,33.72963892001612,129.96812397955983,121.2185357571738,129.8566939887567,-0.44013772880701135,0.10878617250238537,1051.8605277782813
0.0,0,0,False,0.28228471241038733,0.7177152875896127,False,0.21771528758961267,0.2634532405792313,3_2_1_0,14.62355254,2.433388417,1.639075702,0.249634484,ETI,combo_001,20.0,121.9075184,114.2098027,118.9635266,161.6408959,-0.176090241,0.115766197,760.9502481,344.1,152.3,,23.969109645234383,120.41282533795614,112.63700487033769,116.56275767578207,-0.443671774277228,0.11379816620457518,753.9883709793919
0.0,0,0,False,0.27856119492145126,0.7214388050785487,False,0.22143880507854874,0.2771694947917222,3_2_3_0,14.90207674,2.393566447,2.745801424,0.09430566,ETI,combo_001,21.0,123.8317953,115.4377292,123.3199038,165.4671566,-0.487421365,0.110889635,791.2097597,348.6,155.2,,40.91814353324928,124.44371869573558,114.98026210678617,123.93140126604567,-0.45548793612270233,0.11180131083322699,792.0383231542025
0.0,0,0,False,0.18082550300732692,0.8191744969926731,False,0.3191744969926731,0.2568780356995439,2_0_2_3,13.19847239,1.461120901,2.121686619,22.8475716,ETI,combo_001,22.0,137.8804519,129.0650826,134.0852659,209.9820432,-0.497874166,0.111222915,1374.842575,264.6,102.4,,28.00302226110395,140.06093302914746,130.15380455945973,136.2587143113521,-0.47643566341225435,0.11223990500740676,1424.2575288419698
0.0,0,0,False,0.30576094600360193,0.6942390539963981,False,0.19423905399639807,0.3338933483146959,2_3_2_1,13.45750184,2.592039563,2.315864586,11.28892172,ETI,combo_001,23.0,120.228863,111.7351494,118.5145194,154.3928229,-0.177243073,0.113361222,694.0744422,355.9,132.3,,31.16575192728584,120.5484552388624,111.57375770503023,117.51411825197462,-0.42706256150343913,0.11586141756256264,697.8805577348694
0.0,0,0,False,0.11813091018075284,0.8818690898192472,False,0.38186908981924716,0.22555834890042328,1_0_0_0,12.38042866,1.451160741,1.313559748,0.146825804,ETI,combo_001,24.0,135.3784733,128.0530249,130.3009519,202.167333,-0.503708319,0.112641563,1402.684714,239.4,91.6,,16.26243275076158,137.2975906970262,128.8849342167911,130.37222726117471,-0.4737332229367577,0.11213140911775919,1400.53319512247
1.0,1,1,False,0.8788685833242198,0.1211314166757802,False,0.3788685833242198,0.2722735912277811,3_0_0_2,15.63504525,1.379136971,1.480843839,20.81970087,ETI,combo_001,25.0,123.319181,109.3668989,119.5363414,623.3387258,-0.191874234,0.102583366,1495.030216,171.200001,102.3,,23.153060430948713,140.81505951049232,131.92658713959332,133.1914843476625,-0.451816701162074,0.1173089050098123,1522.8363634877414
0.0,0,0,False,0.21409362140593657,0.7859063785940634,False,0.2859063785940634,0.3311377678802834,1_2_0_1,12.21980399,2.281497023,1.2,7.911698289,ETI,combo_001,26.0,118.4616501,110.9127481,108.5986688,160.607642,-0.492498888,0.113771913,786.6348253,310.9,109.3,,14.663764788,120.253518903945,113.55187199903969,115.7373289622873,-0.4290096595294117,0.11209805205394802,799.2842764002567
0.0,0,0,False,0.04630365054026697,0.953696349459733,False,0.45369634945973303,0.2987769311043483,1_1_3_3,12.75712505,1.530503559,2.837921421,22.31093137,ETI,combo_001,27.0,140.5068798,129.7048365,137.3001293,206.4664956,-0.498304633,0.108818914,1349.898592,268.8,97.0,,36.2037184497707,138.77073539147898,127.75585051626369,135.73124274141605,-0.429009659529412,0.11203168997859,1291.9728923487596
1.0,1,1,False,0.9263447814971641,0.07365521850283585,False,0.42634478149716415,0.2568780356995439,1_0_2_3,12.30485762,1.214186604,2.416089212,24.12369221,ETI,combo_001,28.0,120.0641872,102.2303714,116.0390656,573.838219,-0.216084651,0.093075609,1674.727971,133.300001,86.1,,29.729633750877998,147.77944561604073,135.01123708782907,140.97236579093249,-0.4754360129903582,0.11385367164392833,1724.7854042601239
1.0,1,1,False,0.9444191017836374,0.055580898216362584,False,0.4444191017836374,0.17358502209383156,1_0_2_1,12.92913101,1.200930259,2.042271595,10.28808177,ETI,combo_001,29.0,118.91894,101.4152705,113.8471016,687.7833453,-0.203833494,0.093426761,1760.032955,128.500001,81.6,,26.40479700975666,147.06115537997914,134.45277283116752,138.1390092321342,-0.46018867002724984,0.11442330824081431,1715.0361553861944
0.0,0,0,False,0.09083912970288566,0.9091608702971143,False,0.40916087029711434,0.15624868348259716,1_0_2_0,12.72625237,1.478698659,2.136225419,5.013696117,ETI,combo_001,30.0,139.9672219,129.5725131,135.5075955,202.8042662,-0.500975981,0.110307988,1399.09162,247.3,94.1,,27.18614380140299,138.65705646719462,129.08386048024732,134.23666290256023,-0.4972811653119102,0.11038315845196374,1399.0594684825985
0.0,0,0,False,0.03459422492301201,0.965405775076988,False,0.465405775076988,0.27710504738187947,1_1_1_3,12.48968121,1.65853431,1.6786106,28.0990017,ETI,combo_001,31.0,133.2529062,126.1137635,130.6186557,190.5235579,-0.494677424,0.111365092,1142.369311,264.9,112.3,,20.96531126972683,132.235029671525,124.02451540283813,128.3584236176768,-0.42934225823529415,0.11041345850710457,1211.4161487136498
0.0,0,0,False,0.33635986530055106,0.6636401346994489,False,0.16364013469944894,0.2821621094617264,1_3_3_0,12.59646442,2.779203713,2.467661829,0.456843482,ETI,combo_001,32.0,118.5720215,109.9092169,116.6232328,147.7749205,-0.176604796,0.111585332,629.2225015,377.3,154.9,,31.083814429590625,117.95038496976473,108.99862082263549,116.88213273117378,-0.4721312697337042,0.11272281715975975,627.4822339334096
0.0,0,0,False,0.15577230193594005,0.84422769806406,False,0.34422769806405995,0.15189913374545583,2_0_0_0,13.59015313,1.501512065,1.447954045,2.04826547,ETI,combo_001,33.0,135.7240892,128.5528372,131.3544061,201.9387965,-0.167427616,0.113634816,1374.151635,242.4,97.2,,19.677917196752908,136.7717318921599,128.6576655500434,131.4127985796332,-0.4981196086389381,0.11270659549975494,1362.6294137884506
0.0,0,0,False,0.06240499819625711,0.9375950018037429,False,0.4375950018037429,0.12309455139212774,2_1_1_0,13.00527803,1.727866034,1.985786039,1.732489253,ETI,combo_001,34.0,130.8606287,123.1317249,129.606657,188.1894146,-0.496930479,0.109268691,1165.750455,263.5,112.5,,25.82569954528742,132.219159086275,123.66246134944649,130.08617562559638,-0.1926682142960837,0.1114012551949645,1171.0137647339127
0.0,0,1,True,0.871854127355391,0.12814587264460897,False,0.37185412735539103,0.24939047305241596,0_0_1_2,11.28318555,1.35462068,1.610089625,15.66181976,ETI,combo_001,35.0,144.3751341,131.0303731,134.9232834,205.8155927,-0.515159906,0.111606002,1508.412612,251.5,84.3,,18.16693999100492,138.26622402765736,130.10214279446262,131.97445605845456,-0.477156604448002,0.11156347072254914,1423.0980434346905
0.0,0,0,False,0.07358103387025494,0.9264189661297451,False,0.42641896612974506,0.15189913374545583,2_1_0_0,13.28419466,1.739597821,1.563146092,0.639091823,ETI,combo_001,36.0,131.2136214,124.3456056,129.3294011,187.035611,-0.494149595,0.111389002,1158.988633,263.5,113.3,,20.76513696814627,130.1610698099748,122.93327177093406,127.74516955108108,-0.3636042958076911,0.1105936656451933,1153.5428020804463
1.0,1,1,False,0.9367023686398852,0.06329763136011479,False,0.4367023686398852,0.164264784526583,2_0_1_0,14.22952623,1.287640737,1.787067237,6.229099074,ETI,combo_001,37.0,121.5992608,105.4636897,118.2500353,790.7929896,-0.19074827,0.097624115,1652.554364,145.400001,87.8,,25.429120123665125,143.38110193236002,133.9526951364013,137.05877130002366,-0.42934225823529415,0.11477830593667411,1570.9069107463965
1.0,1,1,False,0.9439108229570365,0.056089177042963456,False,0.44391082295703654,0.14101243544091893,2_0_2_0,14.1017874,1.341482752,2.095596936,2.950140069,ETI,combo_001,38.0,120.5991325,105.0478561,117.9771069,787.9494829,-0.47018333,0.100954274,1574.540059,159.500001,91.3,,29.551662467563407,143.24835266983615,132.23328510255848,138.00498269264895,-0.48438790933481096,0.11333675429511567,1560.2133695108914
0.0,0,0,False,0.48301361222982564,0.5169863877701744,True,0.01698638777017436,0.17447015059759202,2_0_2_1,13.35065068,1.430194005,2.296082029,9.077405733,ETI,combo_001,39.0,145.0149576,131.1597196,139.1000703,209.9843995,-0.494992756,0.111517761,1467.622395,246.5,93.3,,30.654189101804626,140.41677258552716,130.7786412745029,136.8703065271101,-0.42934225823529415,0.11128728640643058,1437.3120458582034
0.0,0,0,False,0.042314502436283874,0.9576854975637161,False,0.4576854975637161,0.215526655083249,0_1_2_1,11.4589023,1.551103938,2.025864351,8.376097639,ETI,combo_001,40.0,135.1740172,127.0168559,132.218416,194.1976058,-0.505656481,0.109239106,1301.501165,246.9,99.5,,23.214181671161906,135.34558499019386,126.75674934832351,131.89020218870914,-0.4766846908732551,0.11005690091681898,1281.6648939123193
1.0,1,1,False,0.6431184895906767,0.35688151040932325,False,0.14311848959067675,0.2648409378651535,1_0_3_0,12.09571751,1.328031224,2.548387905,4.06959172,ETI,combo_001,41.0,127.9935738,113.6711892,126.4988497,665.8329814,-0.178496748,0.101755258,1572.552316,174.700001,85.6,,30.824580204780712,144.35642362958095,132.25970331486522,141.51618033834006,-0.4423411494808489,0.10888115655285648,1554.2248437200278
0.0,0,0,False,0.2918297300588506,0.7081702699411494,False,0.2081702699411494,0.31021662593018795,1_3_1_1,11.97173635,2.565646493,1.740496388,12.01757663,ETI,combo_001,42.0,118.7551794,109.9631066,114.8088014,151.6153983,-0.490554284,0.113198274,682.0241471,345.2,141.8,,20.836763875263305,118.6770656876975,109.75054768699201,114.66119955249769,-0.4258402418966677,0.11404710348166003,678.8650443337565
0.0,0,0,False,0.24267885709832626,0.7573211429016737,False,0.25732114290167374,0.3505256713293125,2_2_1_2,13.84883992,2.334902569,1.831013949,16.44410094,ETI,combo_001,43.0,121.5448532,112.9072987,118.6654266,162.8231479,-0.487830693,0.114168358,798.6030825,324.6,143.8,,25.357419070988044,121.88197747297727,114.15684435376679,119.5931720499076,-0.4221853845503531,0.11249833147775003,784.1322834886944
0.0,0,0,False,0.05295013433692475,0.9470498656630753,False,0.44704986566307525,0.23419287838201885,3_1_0_2,14.52152191,1.600683947,1.228783184,18.16845963,ETI,combo_001,44.0,132.1120744,126.575296,127.0278629,197.06383,-0.17011568,0.11378632,1277.338185,249.1,103.5,,17.843801929095562,132.72326677231663,126.86670742522216,129.24218479124215,-0.28127549496861504,0.11398142802689917,1268.0035650561601
0.0,0,0,False,0.03179650749700613,0.9682034925029939,False,0.46820349250299387,0.10862076246930848,1_1_1_0,12.35701602,1.54475398,1.920165113,1.166156237,ETI,combo_001,45.0,134.5168123,126.5414066,131.6639061,197.0939563,-0.501871474,0.109592601,1319.358642,246.8,101.2,,23.72751106238611,136.48509305310452,127.42144292781612,132.60693198897485,-0.38312108479722345,0.11097258822343382,1318.5317905195245
0.0,0,0,False,0.2612249640102391,0.7387750359897609,False,0.2387750359897609,0.25610967743512275,0_3_3_0,11.41183321,2.481094929,2.509214957,4.468702623,ETI,combo_001,46.0,121.0833183,111.3644277,118.917445,154.9185571,-0.492485628,0.110522753,709.3797956,339.5,114.7,,28.634742577321322,121.15001468654418,110.63513515099974,118.66860341190656,-0.42934225823529415,0.10911712445959112,701.7677214888093
0.0,0,0,False,0.1326025633663903,0.8673974366336097,False,0.3673974366336097,0.1650491268331229,1_1_2_0,12.85891605,1.982615911,2.165518116,2.369970241,ETI,combo_001,47.0,127.2226426,117.8163342,125.7453764,176.2665006,-0.493438715,0.10900341,985.987459,289.6,125.6,,27.846215658398158,127.37718274393454,118.47570194441994,126.35237180753612,-0.49697666018849496,0.11020005885526005,982.9779706392078
0.0,0,0,False,0.19887032060159981,0.8011296793984002,False,0.3011296793984002,0.21535727199694105,1_2_2_0,11.91172733,2.197715698,2.27665003,0.03099692,ETI,combo_001,48.0,125.4794822,115.9640749,123.696579,166.4296602,-0.491168612,0.108729852,838.103812,313.3,132.9,,27.11883438319632,123.58851800204357,114.15698574142317,121.84796386764201,-0.4628190806750464,0.11000505856332955,838.1257932496898
0.0,0,0,False,0.07980438145318658,0.9201956185468134,False,0.4201956185468134,0.20844502364670495,1_1_2_0,11.84709055,1.844776281,2.20888605,5.321620453,ETI,combo_001,49.0,130.2486697,121.5177486,129.1981475,180.1714856,-0.496008237,0.108604612,1063.872438,273.2,115.4,,26.168873048981826,129.07631530734682,120.08382319329269,127.64717968655991,-0.42934225823529415,0.10774002268364026,1061.157386242661
1.0,1,1,False,0.9635869764919107,0.03641302350808928,False,0.4635869764919107,0.164264784526583,3_0_0_1,14.34698268,1.259593513,1.530310136,8.56371923,ETI,combo_001,50.0,119.9519021,103.7471295,114.6604385,538.1958972,-0.203547342,0.097719549,1684.56382,140.200001,87.5,,21.955333016220443,144.00655761759796,132.99454497370724,136.93218472854215,-0.4298448492028893,0.11194470388833494,1662.1853507715914
0.0,0,0,False,0.30014783504498155,0.6998521649550185,False,0.19985216495501845,0.2356921467806825,0_3_1_3,10.76713335,2.65734778,1.708659771,27.2075438,ETI,combo_001,51.0,116.2673587,107.706075,111.6650804,144.9339801,-0.489517303,0.113012896,609.6769197,356.2,120.6,,18.39736760413746,116.9102147867859,107.33257837220845,110.71139325875272,-0.42934225823529415,0.10727434845904447,623.087864119462
0.0,0,0,False,0.11423229046147299,0.885767709538527,False,0.385767709538527,0.16415484760549962,1_1_0_0,12.64840794,1.950624787,1.586906288,2.631555019,ETI,combo_001,52.0,127.1701666,118.3939661,123.6960732,175.5125165,-0.492224256,0.110157166,995.5813093,281.9,122.5,,20.071838093175128,125.48043526981019,118.00341804952066,123.49226827174283,-0.42934225823529415,0.11064109222991145,992.6774062518791
0.0,0,0,False,0.05894806129344943,0.9410519387065506,False,0.4410519387065506,0.10862076246930848,1_0_1_0,12.97830343,1.509045457,1.927776525,0.350262839,ETI,combo_001,53.0,136.3677307,128.2742501,132.7412609,201.8713448,-0.498151284,0.110796337,1360.977366,248.9,95.7,,25.01926868668098,137.3037924530045,128.46751599413065,132.75325311429026,-0.49738268111268125,0.110843882309313,1372.2585530195456
1.0,1,1,False,0.9626149280784375,0.037385071921562485,False,0.4626149280784375,0.3066326142913038,2_0_3_2,13.94898428,1.273556292,2.652977911,14.97391443,ETI,combo_001,54.0,118.6686711,101.5547449,116.3554877,789.0604078,-0.200362716,0.097396175,1675.920468,141.600001,86.8,,37.00634717572623,147.48138177171393,134.9849232556333,141.19460963629732,-0.46006673646503327,0.11454219100037698,1661.568222211216
1.0,1,1,False,0.9549802934401441,0.04501970655985588,False,0.4549802934401441,0.27710504738187947,1_0_0_3,12.53373158,1.247558002,1.401437673,24.98180722,ETI,combo_001,55.0,122.9402947,106.541116,114.712342,647.5336324,-0.458771669,0.099288215,1619.206972,142.700001,88.5,,17.565243619481812,140.65486000991652,132.01024033589533,131.89482871687017,-0.49068823909458414,0.11242713948861655,1518.1210529037376
0.0,0,0,False,0.37088640697658093,0.6291135930234191,False,0.12911359302341907,0.31021662593018795,2_3_1_1,13.0687814,2.954513614,1.805063186,7.397919162,ETI,combo_001,56.0,113.6902564,106.0681158,109.8411889,141.7921046,-0.488240839,0.117323029,585.3439461,394.5,162.9,,23.58997619102154,114.40622945710425,108.2586256134736,111.96600850918317,-0.3201966537400017,0.12862193742466674,608.0708326448447
0.0,0,0,False,0.16357153199282948,0.8364284680071705,False,0.3364284680071705,0.2535921713239621,0_2_3_0,10.36767759,2.101450004,2.744200514,1.388242365,ETI,combo_001,57.0,125.6257263,114.7994426,123.7868328,167.5242308,-0.498403245,0.106988465,859.83201,296.2,121.8,,28.45098617146428,125.27302788119655,115.17043066449858,124.9427218550117,-0.4750958194963802,0.10801077808469692,869.6742453115749
1.0,1,1,False,0.8686714707074543,0.13132852929254568,False,0.3686714707074543,0.14101243544091893,2_0_2_0,13.78643865,1.365638359,2.052447613,6.79220526,ETI,combo_001,58.0,123.9668897,108.6053277,121.4010437,780.1174093,-0.186819058,0.100619216,1541.077717,167.700001,90.7,,28.29594309896344,141.74722685975394,132.28698893789712,136.79859776061363,-0.42934225823529415,0.11303788506634731,1498.8578055666728
0.0,0,0,False,0.35547387975702804,0.644526120242972,False,0.14452612024297196,0.4513276551887919,3_3_0_2,15.22528558,2.823602269,1.291640337,17.63303486,ETI,combo_001,59.0,116.2213977,110.3106041,111.0514035,149.0078979,-0.178870983,0.133557641,631.0933129,378.9,165.3,,19.66559299747244,115.37983122993248,108.28590495384076,110.518582046357,-0.16710672653988423,0.1122699766057444,618.2995064815816
1.0,1,1,False,0.9184759766592379,0.08152402334076214,False,0.41847597665923786,0.31402144248074976,2_0_1_3,13.39675472,1.033479274,1.949136948,29.04013412,ETI,combo_001,60.0,117.7829599,99.88157327,113.3275614,759.2307683,-0.226818385,0.090432111,1994.370793,112.100001,80.8,,26.112109608045397,150.58853238353356,138.01045941096578,140.5284036028046,-0.42934225823529415,0.1134558478588743,1795.3337152578988
