input_csv,input_n,batch_size,batch_size_mode,batch_size_config,batch_size_recommended,batch_size_decision,bucket_ratio_mode,bucket_ratio_applied,bucket_ratio_config,bucket_ratio_recommended,bucket_ratio_decision,selected_model,gp_score,mlp_score,gp_composite_score,mlp_composite_score,holdout_accuracy,holdout_precision,holdout_recall,holdout_f1,holdout_tp,holdout_fn,holdout_tn,holdout_fp,holdout_tmax_rmse,holdout_tmax_r2,holdout_tmax_n,boundary_count,notp_high_tmax_count,uncertainty_sparse_count,random_check_count,fill_mixed_count,n_unique_combos_selected,uncertainty_metric_source,uncertainty_high_threshold,uncertainty_mean,uncertainty_p90,uncertainty_high_ratio,itr_num,itr_folder,is_current_run
Initial_Dataset.csv,60,20,shadow,20,20,hold,auto,"{'boundary': 0.7, 'notp_high_tmax': 0.2, 'uncertainty_sparse': 0.07, 'random_check': 0.03}","{'boundary': 0.7, 'notp_high_tmax': 0.2, 'uncertainty_sparse': 0.07, 'random_check': 0.03}","{'boundary': 0.7, 'notp_high_tmax': 0.2, 'uncertainty_sparse': 0.07, 'random_check': 0.03}",hold,gp (hybrid fallback),,,,,0.9390243902439024,0.9333333333333333,0.9545454545454546,0.9438202247191011,42,2,35,3,10.946352701267982,0.5744076583774924,38,14,4,1,1,0,2,clf_uncertainty_scaled,0.7,0.0,0.0,0.0,1,Itr_1,False
Itr_1_Dataset.csv,79,20,shadow,20,20,hold,auto,"{'boundary': 0.7, 'notp_high_tmax': 0.2, 'uncertainty_sparse': 0.07, 'random_check': 0.03}","{'boundary': 0.7, 'notp_high_tmax': 0.2, 'uncertainty_sparse': 0.07, 'random_check': 0.03}","{'boundary': 0.7, 'notp_high_tmax': 0.2, 'uncertainty_sparse': 0.07, 'random_check': 0.03}",hold,gp (hybrid fallback),,,,,0.9294117647058824,0.9130434782608695,0.9545454545454546,0.9333333333333333,42,2,37,4,2.493926337257016,0.9964005363451027,41,14,4,1,1,0,2,clf_uncertainty_scaled,0.7,0.0,0.0,0.0,2,Itr_2,False
Itr_2_Dataset.csv,99,20,shadow,20,20,hold,auto,"{'boundary': 0.7, 'notp_high_tmax': 0.2, 'uncertainty_sparse': 0.07, 'random_check': 0.03}","{'boundary': 0.7, 'notp_high_tmax': 0.2, 'uncertainty_sparse': 0.07, 'random_check': 0.03}","{'boundary': 0.7, 'notp_high_tmax': 0.2, 'uncertainty_sparse': 0.07, 'random_check': 0.03}",hold,gp (hybrid fallback),,,,,0.9529411764705882,0.9347826086956522,0.9772727272727273,0.9555555555555556,43,1,38,3,2.322600899990536,0.9968780946685728,41,14,4,1,1,0,2,clf_uncertainty_scaled,0.7,0.6132680793355101,0.7614108405776555,0.4,3,Itr_3,False
Itr_3_Dataset.csv,120,20,shadow,20,25,increase,auto,"{'boundary': 0.7177419354838709, 'notp_high_tmax': 0.20161290322580647, 'uncertainty_sparse': 0.05040322580645162, 'random_check': 0.030241935483870965}","{'boundary': 0.7, 'notp_high_tmax': 0.2, 'uncertainty_sparse': 0.07, 'random_check': 0.03}","{'boundary': 0.7177419354838709, 'notp_high_tmax': 0.20161290322580647, 'uncertainty_sparse': 0.05040322580645162, 'random_check': 0.030241935483870965}",stable_improving,gp (hybrid fallback),,,,,0.9529411764705882,0.9347826086956522,0.9772727272727273,0.9555555555555556,43,1,38,3,2.257141953198694,0.9970515871490915,41,14,4,1,1,0,2,clf_uncertainty_scaled,0.7,0.7545428664007738,0.9488513718518298,0.8,4,Itr_4,False
Itr_4_Dataset.csv,140,20,shadow,20,25,increase,auto,"{'boundary': 0.7177419354838709, 'notp_high_tmax': 0.20161290322580647, 'uncertainty_sparse': 0.05040322580645162, 'random_check': 0.030241935483870965}","{'boundary': 0.7, 'notp_high_tmax': 0.2, 'uncertainty_sparse': 0.07, 'random_check': 0.03}","{'boundary': 0.7177419354838709, 'notp_high_tmax': 0.20161290322580647, 'uncertainty_sparse': 0.05040322580645162, 'random_check': 0.030241935483870965}",stable_improving,gp (hybrid fallback),,,,,0.9529411764705882,0.9347826086956522,0.9772727272727273,0.9555555555555556,43,1,38,3,2.455846297441402,0.9965096183705845,41,14,4,1,1,0,2,clf_uncertainty_scaled,0.7,0.6046587277335372,0.8262665368056737,0.4,5,Itr_5,False
Itr_5_Dataset.csv,159,20,shadow,20,20,hold,auto,"{'boundary': 0.6227544910179641, 'notp_high_tmax': 0.22355289421157684, 'misclass_repair': 0.0998003992015968, 'uncertainty_sparse': 0.01996007984031936, 'random_check': 0.033932135728542916}","{'boundary': 0.6, 'notp_high_tmax': 0.2, 'misclass_repair': 0.1, 'uncertainty_sparse': 0.05, 'random_check': 0.05}","{'boundary': 0.6227544910179641, 'notp_high_tmax': 0.22355289421157684, 'misclass_repair': 0.0998003992015968, 'uncertainty_sparse': 0.01996007984031936, 'random_check': 0.033932135728542916}",mixed,gp (hybrid fallback),,,,,0.9647058823529412,0.9555555555555556,0.9772727272727273,0.9662921348314607,43,1,39,2,2.257026554160261,0.9970518886235378,41,12,5,1,1,0,2,clf_uncertainty_scaled,0.7,0.6424789694067922,0.8538061004610755,0.5714285714285714,6,Itr_6,False
Itr_6_Dataset.csv,180,20,shadow,20,20,hold,auto,"{'boundary': 0.6169354838709677, 'notp_high_tmax': 0.20161290322580647, 'misclass_repair': 0.10080645161290323, 'uncertainty_sparse': 0.03024193548387097, 'random_check': 0.05040322580645162}","{'boundary': 0.6, 'notp_high_tmax': 0.2, 'misclass_repair': 0.1, 'uncertainty_sparse': 0.05, 'random_check': 0.05}","{'boundary': 0.6169354838709677, 'notp_high_tmax': 0.20161290322580647, 'misclass_repair': 0.10080645161290323, 'uncertainty_sparse': 0.03024193548387097, 'random_check': 0.05040322580645162}",stable_improving,gp (hybrid fallback),,,,,0.9411764705882353,0.9148936170212766,0.9772727272727273,0.945054945054945,43,1,37,4,2.2817063017088066,0.9969870631222463,41,12,4,1,1,0,2,clf_uncertainty_scaled,0.7,0.5675004436960732,0.8412987952362704,0.3,7,Itr_7,False
Itr_7_Dataset.csv,200,20,shadow,20,20,hold,auto,"{'boundary': 0.6, 'notp_high_tmax': 0.2, 'misclass_repair': 0.1, 'uncertainty_sparse': 0.05, 'random_check': 0.05}","{'boundary': 0.6, 'notp_high_tmax': 0.2, 'misclass_repair': 0.1, 'uncertainty_sparse': 0.05, 'random_check': 0.05}","{'boundary': 0.6, 'notp_high_tmax': 0.2, 'misclass_repair': 0.1, 'uncertainty_sparse': 0.05, 'random_check': 0.05}",mixed,gp (hybrid fallback),,,,,0.9647058823529412,0.9555555555555556,0.9772727272727273,0.9662921348314607,43,1,39,2,2.3338382518074594,0.9968478123963331,41,12,4,1,1,0,2,clf_uncertainty_scaled,0.7,0.5633440921366354,0.8242969941494382,0.25,8,Itr_8,False
Itr_8_Dataset.csv,220,20,shadow,20,20,hold,auto,"{'boundary': 0.6, 'notp_high_tmax': 0.2, 'misclass_repair': 0.1, 'uncertainty_sparse': 0.05, 'random_check': 0.05}","{'boundary': 0.6, 'notp_high_tmax': 0.2, 'misclass_repair': 0.1, 'uncertainty_sparse': 0.05, 'random_check': 0.05}","{'boundary': 0.6, 'notp_high_tmax': 0.2, 'misclass_repair': 0.1, 'uncertainty_sparse': 0.05, 'random_check': 0.05}",mixed,hybrid,,,,,0.9529411764705882,0.9545454545454546,0.9545454545454546,0.9545454545454546,42,2,39,2,2.51995332611394,0.9963250152320794,41,12,4,1,1,0,2,clf_uncertainty_scaled,0.7,0.7052354412715119,0.9460909505927458,0.65,9,Itr_9,False
Itr_9_Dataset.csv,240,20,shadow,20,20,hold,auto,"{'boundary': 0.6678445229681979, 'notp_high_tmax': 0.20848056537102472, 'misclass_repair': 0.08833922261484098, 'uncertainty_sparse': 0.017667844522968195, 'random_check': 0.017667844522968195}","{'boundary': 0.6, 'notp_high_tmax': 0.2, 'misclass_repair': 0.1, 'uncertainty_sparse': 0.05, 'random_check': 0.05}","{'boundary': 0.6678445229681979, 'notp_high_tmax': 0.20848056537102472, 'misclass_repair': 0.08833922261484098, 'uncertainty_sparse': 0.017667844522968195, 'random_check': 0.017667844522968195}",severe_degradation,hybrid,,,,,0.9529411764705882,0.9347826086956522,0.9772727272727273,0.9555555555555556,43,1,38,3,2.5555226297176517,0.9962205377526379,41,14,4,1,1,0,2,clf_uncertainty_scaled,0.7,0.5871440902174313,0.9410839139002518,0.3181818181818182,10,Itr_10,False
Itr_10_Dataset.csv,262,20,shadow,20,20,hold,auto,"{'boundary': 0.5952380952380952, 'notp_high_tmax': 0.22222222222222224, 'misclass_repair': 0.09920634920634921, 'uncertainty_sparse': 0.04960317460317461, 'random_check': 0.033730158730158735}","{'boundary': 0.6, 'notp_high_tmax': 0.2, 'misclass_repair': 0.1, 'uncertainty_sparse': 0.05, 'random_check': 0.05}","{'boundary': 0.5952380952380952, 'notp_high_tmax': 0.22222222222222224, 'misclass_repair': 0.09920634920634921, 'uncertainty_sparse': 0.04960317460317461, 'random_check': 0.033730158730158735}",mixed,hybrid,,,,,0.9529411764705882,0.9347826086956522,0.9772727272727273,0.9555555555555556,43,1,38,3,2.1965043423217527,0.9972078761280654,41,12,4,1,1,0,2,clf_uncertainty_scaled,0.7,0.5925393819686334,0.8421151042344907,0.5,11,Itr_11,False
Itr_11_Dataset.csv,282,20,shadow,20,25,increase,auto,"{'boundary': 0.6169354838709677, 'notp_high_tmax': 0.20161290322580647, 'misclass_repair': 0.10080645161290323, 'uncertainty_sparse': 0.03024193548387097, 'random_check': 0.05040322580645162}","{'boundary': 0.6, 'notp_high_tmax': 0.2, 'misclass_repair': 0.1, 'uncertainty_sparse': 0.05, 'random_check': 0.05}","{'boundary': 0.6169354838709677, 'notp_high_tmax': 0.20161290322580647, 'misclass_repair': 0.10080645161290323, 'uncertainty_sparse': 0.03024193548387097, 'random_check': 0.05040322580645162}",stable_improving,hybrid,,,,,0.9529411764705882,0.9347826086956522,0.9772727272727273,0.9555555555555556,43,1,38,3,2.279531592652081,0.9969928036845696,41,12,4,1,1,0,2,clf_uncertainty_scaled,0.7,0.6552492182302597,0.8541278782213463,0.5,12,Itr_12,False
Itr_12_Dataset.csv,302,20,shadow,20,20,hold,auto,"{'boundary': 0.6277665995975855, 'notp_high_tmax': 0.2012072434607646, 'misclass_repair': 0.1006036217303823, 'uncertainty_sparse': 0.02012072434607646, 'random_check': 0.05030181086519115}","{'boundary': 0.6, 'notp_high_tmax': 0.2, 'misclass_repair': 0.1, 'uncertainty_sparse': 0.05, 'random_check': 0.05}","{'boundary': 0.6277665995975855, 'notp_high_tmax': 0.2012072434607646, 'misclass_repair': 0.1006036217303823, 'uncertainty_sparse': 0.02012072434607646, 'random_check': 0.05030181086519115}",mixed,hybrid,,,,,0.9647058823529412,0.9555555555555556,0.9772727272727273,0.9662921348314607,43,1,39,2,2.2941624275938515,0.9969540773166435,41,13,4,1,1,0,2,clf_uncertainty_scaled,0.7,0.6348951277834599,0.8616957155607374,0.47619047619047616,13,Itr_13,False
Itr_13_Dataset.csv,323,20,shadow,20,20,hold,auto,"{'boundary': 0.6169354838709677, 'notp_high_tmax': 0.20161290322580647, 'misclass_repair': 0.10080645161290323, 'uncertainty_sparse': 0.03024193548387097, 'random_check': 0.05040322580645162}","{'boundary': 0.6, 'notp_high_tmax': 0.2, 'misclass_repair': 0.1, 'uncertainty_sparse': 0.05, 'random_check': 0.05}","{'boundary': 0.6169354838709677, 'notp_high_tmax': 0.20161290322580647, 'misclass_repair': 0.10080645161290323, 'uncertainty_sparse': 0.03024193548387097, 'random_check': 0.05040322580645162}",stable_improving,hybrid,,,,,0.9411764705882353,0.9333333333333333,0.9545454545454546,0.9438202247191011,42,2,38,3,2.5258855150829898,0.9963076923997469,41,12,4,1,1,0,2,clf_uncertainty_scaled,0.7,0.5679040493374399,0.7711888262042514,0.3,14,Itr_14,False
Itr_14_Dataset.csv,343,20,shadow,20,20,hold,auto,"{'boundary': 0.656934306569343, 'notp_high_tmax': 0.21532846715328466, 'misclass_repair': 0.09124087591240876, 'uncertainty_sparse': 0.01824817518248175, 'random_check': 0.01824817518248175}","{'boundary': 0.6, 'notp_high_tmax': 0.2, 'misclass_repair': 0.1, 'uncertainty_sparse': 0.05, 'random_check': 0.05}","{'boundary': 0.656934306569343, 'notp_high_tmax': 0.21532846715328466, 'misclass_repair': 0.09124087591240876, 'uncertainty_sparse': 0.01824817518248175, 'random_check': 0.01824817518248175}",severe_degradation,hybrid,,,,,0.9647058823529412,0.9555555555555556,0.9772727272727273,0.9662921348314607,43,1,39,2,1.7358700207655904,0.9982561667469296,41,13,4,1,1,0,2,clf_uncertainty_scaled,0.7,0.5209307517950641,0.8153988515858096,0.5238095238095238,15,Itr_15,False
Itr_15_Dataset.csv,364,20,shadow,20,20,hold,auto,"{'boundary': 0.6277665995975855, 'notp_high_tmax': 0.2012072434607646, 'misclass_repair': 0.1006036217303823, 'uncertainty_sparse': 0.02012072434607646, 'random_check': 0.05030181086519115}","{'boundary': 0.6, 'notp_high_tmax': 0.2, 'misclass_repair': 0.1, 'uncertainty_sparse': 0.05, 'random_check': 0.05}","{'boundary': 0.6277665995975855, 'notp_high_tmax': 0.2012072434607646, 'misclass_repair': 0.1006036217303823, 'uncertainty_sparse': 0.02012072434607646, 'random_check': 0.05030181086519115}",mixed,hybrid,,,,,0.9647058823529412,0.9555555555555556,0.9772727272727273,0.9662921348314607,43,1,39,2,1.5386070339706635,0.9986299829358598,41,13,4,1,1,0,2,clf_uncertainty_scaled,0.7,0.5445639611460397,0.812764254938168,0.38095238095238093,16,Itr_16,False
Itr_16_Dataset.csv,385,20,shadow,20,25,increase,auto,"{'boundary': 0.6169354838709677, 'notp_high_tmax': 0.20161290322580647, 'misclass_repair': 0.10080645161290323, 'uncertainty_sparse': 0.03024193548387097, 'random_check': 0.05040322580645162}","{'boundary': 0.6, 'notp_high_tmax': 0.2, 'misclass_repair': 0.1, 'uncertainty_sparse': 0.05, 'random_check': 0.05}","{'boundary': 0.6169354838709677, 'notp_high_tmax': 0.20161290322580647, 'misclass_repair': 0.10080645161290323, 'uncertainty_sparse': 0.03024193548387097, 'random_check': 0.05040322580645162}",stable_improving,hybrid,,,,,0.9647058823529412,0.9555555555555556,0.9772727272727273,0.9662921348314607,43,1,39,2,1.4098039358656091,0.9988497612698989,41,12,4,1,1,0,2,clf_uncertainty_scaled,0.7,0.6548880238229192,0.8953510359535861,0.55,17,Itr_17,False
Itr_17_Dataset.csv,405,20,shadow,20,20,hold,auto,"{'boundary': 0.6277665995975855, 'notp_high_tmax': 0.2012072434607646, 'misclass_repair': 0.1006036217303823, 'uncertainty_sparse': 0.02012072434607646, 'random_check': 0.05030181086519115}","{'boundary': 0.6, 'notp_high_tmax': 0.2, 'misclass_repair': 0.1, 'uncertainty_sparse': 0.05, 'random_check': 0.05}","{'boundary': 0.6277665995975855, 'notp_high_tmax': 0.2012072434607646, 'misclass_repair': 0.1006036217303823, 'uncertainty_sparse': 0.02012072434607646, 'random_check': 0.05030181086519115}",mixed,hybrid,,,,,0.9647058823529412,0.9555555555555556,0.9772727272727273,0.9662921348314607,43,1,39,2,1.4639872423593878,0.9987596474788457,41,13,4,1,1,0,2,clf_uncertainty_scaled,0.7,0.6016004277511374,0.8635787099252016,0.6190476190476191,18,Itr_18,False
Itr_18_Dataset.csv,426,20,shadow,20,20,hold,auto,"{'boundary': 0.6277665995975855, 'notp_high_tmax': 0.2012072434607646, 'misclass_repair': 0.1006036217303823, 'uncertainty_sparse': 0.02012072434607646, 'random_check': 0.05030181086519115}","{'boundary': 0.6, 'notp_high_tmax': 0.2, 'misclass_repair': 0.1, 'uncertainty_sparse': 0.05, 'random_check': 0.05}","{'boundary': 0.6277665995975855, 'notp_high_tmax': 0.2012072434607646, 'misclass_repair': 0.1006036217303823, 'uncertainty_sparse': 0.02012072434607646, 'random_check': 0.05030181086519115}",mixed,hybrid,,,,,0.9647058823529412,0.9555555555555556,0.9772727272727273,0.9662921348314607,43,1,39,2,1.4966012069223875,0.9987037680208769,41,13,4,1,1,0,2,clf_uncertainty_scaled,0.7,0.6093489612380524,0.85935437449155,0.42857142857142855,19,Try_1_current,True
