TP_NoTP,actual_label,oof_predicted_label,oof_is_error,oof_p_tp,oof_p_notp,is_boundary_band,ptp_distance_from_boundary,local_nn_dist,coverage_cell_key,A_Cell_D,C_Barrier_Thx,E_Barrier_Outer_Thx,F_ThermalResin_Thx,B_Barrier_Type,D_Barrier_Outer_Type,discrete_combo_id,Eval#,MaxT_TB,MaxT_Adj,MaxT_Adj_Y,MaxT_Adj_Z,Max_Power,Time_MaxT,Time_Max_Power,Unnamed: 15,Unnamed: 16,CellD_x_Resin,Barrier_x_Outer,oof_tmax_pred
1,1,1,False,0.9999674558639526,3.254413604736328e-05,False,0.49996745586395264,0.33059940773385615,3_0_0_3,14.4030054,0.504457417,1.351974252,2.177480305,Si1,Si1,combo_002,1,451.1424865,916.7147143,-0.000350925,0.044567507,1332.955958,134.000001,94.9,Initial,,31.362260591308647,0.6820134390144271,449.9166769362689
1,1,1,False,0.9807218313217163,0.01927816867828369,False,0.4807218313217163,0.19272152998197367,3_0_3_2,14.90789813,0.549540979,2.642394944,1.787474521,Si1,Si1,combo_002,2,431.4329144,538.9130314,-0.000363548,0.044716343,1341.339405,169.000001,94.5,,,26.647488069038545,1.45210430443041,432.73697075886867
1,1,1,False,0.9999423027038574,5.7697296142578125e-05,False,0.4999423027038574,0.23795360435278395,1_0_1_2,10.70219176,0.876237523,1.657999209,1.664449727,Si1,Si1,combo_002,3,377.783906,703.7643878,0.026615689,0.038502308,1033.336124,143.000001,82.9,,,17.81326015323365,1.4528011200301194,374.8350425125008
0,0,0,False,0.05690460279583931,0.9430953972041607,False,0.4430953972041607,0.1090636114512702,0_1_3_3,9.277227738,1.211448606,2.543938484,2.42540283,Si1,Si1,combo_002,4,336.3691273,282.5199847,-0.000668342,0.055374813,871.2643327,186.7,76.1,,,22.5010144102997,3.081850730191553,336.51059871976753
1,1,1,False,0.8713485598564148,0.1286514401435852,False,0.3713485598564148,0.12799710291796812,2_0_3_3,13.88514749,0.708211121,2.843611137,2.21911424,Si1,Si1,combo_002,5,412.7974615,668.1009903,-0.001013936,0.030756066,1216.364805,195.000001,93.1,,,30.812728519559258,2.013877031022855,413.82350665036876
0,0,0,False,0.00024173971905838698,0.9997582602809416,False,0.4997582602809416,0.1089361748622679,3_1_3_2,14.45889967,1.003030175,2.999787974,1.72359812,Si1,Si1,combo_002,6,401.9500636,277.9786148,0.002466258,0.055231155,1197.645034,238.3,97.1,,,24.921332288480617,3.008877856524115,402.0379271571542
1,1,1,False,0.9955965280532837,0.004403471946716309,False,0.4955965280532837,0.16395689507243516,2_0_1_2,13.33534914,0.792727938,1.969203664,1.975665307,Si1,Si1,combo_002,7,412.2865544,792.2907573,0.023669062,0.034044541,1222.357589,180.000001,91.8,,,26.346186652630287,1.5610427600647647,412.6655670121218
1,1,1,False,0.9999945759773254,5.424022674560547e-06,False,0.49999457597732544,0.2852354259579887,0_0_3_1,9.711760907,0.513741627,2.896365883,1.209815956,Si1,Si1,combo_002,8,369.5111908,593.1825765,0.000233644,0.040420412,1005.118725,114.000001,76.9,,,11.749443306145631,1.4879837211197118,367.61926911967254
0,0,0,False,5.06565299929207e-07,0.9999994934347001,False,0.49999949343470007,0.2978957916426766,3_2_0_3,14.6034658,1.849575612,1.279083666,2.497886544,Si1,Si1,combo_002,9,382.6814224,269.577313,0.000355937,0.05515713,1094.939165,237.7,94.5,,,36.477800717584195,2.3657619543411537,387.1702780467256
1,1,1,False,0.9999390840530396,6.091594696044922e-05,False,0.49993908405303955,0.2599084749136205,0_0_1_3,8.871051147,0.739229422,1.618180107,2.291143164,Si1,Si1,combo_002,10,362.8462977,653.338085,-0.000212626,0.042312624,931.5141542,112.000001,74.9,,,20.32484819294341,1.196206345189508,360.0280406982791
0,0,0,False,1.3880216101824772e-05,0.9999861197838982,False,0.4999861197838982,0.300221316958579,3_2_2_0,14.98731777,1.578348137,2.494534358,0.742598557,Si1,Si1,combo_002,11,378.5229739,260.5301258,0.000365533,0.055164975,1142.559396,234.5,103.4,,,11.129560549302457,3.9372436566317917,380.11294736033403
1,1,1,False,0.9980697631835938,0.00193023681640625,False,0.49806976318359375,0.13287037677007799,1_0_0_3,11.90366821,0.573073028,1.410814098,2.489698147,Si1,Si1,combo_002,12,414.2164946,794.7020064,-0.002019092,0.042977813,1152.382785,121.000001,88.2,,,29.636540684939803,0.8084995070859488,414.48527776292514
0,0,0,False,0.00019835997954942286,0.9998016400204506,False,0.4998016400204506,0.19800611359229686,1_2_2_2,10.5409877,1.47653842,2.421191725,1.6471982,Si1,Si1,combo_002,13,335.7844445,271.7492477,0.002289373,0.055222473,885.3009739,208.2,82.3,,,17.36309596566214,3.5749826041485746,335.2575861601638
0,0,0,False,5.3174888307694346e-05,0.9999468251116923,False,0.4999468251116923,0.20571375921962567,1_3_0_3,10.12486991,2.389110332,1.496922138,2.351863531,Si1,Si1,combo_002,14,298.2144884,257.3380683,0.002195746,0.055318808,765.904808,209.5,84.5,,,23.812312297448248,3.5763121460953298,303.3924547390914
0,0,0,False,0.00033800399978645146,0.9996619960002135,False,0.49966199600021355,0.3206393058020357,1_2_3_3,11.05605998,1.755874274,2.912454606,2.387237757,Si1,Si1,combo_002,15,329.7043451,261.6280806,0.000267252,0.055276905,863.4735816,227.8,85.5,,,26.393443827912666,5.113904116868206,328.4209067291384
1,1,1,False,0.9363511204719543,0.06364887952804565,False,0.43635112047195435,0.07970091196833881,2_1_0_3,13.15044621,1.16594142,1.226932391,2.253377731,Si1,Si1,combo_002,16,400.5222103,798.3703781,0.043786728,0.038672949,1129.194861,188.000001,86.4,,,29.63292264232735,1.4305312942065354,400.1668965175349
1,1,1,False,0.9741376042366028,0.025862395763397217,False,0.4741376042366028,0.1560501773718534,1_0_3_0,10.24682028,0.921435014,2.80632519,0.668970615,Si1,Si1,combo_002,17,349.0689651,831.7834309,0.000247021,0.033347768,945.2323661,161.000001,80.1,,,6.854821664506072,2.5858462907362028,347.93333409838806
1,1,1,False,0.9999988675117493,1.1324882507324219e-06,False,0.49999886751174927,0.25953531065492635,2_0_1_0,12.00408497,0.619828684,1.90947607,0.591471772,Si1,Si1,combo_002,18,398.6728436,588.3063808,0.000290952,0.044515675,1171.001807,126.000001,86.2,,,7.100077408444466,1.183548039597592,396.2731456351472
0,0,0,False,0.0019822651520371437,0.9980177348479629,False,0.49801773484796286,0.16483864538385778,0_2_2_3,8.186490662,1.91811608,2.249524305,2.109970561,Si1,Si1,combo_002,19,290.2857717,264.2801914,0.001368586,0.055317227,712.4012227,183.3,74.0,,,17.2732542947214,4.314848741771324,291.85735792697653
1,1,1,False,0.9965227842330933,0.0034772157669067383,False,0.49652278423309326,0.21217538219942955,2_0_2_1,12.22832837,0.501428682,2.399133012,1.310690718,Si1,Si1,combo_002,20,406.3885816,618.7459303,0.001482791,0.043594055,1152.38133,127.000001,84.2,,,16.02755649121507,1.2029941041498502,404.1826530486555
1,1,1,False,0.9436615705490112,0.05633842945098877,False,0.44366157054901123,0.12339411626084448,1_0_3_3,11.53079879,0.698546095,2.939396175,2.040166702,Si1,Si1,combo_002,21,383.6702897,638.2451252,0.032098797,0.036006477,1063.938064,167.000001,83.3,,,23.52475173881989,2.0533037197041866,382.74974935488365
0,0,0,False,0.04717402905225754,0.9528259709477425,False,0.45282597094774246,0.1581559499859062,2_1_3_3,13.0535609,1.034229167,2.56977531,2.151037919,Si1,Si1,combo_002,22,389.8942223,277.4001598,-0.000317189,0.055345445,1115.983557,223.3,92.2,,,28.07870447387577,2.6577365782384663,389.3130781780592
0,0,0,False,0.0007033598376438022,0.9992966401623562,False,0.4992966401623562,0.2854616748635322,3_2_2_3,15.23958487,1.592728603,2.13134733,2.01074464,Si1,Si1,combo_002,23,392.4079801,267.2466066,0.00037184,0.055266123,1190.547336,253.9,104.3,,,30.642913593177596,3.3946578554186804,392.08367277113246
1,1,1,False,0.8267313241958618,0.17326867580413818,False,0.3267313241958618,0.11233926237871912,3_0_3_0,15.52269754,0.639305463,2.751998239,0.800713539,Si1,Si1,combo_002,24,425.6539238,520.3013039,-0.000378918,0.042059843,1349.272553,198.000001,97.5,,,12.429234082079994,1.7593675083590798,426.5918424312768
0,0,0,False,5.081046765553765e-06,0.9999949189532344,False,0.49999491895323445,0.2671247586437029,3_3_3_1,15.72510127,2.125455429,2.862582939,1.074423359,Si1,Si1,combo_002,25,368.2279546,245.8362916,0.000383978,0.05539638,1098.768881,260.4,107.4,,,16.895416127128566,6.084292448660326,362.20301490045597
0,0,0,False,0.0037025180645287037,0.9962974819354713,False,0.4962974819354713,0.18727093907073813,0_2_3_0,9.3906414,1.688101297,2.607965856,0.615911572,Si1,Si1,combo_002,26,301.8196819,271.1522907,0.002030544,0.055275152,791.7846392,193.2,77.2,,,5.783804706762281,4.402510544045315,302.15544170477375
0,0,0,False,1.2125509485372277e-09,0.999999998787449,False,0.49999999878744905,0.27984384625712955,2_3_3_1,12.27285946,2.078057068,2.814394704,1.396802566,Si1,Si1,combo_002,27,326.5953973,253.5232588,0.001488357,0.055433447,886.4979637,236.8,91.3,,,17.142761585885374,5.848472806788968,325.6035849327355
1,1,1,False,0.9985324740409851,0.0014675259590148926,False,0.4985324740409851,0.21906488521305684,0_0_2_1,8.33796206,0.643407986,2.483834204,1.122476514,Si1,Si1,combo_002,28,355.459812,947.7506747,0.000199299,0.041254893,897.8462108,109.000001,72.4,,,9.359166586973059,1.5981187627535531,350.20335190191844
0,0,0,False,0.0008472158806398511,0.9991527841193601,False,0.49915278411936015,0.23239114064858243,1_1_1_1,11.44641156,1.432112239,1.935058473,1.231966637,Si1,Si1,combo_002,29,350.9504974,274.3876237,0.001385052,0.05517402,964.5400799,207.8,86.3,,,14.101597155291122,2.771220922363951,350.81077549939994
1,1,1,False,0.9999391436576843,6.085634231567383e-05,False,0.4999391436576843,0.16210445619809413,3_0_2_0,15.10141638,0.521750771,2.21088038,0.943518921,Si1,Si1,combo_002,30,437.7442284,847.884353,0.002578699,0.043837875,1404.801538,155.000001,95.3,,,14.248472088429326,1.153528542853773,439.31696774657394
0,0,0,False,3.306360838450928e-07,0.9999996693639162,False,0.49999966936391615,0.16483864538385778,0_3_2_3,9.080830208,1.990215089,2.322999861,2.327953945,Si1,PU,combo_001,31,303.1515201,265.0104704,0.000217871,0.055419585,762.4401279,193.5,79.0,,,21.13975450658877,4.623269375107103,304.01806593895
1,1,1,False,0.9990638494491577,0.0009361505508422852,False,0.4990638494491577,0.13287037677007799,1_0_0_3,11.5994219,0.532842525,1.438647501,2.239986514,Si1,PU,combo_001,32,411.5364314,530.8239888,-0.003650862,0.04858455,1152.54659,110.000001,86.2,,,25.982548626196255,0.76657256701778,415.3620507898847
0,0,0,False,0.14486601948738098,0.855133980512619,False,0.355133980512619,0.13145809138747278,0_1_1_2,9.987513583,1.35758654,1.739590153,1.8733312,Si1,PU,combo_001,33,345.8330237,320.8776544,0.00216484,0.055411841,912.1954084,176.5,81.1,,,18.70992080545769,2.3616441768293406,345.35689656182166
1,1,1,False,0.9999790191650391,2.09808349609375e-05,False,0.49997901916503906,0.25914666613574644,1_0_1_3,11.26112356,0.500171972,2.037294948,2.462450732,Si1,PU,combo_001,34,407.625864,793.1965374,0.000817134,0.04221859,1123.234734,115.000001,83.8,,,27.729961953464446,1.0189978316867974,406.59168923300797
0,0,0,False,6.646699635126652e-09,0.9999999933533004,False,0.49999999335330036,0.4062901635053754,1_3_3_0,10.34386155,2.436721223,2.983961895,0.87986646,Si1,PU,combo_001,35,288.0502193,251.2885876,0.002245019,0.055438562,742.208872,218.8,84.4,,,9.101216844728613,7.271083278169798,287.7965305443628
1,1,1,False,0.9999957084655762,4.291534423828125e-06,False,0.49999570846557617,0.21217538219942955,2_0_2_2,12.73686507,0.51522735,2.086959448,1.546783166,Si1,PU,combo_001,36,425.8682655,505.3798842,-0.000309272,0.047937102,1208.287565,124.0,87.5,,,19.70116847788941,1.0752585859505028,422.21995391601524
1,1,1,False,0.9593663215637207,0.0406336784362793,False,0.4593663215637207,0.10453986395896069,3_0_3_3,14.19757507,0.784718346,2.629447057,2.368650868,Si1,PU,combo_001,37,425.4487736,834.7074491,0.001728948,0.037691056,1293.451234,170.000001,92.3,,,33.62909851305066,2.0633753454636077,423.8655688255352
0,0,0,False,3.617575998760003e-07,0.9999996382424001,False,0.4999996382424001,0.27984384625712955,2_2_2_1,12.47270295,1.83224038,2.342103965,1.453123973,Si1,PU,combo_001,38,349.6349529,263.4500318,0.001513338,0.055292749,975.3129773,222.4,91.0,,,18.124383664752823,4.2912974588311075,349.0678491935594
1,1,1,False,0.9997859001159668,0.00021409988403320312,False,0.4997859001159668,0.2795778058578261,0_0_0_0,9.471366336,0.560851252,1.569097242,0.522783824,Si1,PU,combo_001,39,370.9607249,578.890237,0.000227634,0.047575558,1011.693879,98.000001,75.6,,,4.951477111638949,0.8800301526854469,375.0944893573953
1,1,1,False,0.9961345791816711,0.0038654208183288574,False,0.49613457918167114,0.21876900238349464,3_0_1_3,15.91493419,0.666482501,1.834361701,2.076364175,Si1,PU,combo_001,40,452.6783854,801.2857252,-0.000388723,0.043925727,1435.883939,173.000001,99.6,,,33.04519919959865,1.222569974221094,455.0625290849196
0,0,0,False,0.042115092277526855,0.9578849077224731,False,0.45788490772247314,0.15417322635748348,0_1_3_2,9.79563474,1.236096836,2.995137414,1.599804221,Si1,PU,combo_001,41,341.8140585,282.0191344,0.001650185,0.055331668,893.8991446,190.5,78.8,,,15.671097804426239,3.702279880830622,340.5160875939472
1,1,1,False,0.9999130964279175,8.690357208251953e-05,False,0.4999130964279175,0.03731328257816665,0_0_0_3,8.458299304,0.587280037,1.156297886,2.47490185,Si1,PU,combo_001,42,407.0448488,540.0458014,0.000202308,0.006271533,949.1164383,78.000001,63.9,,,20.933460595323314,0.6790706652731017,360.36634332100107
1,1,1,False,0.9954130053520203,0.004586994647979736,False,0.49541300535202026,0.25577336565901393,0_0_0_1,8.769077072,0.973645182,1.122690056,1.155854016,Si1,PU,combo_001,43,351.1037684,843.7232211,-0.011974389,0.042225477,886.9552921,105.000001,68.3,,,10.135772950284721,1.0931017639037102,342.0502483719992
0,0,0,False,1.534266857561306e-06,0.9999984657331424,False,0.49999846573314244,0.20881572933226727,3_3_1_2,14.11097311,2.255763284,1.68575654,1.91992554,Si1,PU,combo_001,44,357.9605233,258.4167191,-0.000343624,0.05523994,1036.638144,245.1,98.8,,,27.092017668142226,3.8026677086948775,355.7551702149406
0,0,0,False,0.01758156158030033,0.9824184384196997,False,0.48241843841969967,0.14698482150117445,3_1_3_1,14.77787692,1.13602359,2.964930191,1.476564894,Si1,PU,combo_001,45,406.3031061,277.2696752,-0.000360297,0.055132572,1242.490328,233.3,98.6,,,21.820494267924847,3.3682306396792057,407.9392103615931
0,0,0,False,5.468333256430924e-05,0.9999453166674357,False,0.4999453166674357,0.3206393058020357,1_3_3_2,10.4507631,2.037060751,2.785120777,1.847508326,Si1,PU,combo_001,46,314.3302928,260.4008849,0.001260595,0.055230971,808.8010089,216.8,83.0,,,19.30787184030357,5.673460221621323,313.77134572993555
1,1,1,False,0.8370834589004517,0.16291654109954834,False,0.33708345890045166,0.10279607832788781,2_0_3_3,13.43030129,0.839720755,2.969632058,2.481108127,Si1,PU,combo_001,47,410.406597,560.3518301,-0.032987358,0.031680928,1205.811017,210.000001,91.5,,,33.32202967867758,2.493661673815964,409.53335117935194
1,1,1,False,0.9991547465324402,0.0008452534675598145,False,0.4991547465324402,0.3029620903307971,0_0_1_2,8.056883314,0.508237078,1.845112362,1.827143649,Si1,PU,combo_001,48,362.8049189,551.8531792,0.001345904,0.044414832,927.4734069,94.000001,70.9,,,14.721083177909172,0.9377545154445582,361.13446742537747
1,1,1,False,0.9999790191650391,2.09808349609375e-05,False,0.49997901916503906,0.16210445619809413,3_0_2_1,15.85822607,0.602909739,2.433992627,1.030525901,Si1,PU,combo_001,49,448.1576114,557.7474919,0.005809586,0.045314773,1495.851653,176.000001,99.0,,,16.34231270904844,1.4674778594724942,444.7604774791756
0,0,0,False,0.38673874735832214,0.6132612526416779,False,0.11326125264167786,0.12176756095230953,2_1_2_2,13.56362331,1.086477729,2.095301205,1.956604525,Si1,PU,combo_001,50,405.3222588,283.296562,-0.000329941,0.055135062,1221.422603,219.2,91.8,,,26.538646743741477,2.2764980947793636,404.609874729137
1,1,0,True,0.35864657163619995,0.6413534283638,False,0.14135342836380005,0.03593724297678286,2_1_0_3,13.81225562,1.278013041,1.30677945,2.439894897,Si1,PU,combo_001,51,404.8669592,582.7382892,0.037313372,0.035968746,1167.300532,200.000001,88.0,,,33.70045200329757,1.6700811788108074,405.34304221349606
1,1,1,False,0.9999850988388062,1.4901161193847656e-05,False,0.49998509883880615,0.1875238757740491,1_0_3_2,10.90292935,0.536393095,2.94662593,1.740716285,Si1,PU,combo_001,52,393.9597747,571.4287344,0.000263423,0.040303757,1080.733403,128.000001,82.2,,,18.978906673749467,1.5805498023999534,389.6728198071795
0,0,0,False,0.09175074100494385,0.9082492589950562,False,0.40824925899505615,0.15806931659657303,2_1_3_3,12.84982617,1.056834817,2.885198342,2.133366649,Si1,PU,combo_001,53,391.0113908,279.6127966,-0.000312096,0.055214417,1129.600885,216.5,89.1,,,27.413390596525407,3.049178061776273,392.83797397042724
0,0,0,False,0.01026727445423603,0.989732725545764,False,0.48973272554576397,0.22329365062000056,2_2_1_0,13.71115831,1.516819076,1.760447543,0.736536948,Si1,PU,combo_001,54,378.8373835,274.1188644,-0.000333629,0.055107578,1154.274237,212.0,94.8,,,10.098774695192239,2.67028041551973,379.5144602347407
1,1,1,False,0.9988477826118469,0.0011522173881530762,False,0.4988477826118469,0.17791763519173104,1_0_3_2,11.09739754,0.750470563,2.687772852,1.527912492,Si1,PU,combo_001,55,385.5942103,820.776171,0.029243065,0.037828185,1064.190059,149.000001,83.2,,,16.955852330056068,2.017094405456556,383.11202717965006
1,1,1,False,0.9916593432426453,0.008340656757354736,False,0.49165934324264526,0.18325961839887914,0_0_2_0,8.99995617,0.911918424,2.298208866,0.889472575,Si1,PU,combo_001,56,354.334329,881.4019611,0.003669433,0.038636971,912.5437773,125.000001,74.6,,,8.005214189417039,2.095779007105547,348.73190300882555
0,0,0,False,0.0004529216676019132,0.9995470783323981,False,0.4995470783323981,0.2671247586437029,3_2_3_1,15.43470197,1.665994537,2.70817874,1.280896749,Si1,PU,combo_001,57,388.9437753,264.7160807,-0.002637023,0.055250378,1193.163062,242.9,104.4,,,19.770259575156896,4.511810986059544,391.5462644327673
0,0,0,False,0.008606409654021263,0.9913935903459787,False,0.49139359034597874,0.13616466931181706,2_1_3_1,12.59282279,1.349565683,2.726753058,1.342611595,Si1,PU,combo_001,58,372.2804676,272.1085661,-0.000305671,0.055260352,1060.517142,216.5,89.9,,,16.90726989163425,3.6799323530921084,371.53590702094294
0,0,0,False,1.069776317308424e-05,0.9999893022368269,False,0.4999893022368269,0.20571375921962567,0_3_0_3,8.532951007,2.310786502,1.541974489,2.301852257,Si1,PU,combo_001,59,284.0430047,254.8609789,0.000204174,0.055313456,688.5729696,184.1,82.3,,,19.641592534333373,3.5631738356095477,277.3990928685028
0,0,0,False,2.4829640565826594e-09,0.9999999975170359,False,0.49999999751703594,0.36866140298802696,1_3_2_3,11.83528426,2.184009165,2.17406533,2.413524809,Si1,PU,combo_001,60,330.6788225,257.3599222,0.002580589,0.055276282,883.6767459,229.6,88.9,,,28.564752183077207,4.748178606028749,331.6130400292948
0,0,0,False,0.0007159981760196388,0.9992840018239804,False,0.49928400182398036,0.05200120146866477,3_1_0_1,15.54531875,1.450385014,1.212317857,1.291704882,Si1,Si1,combo_002,1,406.8435491,277.5987245,0.000379483,0.055072776,1245.255627,229.6,95.5,Itr_1,,20.07996412162114,1.758327651997395,411.1859145255616
0,0,0,False,0.0639231875538826,0.9360768124461174,False,0.4360768124461174,0.05200120146866477,3_1_0_1,15.54644773,1.45309986,1.2033606,1.395243037,Si1,PU,combo_001,2,414.6673237,273.9235583,0.000379511,0.05507481,1257.002334,226.3,94.5,,,21.691072945366955,1.748603119389516,411.23784993497543
0,0,0,False,0.12049752473831177,0.8795024752616882,False,0.37950247526168823,0.13670456615824098,3_2_0_1,14.16200775,1.488784142,1.157777162,1.420451851,Si1,PU,combo_001,3,395.1831768,282.453787,0.002414302,0.05534202,1149.297106,209.4,90.0,,,20.116450122363844,1.723680278755365,395.9615412438041
1,1,1,False,0.9201900362968445,0.07980996370315552,False,0.4201900362968445,0.09114950202361488,0_1_0_0,8.086292454,1.308219549,1.467327805,0.670358546,Si1,Si1,combo_002,4,318.7919878,989.5260725,-0.000579022,0.046128733,785.8114136,141.000001,73.1,,,5.420715251994213,1.9195869192922599,313.53593931295006
0,0,0,False,0.01888360269367695,0.981116397306323,False,0.48111639730632305,0.10150652068877104,2_2_0_0,12.85289986,1.485869873,1.169436726,0.619592105,Si1,Si1,combo_002,5,370.3500109,280.2434562,0.000312173,0.05522118,1040.857641,196.5,86.1,,,7.963555279611605,1.7376307995431557,370.3199593956252
1,1,1,False,0.9862961769104004,0.01370382308959961,False,0.4862961769104004,0.09114950202361488,0_1_1_0,8.473601043,1.248477686,1.587833669,0.605567693,Si1,Si1,combo_002,6,321.7899592,533.8186259,0.00060807,0.04357835,815.407218,142.000001,74.3,,,5.131339035011904,1.9823749048260098,320.6283329063107
1,1,1,False,0.57449871301651,0.42550128698349,True,0.07449871301651001,0.09105714226753979,0_1_0_0,9.846369757,1.440450919,1.239013635,0.702533181,Si1,Si1,combo_002,7,331.5178937,862.0830784,-0.005451213,0.043372693,873.9810357,151.000001,74.4,,,6.917401466687406,1.7847383291892809,331.37801965211816
0,0,0,False,0.004541335161775351,0.9954586648382246,False,0.49545866483822465,0.0885166882390135,2_2_0_0,13.16970418,1.472876761,1.191677773,0.804590912,Si1,Si1,combo_002,8,376.7092546,279.435545,-0.000320093,0.055277964,1064.199695,201.0,87.2,,,10.596224296956413,1.7551944984519334,376.3307973915675
0,0,0,False,0.030350932851433754,0.9696490671485662,False,0.46964906714856625,0.0885166882390135,2_2_0_0,13.79975398,1.491463044,1.155320337,0.735884826,Si1,Si1,combo_002,9,383.075107,281.4842217,-0.000335844,0.055289188,1109.313523,204.2,89.5,,,10.155029556415109,1.723117586617126,383.5922776614432
0,0,1,True,0.7988756895065308,0.20112431049346924,False,0.29887568950653076,0.09374232955556312,0_1_0_0,8.752161841,1.467544847,1.210559771,0.912920274,Si1,Si1,combo_002,10,313.6089676,284.3520239,0.000209654,0.055424328,791.1412561,161.3,70.1,,,7.990025985978064,1.7765507539165502,315.63797104280854
1,1,0,True,0.11438554525375366,0.8856144547462463,False,0.38561445474624634,0.07968987022537871,1_2_0_0,10.11422216,1.553123278,1.106329208,0.736713214,Si1,Si1,combo_002,11,330.9980509,895.3526074,0.010479337,0.037774353,868.5492916,168.000001,75.9,,,7.451281114603622,1.7182656460761039,330.18734218101844
1,1,0,True,0.342911958694458,0.657088041305542,False,0.157088041305542,0.05033156231766361,1_2_0_1,11.50600979,1.519278196,1.12111284,1.167976136,Si1,PU,combo_001,12,358.6823673,950.8795501,-0.023672521,0.037597534,971.2930595,180.000001,80.2,,,13.438744855302373,1.7032822930676368,356.46351657221675
1,1,1,False,0.7176998257637024,0.2823001742362976,False,0.2176998257637024,0.10903403769232214,1_1_0_0,10.42939501,1.336014985,1.420025805,0.716988638,Si1,Si1,combo_002,13,342.2103804,946.1754227,-0.000251585,0.040505185,938.9204532,169.000001,83.6,,,7.477757723383896,1.897175754566688,343.9229133079869
1,1,1,False,0.7795838713645935,0.2204161286354065,False,0.2795838713645935,0.10903403769232214,1_1_0_0,10.15596041,1.336325429,1.409532862,0.510206899,Si1,Si1,combo_002,14,338.4386137,573.1574563,-0.002202741,0.037446597,915.2220174,164.000001,82.5,,,5.181641067152869,1.8835946065017477,338.67750987652295
1,1,1,False,0.8773714303970337,0.12262856960296631,False,0.3773714303970337,0.14092498713007884,0_1_0_3,9.224567768,1.259515512,1.552298304,2.491545207,Si1,PU,combo_001,15,345.6014227,587.7676331,-0.00730832,0.041856743,873.2528888,148.000001,76.3,,,22.98342760900709,1.9551437931392914,341.5104493398645
1,1,1,False,0.9221299886703491,0.07787001132965088,False,0.4221299886703491,0.14092498713007884,1_1_1_3,10.04618612,1.204656137,1.681317953,2.36586938,Si1,PU,combo_001,16,357.2749129,574.559047,0.000242005,0.040414793,948.4531793,160.000001,81.0,,,23.767964127089005,2.0254099903297273,356.17013852037866
0,0,0,False,0.1742294877767563,0.8257705122232437,False,0.3257705122232437,0.08688232957669399,2_1_0_2,12.02893371,1.360571341,1.410126794,1.979542703,Si1,PU,combo_001,17,376.014388,279.7620881,-0.000291573,0.055157895,1067.275312,208.3,88.7,,,23.811787950501216,1.9185781030926108,375.57229947228205
0,0,0,False,0.006042665336281061,0.9939573346637189,False,0.49395733466371894,0.1649640760337748,3_1_1_1,15.98485026,1.228117004,1.695651661,1.343838083,Si1,Si1,combo_002,18,418.8180081,277.1807523,-0.000390471,0.055082988,1345.97628,254.0,105.5,,,21.481050530440452,2.082458637734944,418.62164016415903
1,1,1,False,0.9992227554321289,0.0007772445678710938,False,0.4992227554321289,0.30238199409602395,3_0_0_0,15.99677728,0.505277475,1.215799871,0.579764381,Si1,PU,combo_001,19,462.0132381,816.0161307,0.003516926,0.046501571,1489.949133,124.000001,90.6,,,9.274361677734065,0.6143162889242056,462.96948517477546
0,0,0,False,0.0007844517240300775,0.9992155482759699,False,0.4992155482759699,0.2970548983151819,3_2_1_1,15.78449336,1.818161506,1.722904732,1.382335307,Si1,PU,combo_001,20,392.4145507,265.0650809,0.000385462,0.05511782,1246.486432,249.9,105.3,,,21.819462474635063,3.1325190622276464,392.3321272782318
0,0,0,False,0.09540620446205139,0.9045937955379486,False,0.4045937955379486,0.04157489983290738,0_2_0_2,8.611426682,1.586287918,1.142178957,1.980463809,Si1,Si1,combo_002,1,310.4169969,277.4941367,0.000618407,0.055372191,760.0142628,161.7,70.6,Itr_2,,17.05461888755795,1.8118246796829416,312.6893019506911
0,0,1,True,0.7899746298789978,0.2100253701210022,False,0.2899746298789978,0.14933996071274153,2_0_3_0,12.65421167,0.922213549,2.885255584,0.594349469,Si1,PU,combo_001,2,388.4219569,283.8234718,0.001536027,0.055398477,1139.281548,197.4,87.6,,,7.521023986678103,2.6608217918927073,388.3066634781447
1,1,1,False,0.9879699945449829,0.01203000545501709,False,0.4879699945449829,0.16306099614168262,0_1_3_2,8.033139199,1.017509101,2.9245117,1.657762946,Si1,Si1,combo_002,3,328.088562,858.6612478,0.000191679,0.043894377,820.0672923,141.000001,72.0,,,13.317040504162321,2.9757172707309816,326.5479152216354
1,1,1,False,0.795840859413147,0.20415914058685303,False,0.295840859413147,0.1014276765101223,2_0_2_0,13.53521044,0.975158004,2.45834952,0.857210104,Si1,PU,combo_001,4,401.5007221,560.0153147,0.02666765,0.031935334,1210.748474,198.000001,91.0,,,11.602519148934286,2.3972792110575583,402.3816159531051
1,1,1,False,0.898720383644104,0.101279616355896,False,0.398720383644104,0.11482815668219742,0_1_2_2,8.13332939,1.184250611,2.159547255,1.81290021,Si1,Si1,combo_002,5,324.5920355,801.2453659,0.00058255,0.042526132,805.3335474,148.000001,72.8,,,14.744914559130173,2.5574451562171228,325.2108051890357
0,0,0,False,0.08348016440868378,0.9165198355913162,False,0.4165198355913162,0.08009595663577851,1_0_3_1,11.08082413,0.959330752,2.876249383,1.319063545,Si1,Si1,combo_002,6,360.881098,283.8289777,0.000267871,0.055340662,999.6346551,198.8,83.6,,,14.61631115843934,2.759274483532926,360.9845405456483
1,1,1,False,0.8161653280258179,0.18383467197418213,False,0.31616532802581787,0.15417322635748348,0_1_3_2,9.264649103,1.003301051,2.850979997,1.584454642,Si1,Si1,combo_002,7,340.3354162,555.3193516,0.000222466,0.037596796,902.8306336,157.000001,75.7,,,14.679416277749487,2.860391227370077,339.8062622251729
0,0,0,False,0.3994726538658142,0.6005273461341858,False,0.10052734613418579,0.14327406690760547,1_1_0_3,10.00289377,1.365863857,1.491217076,2.239527467,Si1,Si1,combo_002,8,345.5326763,284.9538437,0.001686456,0.055215137,908.7941441,188.0,81.9,,,22.40175534739818,2.036799507049622,345.48507031296356
0,0,0,False,0.025033092126250267,0.9749669078737497,False,0.47496690787374973,0.0704613030299358,3_1_1_3,15.36293294,1.05248265,1.892838562,2.216401087,Si1,Si1,combo_002,9,423.5348944,282.5693936,0.000374923,0.055119397,1318.304183,252.4,101.4,,,34.050421267724104,1.9921797457559491,423.73046329472356
0,0,0,False,0.07269828021526337,0.9273017197847366,False,0.42730171978473663,0.15809900293521656,2_0_3_1,12.09476566,0.918064093,2.99090376,1.179573001,Si1,Si1,combo_002,10,374.9488423,280.0261797,-0.001466096,0.0553126,1054.072753,206.4,87.8,,,14.266659025957948,2.74584134767469,374.05931677355966
0,0,0,False,0.05113890767097473,0.9488610923290253,False,0.44886109232902527,0.18967975060345438,3_1_2_2,15.97660426,0.990469613,2.084873516,1.65341062,Si1,Si1,combo_002,11,428.6143517,276.6443803,-0.000390265,0.05506855,1360.702661,249.0,103.5,,,26.41588715502124,2.0650038645464694,426.64376244096957
0,0,0,False,0.09029849618673325,0.9097015038132668,False,0.40970150381326675,0.05967339488405854,1_2_0_2,10.87335827,1.48521741,1.210199363,1.720858471,Si1,Si1,combo_002,12,352.6206688,283.4211941,0.000262684,0.05533182,919.316375,189.0,78.8,,,18.711510687147406,1.7974091634985099,350.62416003258056
0,0,1,True,0.878496527671814,0.12150347232818604,False,0.37849652767181396,0.15838381713027397,3_1_1_1,14.9658049,1.045432066,1.970217485,1.403471948,Si1,PU,combo_001,13,421.1995387,284.5415244,-0.000364995,0.055124625,1362.926145,230.9,98.8,,,21.004087356390944,2.0597285358128743,421.5525423802808
0,0,0,False,0.04388449341058731,0.9561155065894127,False,0.4561155065894127,0.08688232957669399,1_1_0_2,11.89134441,1.310356643,1.474922557,1.831767883,Si1,Si1,combo_002,14,372.1093429,280.3158885,-0.001440668,0.055410826,1051.174431,210.0,87.6,,,21.782182775929584,1.9326745704754962,372.16301583927395
1,1,1,False,0.8228965997695923,0.17710340023040771,False,0.3228965997695923,0.1361819273675073,3_0_2_3,15.91794723,0.957779805,2.284616635,2.397299451,Si1,PU,combo_001,15,434.6506361,521.6264921,-0.000388799,0.037713479,1410.504023,229.000001,100.3,,,38.16008615552597,2.188159675170056,433.2581394503069
0,0,0,False,0.12050899118185043,0.8794910088181496,False,0.37949100881814957,0.1512080212682009,2_0_3_0,13.93955585,0.975459004,2.939035355,0.507816395,Si1,PU,combo_001,16,401.1613099,282.8285203,-0.000339339,0.055236459,1210.926424,206.5,94.3,,,7.0787349996481606,2.8669085001090866,401.5699726196519
1,1,0,True,0.4128269553184509,0.5871730446815491,True,0.08717304468154907,0.050334995756575504,1_0_3_0,11.66372029,0.963934401,2.892410322,0.75588978,Si1,PU,combo_001,17,372.3804656,934.6603,0.002541987,0.055429414,1068.585718,187.5,85.0,,,8.816486963989636,2.788093811183287,373.1002372492224
1,1,1,False,0.612575888633728,0.387424111366272,False,0.11257588863372803,0.056807539615361904,0_1_3_3,9.953592006,1.048904121,2.662986041,2.469850011,Si1,PU,combo_001,18,359.0317,902.7628,-0.001677828,0.055314321,949.8326378,168.6,79.5,,,24.58387932550861,2.793217032570375,358.9812614739069
1,1,1,False,0.9999991655349731,8.344650268554688e-07,False,0.49999916553497314,0.14511911672289052,0_0_0_0,8.172744691,0.524030106,1.188614013,0.736069728,Si1,Si1,combo_002,19,389.6045393,521.3323174,-0.000585506,0.00526955,931.7842166,75.000001,62.5,,,6.015709961717814,0.6228695272254754,354.785776437405
0,0,0,False,1.8778453068080125e-06,0.9999981221546932,False,0.4999981221546932,0.24433280884111583,0_2_3_1,9.746510275,1.595207506,2.932021793,1.275352613,Si1,Si1,combo_002,20,313.4425515,271.3841689,-0.000703538,0.055422504,819.2718114,200.4,79.1,,,12.430237346852598,4.677183171949178,313.19890878776573
0,0,0,False,0.3912995457649231,0.6087004542350769,False,0.1087004542350769,0.05967339488405854,1_2_0_2,10.42070701,1.519686532,1.195453348,1.717895885,Si1,PU,combo_001,1,344.7377268,319.5508498,-0.001759574,0.055400453,901.1605721,173.8,75.8,Itr_3,case20 -> rom 매크로 수정 안된 채로 해석되어서 삭제처리,17.901689691269652,1.816714352589909,344.3584182206911
0,0,0,False,0.12389574199914932,0.8761042580008507,False,0.3761042580008507,0.07099941083471126,0_1_1_1,8.055424218,1.467319737,1.587444227,1.270641406,Si1,PU,combo_001,2,311.2749913,284.3429525,0.001345649,0.055431912,774.1623831,158.2,72.3,,,10.235555554285972,2.329288245663808,309.21530619218674
0,0,0,False,0.36647504568099976,0.6335249543190002,False,0.13352495431900024,0.15161831117455482,2_1_0_1,13.59199525,1.242046715,1.510642952,1.142046223,Si1,PU,combo_001,3,397.2790386,280.7758845,-0.00033065,0.05519395,1218.7076,212.4,94.2,,,15.52268683829644,1.8762891160695028,397.32295494537124
0,0,0,False,0.2821708619594574,0.7178291380405426,False,0.2178291380405426,0.10249869746732927,2_1_1_2,12.25625117,1.215651769,1.735923467,1.522205573,Si1,PU,combo_001,4,382.0075618,282.283363,-0.001486281,0.055394834,1117.403907,205.7,87.6,,,18.65653383506177,2.110278433507163,381.8255235351167
0,0,0,False,0.05091626197099686,0.9490837380290031,False,0.44908373802900314,0.09547549965042491,0_2_0_2,9.093542353,1.621408866,1.117046103,1.832265727,Si1,PU,combo_001,5,317.2188686,280.2716228,-0.000654566,0.055241751,791.7376091,162.3,72.2,,,16.661785990424836,1.811188455134949,319.0576042159636
0,0,0,False,0.18158288300037384,0.8184171169996262,False,0.31841711699962616,0.14561687625369213,0_2_0_3,9.36610741,1.509685664,1.304738746,2.255586688,Si1,PU,combo_001,6,333.2818112,283.5979493,0.002025025,0.055425338,840.5224692,173.7,80.4,,,21.12606719237416,1.9697453801015372,329.955178384143
0,0,0,False,0.009250079281628132,0.9907499207183719,False,0.49074992071837187,0.04157489983290738,0_2_0_2,8.444111575,1.636686375,1.132331086,1.930296285,Si1,PU,combo_001,7,305.4915674,274.5400263,0.00222148,0.055417527,748.9973737,155.2,69.0,,,16.299637203348002,1.8532708604451533,307.67697655010784
0,0,0,False,0.3030562996864319,0.6969437003135681,False,0.19694370031356812,0.10249869746732927,2_1_1_2,12.51154189,1.15205949,1.906864408,1.56130795,Si1,PU,combo_001,8,387.3467801,282.6830228,0.001518193,0.055381108,1142.45982,207.3,88.5,,,19.534369819615026,2.196821237379632,387.4819743033959
0,0,0,False,0.2677417993545532,0.7322582006454468,False,0.23225820064544678,0.14624429217085674,3_1_1_0,14.59717798,1.171814397,1.60241721,0.675906947,Si1,PU,combo_001,9,409.966209,282.1178236,-0.00035578,0.055145022,1311.508184,212.9,98.2,,,9.866334003277426,1.8777355566785723,409.62313838256125
1,1,0,True,0.12105298042297363,0.8789470195770264,False,0.37894701957702637,0.07927849145615137,1_2_0_2,10.34399027,1.561396275,1.130514059,1.582396536,Si1,PU,combo_001,10,339.6169286,686.7543141,-0.007732942,0.035671314,886.7994994,170.000001,74.9,,,16.36829437166571,1.76518044055773,339.9044824595495
0,0,0,False,0.040439948439598083,0.9595600515604019,False,0.4595600515604019,0.07437702811063718,0_2_0_1,8.964757388,1.595153751,1.170572945,1.489517573,Si1,PU,combo_001,11,314.6722776,280.5377608,-0.000644907,0.055266032,788.6226728,161.6,71.7,,,13.353163667107582,1.8672438240358666,316.49485633119593
0,0,0,False,0.31793564558029175,0.6820643544197083,False,0.18206435441970825,0.13405741352376474,1_1_0_2,11.29556768,1.330656078,1.534009044,1.618646453,Si1,PU,combo_001,12,364.8096724,282.268103,0.002459153,0.055347164,1011.674977,200.0,86.5,,,18.28353055985344,2.04123845810557,364.60335246202794
0,0,0,False,0.05722610279917717,0.9427738972008228,False,0.44277389720082283,0.13601567699926156,3_1_0_0,15.6918248,1.175302516,1.48124605,0.637135737,Si1,PU,combo_001,13,422.3069902,281.533415,-0.000383146,0.055336476,1391.581811,229.9,104.5,,,9.997822358822878,1.7409122093800617,419.93741263970014
0,0,0,False,0.36382919549942017,0.6361708045005798,False,0.13617080450057983,0.13145809138747278,1_1_1_3,10.60895805,1.286467086,1.737465949,2.073143277,Si1,PU,combo_001,14,357.5419643,328.6705566,0.002304666,0.055405992,974.0081231,177.9,83.2,,,21.99389005733253,2.2351927564342544,359.1079219631429
1,1,1,False,0.9847739934921265,0.015226006507873535,False,0.48477399349212646,0.1602909453987195,3_0_3_2,15.97296741,0.838936285,2.871621313,1.670524645,Si1,PU,combo_001,15,433.6453679,557.6574572,-0.001950871,0.037066554,1403.325343,227.000001,99.9,,,26.68323571218682,2.409107316255042,431.00559320973116
1,1,1,False,0.8850722312927246,0.11492776870727539,False,0.3850722312927246,0.08320764893201112,2_0_3_1,13.99767871,0.918833763,2.695386398,1.351074969,Si1,PU,combo_001,16,411.5138018,537.5343143,-0.003067128,0.037146328,1245.098003,185.000001,94.1,,,18.91191332918521,2.476612026813356,411.2831619917522
0,0,0,False,0.07203631103038788,0.9279636889696121,False,0.4279636889696121,0.050724093600133136,1_1_2_3,11.69171969,1.10711204,2.243685465,2.386163796,Si1,PU,combo_001,17,379.7768035,282.3695033,0.001415715,0.055214871,1073.224583,206.3,85.3,,,27.898358237258343,2.4840111922744987,379.76711627242105
1,1,1,False,0.7855567932128906,0.21444320678710938,False,0.2855567932128906,0.08204045154131101,0_1_3_2,9.881964238,1.099430224,2.673421705,1.892218877,Si1,PU,combo_001,18,353.550196,879.9395417,0.001665293,0.028785779,938.9059654,178.000001,79.2,,,18.69883927298252,2.939240623974612,352.5730614832935
1,1,1,False,0.9999488592147827,5.1140785217285156e-05,False,0.4999488592147827,0.14511911672289052,0_0_0_1,8.077111528,0.512140297,1.153069751,1.02264498,Si1,PU,combo_001,19,434.8377633,557.8196782,0.000192778,-0.000192778,937.7557237,73.000001,62.4,,,8.260017557009329,0.590533484738856,357.7574230243608
0,0,0,False,0.022006262093782425,0.9779937379062176,False,0.4779937379062176,0.04567657384074781,3_0_3_1,14.45130578,0.915320162,2.589303033,1.399563722,Si1,Si1,combo_002,1,408.1386641,283.1381244,-0.000352133,0.055216355,1230.282104,226.5,96.6,Itr_4,,20.22552330521691,2.3700412716326515,409.8256625582756
0,0,0,False,0.021617766469717026,0.978382233530283,False,0.478382233530283,0.04567657384074781,3_0_3_1,14.60882285,0.918763492,2.573233908,1.480165841,Si1,Si1,combo_002,2,410.2243113,282.7015683,0.000356071,0.055167429,1243.208089,231.6,97.2,,,21.623480559790266,2.3641933710468868,411.39215446780725
1,1,1,False,0.8548067808151245,0.1451932191848755,False,0.3548067808151245,0.041475874980903084,0_1_2_0,9.900176245,1.151306175,2.176379765,0.64676278,Si1,Si1,combo_002,3,339.134064,580.1009093,0.000238355,0.035038112,910.1034426,172.000001,78.9,,,6.403065510706162,2.505679462589549,339.1163797748823
1,1,1,False,0.831407904624939,0.16859209537506104,False,0.33140790462493896,0.08872643833532359,1_1_2_0,10.09776407,1.161073593,2.057503871,0.971938552,Si1,Si1,combo_002,4,343.854022,907.5644526,0.000243294,0.039170334,932.5873163,168.000001,80.9,,,9.814406188633427,2.3889134121133786,344.80131015037887
1,1,1,False,0.8951848745346069,0.10481512546539307,False,0.39518487453460693,0.13708840838811084,0_1_2_0,8.708921383,1.217888925,2.202329544,0.724420579,Si1,Si1,combo_002,5,321.563582,941.1321635,0.008134347,0.041923173,836.9635358,155.000001,74.3,,,6.308921870738341,2.6821927608379,323.0767812961043
1,1,1,False,0.8985384702682495,0.10146152973175049,False,0.3985384702682495,0.15027577929686894,0_1_2_1,8.648994566,1.206118421,2.450512006,1.118300977,Si1,Si1,combo_002,6,323.0028969,956.5920886,0.000207075,0.041207875,834.7872083,165.000001,74.1,,,9.672179073225493,2.9556076713182624,324.6081223818536
1,1,1,False,0.9611862897872925,0.03881371021270752,False,0.4611862897872925,0.126299768628281,0_1_2_0,9.648561387,1.138743125,2.387552949,0.545372157,Si1,Si1,combo_002,7,334.4364054,954.2245363,-0.005337472,0.028543872,900.6300665,174.000001,77.9,,,5.262056735575102,2.7188095062472253,335.0446252025951
0,0,0,False,0.26294469833374023,0.7370553016662598,False,0.23705530166625977,0.07437702811063718,0_2_0_1,8.529271464,1.513040413,1.114374079,1.483803178,Si1,Si1,combo_002,8,311.5200748,279.9546561,0.000612245,0.055301036,762.2272419,158.4,69.7,,,12.655760104307914,1.6860930167266546,312.5917640255411
0,0,0,False,0.027864789590239525,0.9721352104097605,False,0.4721352104097605,0.1120885818651116,2_0_3_2,13.38759806,0.910701055,2.653438927,1.579153058,Si1,Si1,combo_002,9,397.1443206,281.1702632,-0.00032554,0.055420896,1155.942836,218.1,92.6,,,21.141066415723866,2.416489630196968,397.6799728464141
1,1,1,False,0.8086506724357605,0.1913493275642395,False,0.3086506724357605,0.08218687882808753,1_1_2_0,10.11914979,1.128601713,2.219883545,0.937430176,Si1,Si1,combo_002,10,344.2891161,528.6447161,0.002194459,0.032429224,931.4072318,173.000001,80.1,,,9.485996368610063,2.5053643715475125,344.77276339325647
0,0,0,False,0.06330271065235138,0.9366972893476486,False,0.4366972893476486,0.15551495707051954,2_0_3_0,13.58201215,0.891824261,2.729308988,0.948355402,Si1,Si1,combo_002,11,397.6521512,282.5292595,-0.0003304,0.055173221,1165.643594,213.3,93.3,,,12.880574592482136,2.434063971263758,395.27327964266397
0,0,0,False,0.3439399302005768,0.6560600697994232,False,0.15606006979942322,0.10505233647809123,1_1_3_1,10.50618204,1.055547156,2.549243282,1.238344895,Si1,Si1,combo_002,12,351.3714815,284.9724693,0.002281541,0.055381991,954.25205,193.4,81.9,,,13.010276895174686,2.690846496267206,352.69248604409984
1,1,1,False,0.8494060635566711,0.15059393644332886,False,0.34940606355667114,0.16629153085952322,1_1_1_0,10.4234577,1.189513712,1.853287317,0.551771248,Si1,Si1,combo_002,13,344.4608266,569.1711704,0.005280167,0.03595542,944.5481418,171.000001,82.0,,,5.751364263604209,2.2045106758471906,346.08166684749335
0,0,0,False,0.32001441717147827,0.6799855828285217,False,0.17998558282852173,0.08525659652591297,2_1_2_0,12.03263349,0.993864099,2.429992263,0.668172287,Si1,Si1,combo_002,14,372.2522275,280.826679,0.001458329,0.055166588,1066.157842,197.9,87.0,,,8.039872237646092,2.4150820710434657,370.8953476899237
0,0,0,False,0.44872695207595825,0.5512730479240417,True,0.05127304792404175,0.1839137305164506,3_1_0_3,15.9857585,1.203872808,1.193499477,2.47515984,Si1,Si1,combo_002,15,434.7637791,276.9403966,-0.000390494,0.05508458,1330.59688,234.2,97.0,,,39.56730745113864,1.4368215667225215,427.72094203622254
1,1,0,True,0.49476975202560425,0.5052302479743958,True,0.005230247974395752,0.18169891255862147,2_1_1_3,13.99466797,1.154759959,1.644252038,2.038116494,Si1,PU,combo_001,16,409.9947431,545.9784253,0.028960924,0.033049525,1265.885888,212.000001,95.4,,,28.5227636177105,1.8987164159865464,409.85475024233875
0,0,0,False,0.46172213554382324,0.5382778644561768,True,0.03827786445617676,0.14020055905699216,1_0_3_2,11.96451925,0.977477138,2.877955673,1.662897407,Si1,PU,combo_001,17,382.6934564,283.2278577,0.000289963,0.055296483,1089.018866,205.2,85.8,,,19.895768036826585,2.813135874534904,382.6013027313148
1,1,0,True,0.3564473092556,0.6435526907444,False,0.14355269074440002,0.15891686373504435,0_1_2_3,9.968981313,1.213228216,2.082808829,2.492800012,Si1,PU,combo_001,18,354.0420311,971.0765389,0.001200373,0.037691697,937.4743389,172.000001,80.2,,,24.850676736674178,2.5269224398767194,353.356929247176
1,1,1,False,0.8812952041625977,0.11870479583740234,False,0.38129520416259766,0.041475874980903084,0_1_2_0,9.821372038,1.172347049,2.135138829,0.582221447,Si1,Si1,combo_002,19,336.459166,578.4148775,0.000236384,0.037112327,904.7872848,165.000001,78.6,,,5.718213439489699,2.503123705383466,337.05283598302344
1,1,0,True,0.4314552843570709,0.5685447156429291,True,0.06854471564292908,0.1220597314709077,0_1_1_0,9.658321629,1.3448167,1.66062974,0.964675544,Si1,PU,combo_001,20,336.5611044,518.2426137,0.000232308,0.043906212,896.8577577,155.000001,80.2,,,9.31714667158254,2.233242606868658,336.47812102379015
0,0,1,True,0.6839760541915894,0.31602394580841064,False,0.18397605419158936,0.05659481973799337,2_1_1_0,12.03882215,1.124473455,2.015579815,0.544372891,Si1,PU,combo_001,1,374.9283524,284.0620909,-0.000291821,0.055181132,1110.997404,193.7,85.8,Itr_5,,6.553608418030335,2.266465998401311,375.11391776440024
1,1,1,False,0.6375007033348083,0.36249929666519165,False,0.13750070333480835,0.13860525219210681,1_1_2_0,11.43013014,1.114888706,2.261158985,0.579141747,Si1,PU,combo_001,2,363.8988415,903.7484,0.01189394,0.02959655,1051.22116,192.0,84.1,,,6.619665537716954,2.520940614846923,365.70075441868045
0,0,0,False,0.41992896795272827,0.5800710320472717,True,0.08007103204727173,0.09771467629988163,0_2_0_0,8.913048729,1.551780237,1.182620567,0.50396045,Si1,PU,combo_001,3,311.0863501,282.7727655,0.001068381,0.055314236,790.8323914,160.4,71.1,,,4.491824048338768,1.8351672237403345,311.48150990629074
0,0,1,True,0.6469288468360901,0.3530711531639099,False,0.1469288468360901,0.18479381785439739,1_1_2_1,11.97090622,1.067822651,2.205648366,1.183619162,Si1,PU,combo_001,4,380.2583755,284.8876553,-0.001450613,0.055311652,1106.716753,198.8,85.8,,,14.168993988496988,2.3552412853559384,380.316512555152
0,0,0,False,0.3557708263397217,0.6442291736602783,False,0.14422917366027832,0.09374232955556312,0_2_0_0,9.180279841,1.566330371,1.101986336,0.942498924,Si1,PU,combo_001,5,317.9625796,283.7836734,-0.000661071,0.055294625,806.0912789,161.5,72.1,,,8.652403872161392,1.7260746665038107,317.3930091810681
0,0,1,True,0.7102553248405457,0.28974467515945435,False,0.21025532484054565,0.08525659652591297,2_1_2_0,12.30884734,1.000491549,2.479087253,0.815113543,Si1,PU,combo_001,6,384.213685,283.5529252,0.001492856,0.055218549,1127.77322,198.9,87.1,,,10.033108165553527,2.4803058458601246,383.90795189693443
0,0,1,True,0.5694686770439148,0.4305313229560852,True,0.0694686770439148,0.10767944375917168,1_0_3_3,11.46218297,0.939764217,2.979647604,2.404168149,Si1,PU,combo_001,7,379.37083,284.3519708,0.001387023,0.055213053,1066.190154,204.8,83.9,,,27.557015214484228,2.8001661975089864,381.5129774080902
0,0,0,False,0.495013564825058,0.504986435174942,True,0.004986435174942017,0.12593498177602383,1_1_3_1,11.50539229,1.029614874,2.534272148,1.227559433,Si1,PU,combo_001,8,374.0003201,284.5108889,0.001392424,0.055319995,1061.538707,198.0,84.1,,,14.12355283595497,2.6093242983447293,373.83144879369894
1,1,1,False,0.6466633677482605,0.3533366322517395,False,0.1466633677482605,0.09771467629988163,0_1_0_0,8.343391202,1.466429671,1.269276384,0.5519769,Si1,PU,combo_001,9,311.1324763,618.4117366,-0.000199435,0.04407508,786.2336651,148.000001,72.3,,,4.605359211167233,1.8613045501971899,307.7985240810082
0,0,1,True,0.5530176162719727,0.44698238372802734,True,0.053017616271972656,0.05007171795880877,3_1_1_3,15.19943197,1.112263266,1.806846237,2.296532992,Si1,PU,combo_001,10,424.0609228,284.3463659,0.000370836,0.055191846,1364.023185,246.2,98.8,,,34.90599697876455,2.00968869672543,425.00834389644166
0,0,0,False,0.23956385254859924,0.7604361474514008,False,0.26043614745140076,0.05160719273332825,0_2_0_1,8.904539842,1.50507795,1.118165676,1.220872911,Si1,PU,combo_001,11,318.2714434,284.0776199,0.000213464,0.055286792,796.9099811,157.3,71.0,,,10.87131147801802,1.6829265033944443,318.00338878081493
0,0,1,True,0.6946176290512085,0.3053823709487915,False,0.1946176290512085,0.16118923729533083,3_1_2_3,14.59148135,1.002475245,2.446538666,2.093411607,Si1,PU,combo_001,12,419.111486,284.5845954,0.000355637,0.055134049,1285.116186,236.9,96.9,,,30.545976421414032,2.452594448600323,417.8440613408641
0,0,0,False,0.10478328168392181,0.8952167183160782,False,0.3952167183160782,0.08762719105084019,0_1_3_3,9.433376644,1.125333942,2.728304454,2.088797935,Si1,Si1,combo_002,13,340.1415726,316.668974,0.000226685,0.04329674,894.0838903,177.6,76.7,,,19.704417654064432,3.0702536061959775,340.0270124040999
0,0,1,True,0.7555962800979614,0.24440371990203857,False,0.2555962800979614,0.10167435808614676,0_1_0_0,8.080901898,1.44711893,1.158711716,0.704050247,Si1,PU,combo_001,14,306.0849239,281.026656,0.000192873,0.055330768,752.8775881,144.6,68.2,,,5.6893609772696685,1.6767936586363839,304.5367241851959
1,1,1,False,0.9168599843978882,0.08314001560211182,False,0.4168599843978882,0.13835784080217345,3_1_0_2,15.94533773,1.016142564,1.12429307,1.763414489,Si1,Si1,combo_002,15,435.8663527,632.6739325,-0.005063286,0.042453702,1375.465016,172.000001,96.2,,,28.11823958508037,1.1424420428372315,439.0967698955004
1,1,0,True,0.22814448177814484,0.7718555182218552,False,0.27185551822185516,0.05070678762967066,2_1_2_3,13.9319673,1.049997399,2.181545924,2.226610357,Si1,PU,combo_001,16,411.2173031,611.6297869,-0.023401298,0.030862582,1253.267641,206.000001,93.0,,,31.02106268356533,2.2906175459990514,410.8407201621708
0,0,0,False,0.47772663831710815,0.5222733616828918,True,0.022273361682891846,0.05080558801542252,1_1_1_3,11.87373144,0.994706936,2.015208437,2.454258806,Si1,Si1,combo_002,17,384.4798323,283.5410884,-0.001438466,0.055368554,1083.083671,211.1,86.4,,,29.14120994669906,2.004541809769619,383.94521749539666
1,1,0,True,0.2858254015445709,0.7141745984554291,False,0.21417459845542908,0.12999833079651132,0_1_2_3,9.989821187,1.237723701,2.24724414,2.023632105,Si1,PU,combo_001,18,349.8204229,672.9946091,-0.000240596,0.033442775,930.0774311,178.000001,80.1,,,20.215722877222408,2.781467334011362,350.1989108065858
1,1,1,False,1.0,0.0,False,0.5,0.12529666370359052,0_0_0_2,8.014357747,0.539256138,1.149211025,1.906145509,Si1,Si1,combo_002,19,458.1224741,676.9343431,0.000191209,0.002103299,917.9595635,76.000001,62.4,,,15.276532026963407,0.6197190990885215,348.2594899825361
0,0,0,False,0.00023442608653567731,0.9997655739134643,False,0.4997655739134643,0.2681611489327263,1_3_0_1,11.19234946,2.025815508,1.279962183,1.042017215,Si1,PU,combo_001,20,325.599937,269.4431705,0.000270659,0.055357193,859.3262648,196.1,80.3,,,11.662620813615955,2.592967239974934,324.1167872324574
0,0,0,False,0.055599063634872437,0.9444009363651276,False,0.44440093636512756,0.07833603360879897,1_2_0_0,10.51252552,1.623057067,1.327445982,0.666895059,Si1,PU,combo_001,1,331.4010114,281.0490288,0.002282969,0.055399294,905.6374982,187.7,84.7,Itr_6,,7.010751326899406,2.154520582145855,332.554257395998
1,1,0,True,0.08046721667051315,0.9195327833294868,False,0.41953278332948685,0.13494439823147744,1_2_0_1,10.24979304,1.555388792,1.243939082,1.238341693,Si1,PU,combo_001,2,336.4529201,834.1571,0.010130885,0.036322928,884.0263962,174.000001,75.2,,,12.692746066053216,1.934808906073569,336.9070227735216
1,1,1,False,0.7237030267715454,0.2762969732284546,False,0.2237030267715454,0.1120885818651116,2_1_2_2,13.5566024,0.988948534,2.466286287,1.519676309,Si1,PU,combo_001,3,405.7873114,547.7456011,-0.037922975,0.031327675,1216.629005,217.000001,92.5,,,20.60164749781254,2.4390302079529533,404.9260121887553
1,1,1,False,0.582471489906311,0.41752851009368896,True,0.08247148990631104,0.1014276765101223,2_1_2_1,13.74830467,1.001804977,2.369301122,1.026962517,Si1,PU,combo_001,4,405.2674666,523.1240515,-0.032452078,0.032452078,1229.26822,208.000001,93.5,,,14.118993568386054,2.373577656031284,405.23934800539615
1,1,1,False,0.7322410345077515,0.26775896549224854,False,0.23224103450775146,0.15213374234417804,0_1_1_3,8.268105557,1.246524879,1.937945696,2.381885019,Si1,Si1,combo_002,5,326.6346181,852.8437483,0.000592658,0.040103208,806.0019386,169.000001,73.3,,,19.69367676172895,2.415697524214971,326.1554529963583
0,0,0,False,0.07217007130384445,0.9278299286961555,False,0.42782992869615555,0.07833603360879897,1_2_0_0,11.0866684,1.577189286,1.335943319,0.708844733,Si1,PU,combo_001,6,342.8530467,278.9455385,-0.000268017,0.055355725,947.6333682,193.8,87.5,,,7.858726501857537,2.1070354894300807,343.27944842777424
1,1,1,False,0.5646296143531799,0.43537038564682007,True,0.06462961435317993,0.13360424724766254,0_1_1_3,8.25461398,1.332088622,1.589094113,2.181028636,Si1,PU,combo_001,7,325.7565774,538.6792303,0.002169368,0.042795709,805.6328373,145.000001,72.8,,,18.003549469505934,2.1168141872144823,323.4033468019561
1,1,1,False,0.5333894491195679,0.46661055088043213,True,0.03338944911956787,0.05152603014251455,3_1_2_0,14.23314983,1.007623431,2.19830984,0.753267796,Si1,PU,combo_001,8,408.6051943,558.8258497,0.000346679,0.035707911,1276.286553,188.000001,93.8,,,10.721373402581875,2.215068503381861,409.50323828822314
0,0,0,False,0.19857372343540192,0.8014262765645981,False,0.3014262765645981,0.087241477019764,0_2_0_0,9.744257716,1.62249221,1.156329232,0.617098996,Si1,PU,combo_001,9,320.4567999,283.7133084,0.002110109,0.055415867,835.472317,168.1,73.2,,,6.013171653308853,1.876135171115283,320.8036025899457
0,0,0,False,0.1969425529241562,0.8030574470758438,False,0.3030574470758438,0.12434533265881262,0_2_0_1,9.962319947,1.480429834,1.492448936,1.044297835,Si1,PU,combo_001,10,335.5468833,284.4784564,-0.000719724,0.05533942,896.0495845,182.1,81.7,,,10.403629152229415,2.2094659305759565,334.3458868712611
1,1,1,False,0.8207911252975464,0.1792088747024536,False,0.3207911252975464,0.11608968840424563,3_0_2_1,14.66762934,0.98113128,2.248799582,1.335221493,Si1,PU,combo_001,11,418.9365375,656.2312118,-0.00464803,0.030390964,1313.166345,209.000001,95.4,,,19.584533946125404,2.206367612351125,418.70935440382067
0,0,0,False,0.3546675741672516,0.6453324258327484,False,0.1453324258327484,0.12209639239190251,0_2_0_0,9.511881013,1.512343463,1.362870891,0.527751454,Si1,Si1,combo_002,12,322.1636686,284.0944279,-0.001600529,0.055416287,844.7702513,180.0,81.3,,,5.019909034885743,2.0611288829168357,320.45527686642026
0,0,1,True,0.9356347322463989,0.06436526775360107,False,0.4356347322463989,0.08948677007088017,3_1_0_2,15.98158308,1.187326118,1.207313101,1.962283103,Si1,PU,combo_001,13,430.888746,281.752425,-0.00039039,0.055077265,1348.501327,231.6,95.7,,,31.3603904370747,1.433474377420872,433.6629320427865
0,0,0,False,0.09763315320014954,0.9023668467998505,False,0.40236684679985046,0.10854704009289173,2_0_2_3,13.94250716,0.961701172,2.241094065,2.456377205,Si1,Si1,combo_002,14,408.4998075,284.0261224,-0.000339413,0.055242433,1208.536545,230.7,94.9,,,34.24805676837329,2.1552627888727445,408.69025410358347
1,1,1,False,0.741485059261322,0.258514940738678,False,0.24148505926132202,0.10512209938561412,1_1_0_3,11.98138737,1.07031997,1.531637045,2.487444336,Si1,Si1,combo_002,15,387.3913744,870.1364,-0.01539039,0.04442886,1111.268,214.0,87.4,,,29.803034150928436,1.6393417160552886,386.7594641041346
0,0,0,False,0.28583747148513794,0.7141625285148621,False,0.21416252851486206,0.07105603450091857,0_0_3_3,9.973421096,0.944506627,2.928297126,2.478759423,Si1,Si1,combo_002,16,354.9811372,284.9215153,0.00216167,0.055371333,930.7750284,190.6,79.4,,,24.721711521256985,2.7657960413320537,354.62920872242825
0,0,0,False,0.25802117586135864,0.7419788241386414,False,0.24197882413864136,0.056807539615361904,0_1_3_3,9.849331779,1.043002734,2.560076803,2.491291927,Si1,Si1,combo_002,17,351.3845548,315.0704531,-0.000237083,0.046231234,920.8615755,183.6,78.7,,,24.537560747367245,2.6701671047789794,351.8081399467885
0,0,0,False,0.26499876379966736,0.7350012362003326,False,0.23500123620033264,0.05033156231766361,1_2_0_1,11.178827,1.549786974,1.114944267,1.217671014,Si1,PU,combo_001,18,353.0944028,282.8830769,0.000270321,0.055322717,943.523056,184.6,78.9,,,13.612133608420578,1.7279261017325782,350.53028198488136
1,1,1,False,0.5149990320205688,0.48500096797943115,True,0.014999032020568848,0.05016553278084961,3_1_2_3,14.12974066,1.066220666,2.104525158,2.194927523,Si1,PU,combo_001,19,414.1818127,608.8895512,-0.011355086,0.029247948,1266.611,206.000001,93.8,,,31.013756667486184,2.243888215576515,412.616404600683
1,1,1,False,0.9995400309562683,0.00045996904373168945,False,0.4995400309562683,0.12529666370359052,0_0_0_3,8.012492482,0.507165801,1.258800718,2.126281011,Si1,PU,combo_001,20,363.5910252,576.2690931,-0.000191162,0.050275672,913.8094743,92.000001,70.5,,,17.03681061525686,0.6384206744438451,356.4185698205943
1,1,1,False,0.9970020055770874,0.0029979944229125977,False,0.4970020055770874,0.17054728711091177,3_1_0_1,14.01649629,1.07770962,1.153703225,1.463003868,Si1,PU,combo_001,21,415.7948189,819.9859233,0.016039338,0.037880138,1222.519989,153.000001,87.8,,,20.50618828807765,1.2433570642075247,416.26686675234
0,0,0,False,0.4671935439109802,0.5328064560890198,True,0.032806456089019775,0.0,1_1_3_1,10.7259286,1.053354999,2.838396469,1.233265381,Si1,PU,combo_001,1,360.2338732,284.8967852,0.002330984,0.055203815,991.777179,193.2,82.3,Itr_7,,13.227916421457797,2.9898391097650987,359.8816773555907
0,0,0,False,0.2470628023147583,0.7529371976852417,False,0.2529371976852417,0.0,1_1_2_0,10.58497393,1.203193646,2.303839371,0.928335897,Si1,PU,combo_001,2,351.8519299,320.8520094,0.002299268,0.055341219,964.4070009,186.0,82.3,,,9.826411268028165,2.7719648925918365,352.14995286887876
0,0,0,False,0.05158156156539917,0.9484184384346008,False,0.44841843843460083,0.0,0_1_2_0,8.915445738,1.416715016,2.439425496,0.814823221,Si1,PU,combo_001,3,318.9446982,283.4693717,0.000213736,0.055321976,825.8973772,176.8,75.0,,,7.264512212887883,3.455970730596448,318.85272547947886
1,1,0,True,0.20417675375938416,0.7958232462406158,False,0.29582324624061584,0.0,1_1_2_1,10.47135777,1.172157031,2.41710613,1.343814337,Si1,PU,combo_001,4,353.8265793,612.6093,0.000757902,0.02652657,967.0293795,181.0,81.8,,,14.071560699182347,2.8332279449527,354.452323869524
0,0,0,False,0.017610635608434677,0.9823893643915653,False,0.4823893643915653,0.0,0_1_3_0,8.779365057,1.408685599,2.627502445,0.902708195,Si1,PU,combo_001,5,317.7100288,282.4770477,0.000210334,0.055303787,819.8983228,177.0,74.5,,,7.925204783850542,3.7013248556087897,317.8464651502513
0,0,0,False,0.0375685952603817,0.9624314047396183,False,0.4624314047396183,0.0,0_1_3_0,8.505471178,1.428222781,2.621745598,0.769417225,Si1,PU,combo_001,6,312.428644,282.6727073,0.000203487,0.055424198,801.2501676,173.4,73.8,,,6.544256031094242,3.7444367890500683,312.61513044264314
0,0,0,False,0.07521672546863556,0.9247832745313644,False,0.42478327453136444,0.0,0_1_2_1,8.515256571,1.434159964,2.27258893,1.072107471,Si1,PU,combo_001,7,316.0028412,283.0586195,0.000203732,0.055457484,798.4599287,171.9,73.8,,,9.129270187250942,3.2592560580355983,316.65487271088045
1,1,0,True,0.1601637899875641,0.8398362100124359,False,0.3398362100124359,0.0,0_1_1_2,8.878318252,1.329234301,1.792260656,1.599449391,Si1,Si1,combo_002,8,327.2003173,588.7012144,0.000212808,0.041923176,835.5482686,174.000001,75.5,,,14.200420721265585,2.3823343402879615,327.17058997355036
0,0,1,True,0.5524870157241821,0.44751298427581787,True,0.05248701572418213,0.0,3_0_3_3,15.02318617,0.980430757,2.595102463,2.363776672,Si1,PU,combo_001,9,423.6334708,283.8761508,0.00036643,0.055232231,1313.006201,247.8,98.4,,,35.51145700775903,2.5443182722916546,423.53256920919614
1,1,1,False,0.7662581205368042,0.2337418794631958,False,0.2662581205368042,0.0,3_1_2_3,15.26823416,1.037588939,2.08035474,2.132568155,Si1,PU,combo_001,10,425.3453274,823.0395492,0.005588336,0.02719657,1357.275412,226.000001,98.3,,,32.560549952699176,2.158553067420221,426.16235719562377
1,1,1,False,0.7573143243789673,0.24268567562103271,False,0.2573143243789673,0.0,2_1_0_1,13.55547571,1.222507141,1.225656791,1.180724894,Si1,Si1,combo_002,11,397.18294,819.1930564,0.047811865,0.035941333,1146.234909,204.000001,87.9,,,16.005287620809323,1.4983741794126444,397.3621162018714
0,0,1,True,0.6577835083007812,0.34221649169921875,False,0.15778350830078125,0.0,2_1_0_2,13.32329935,1.121678322,1.504883555,1.589377483,Si1,Si1,combo_002,12,398.2473763,284.6857766,-0.000323932,0.05528426,1204.491747,216.2,92.8,,,21.175751986158534,1.6879952607777946,398.8409800665681
0,0,0,False,0.08033881336450577,0.9196611866354942,False,0.41966118663549423,0.0,3_0_1_0,15.96007833,0.943168992,1.678329184,0.512505813,Si1,Si1,combo_002,13,426.5300513,281.0729357,-0.000389852,0.05503964,1402.0402,234.1,102.3,,,8.179632920060332,1.5829480447174626,429.4191353828989
1,1,1,False,0.5659724473953247,0.4340275526046753,True,0.06597244739532471,0.0,2_0_3_2,13.97991519,0.960052693,2.875245206,1.842322884,Si1,PU,combo_001,14,410.1406866,829.2875357,-0.035055844,0.029610276,1226.467227,218.000001,94.3,,,25.75551767091621,2.76038690305564,409.5494545751751
0,0,0,False,0.2899908125400543,0.7100091874599457,False,0.21000918745994568,0.0,1_0_3_3,11.92889038,0.795902742,2.825672635,2.335557432,Si1,Si1,combo_002,15,384.979147,282.7719893,0.000289072,0.055211864,1071.837244,209.1,84.9,,,27.860608582522303,2.248960598190865,385.5132148969883
0,0,0,False,0.1156783476471901,0.8843216523528099,False,0.3843216523528099,0.0,0_1_2_3,9.984331748,1.216312983,2.517324343,2.300818584,Si1,PU,combo_001,16,351.0946793,284.0806876,-0.001683208,0.055402699,927.4231178,189.9,80.2,,,22.972136034619606,3.061854280812845,350.47546953897233
0,0,0,False,0.41832002997398376,0.5816799700260162,True,0.08167997002601624,0.0,3_1_1_3,15.15484558,1.133281752,1.77851066,2.203942285,Si1,PU,combo_001,17,423.0338207,283.4984613,0.000369721,0.055109373,1362.220423,244.9,100.7,,,33.40040499640735,2.0155536767154763,422.8680135408806
0,0,0,False,0.21133072674274445,0.7886692732572556,False,0.28866927325725555,0.0,1_1_2_3,11.9143147,1.045291255,2.255878155,2.329520884,Si1,PU,combo_001,18,384.0811568,323.5714485,-0.000288708,0.055177248,1106.768385,202.0,85.7,,,27.754644912198195,2.3580497077670346,385.81050546165443
1,1,1,False,0.9999071359634399,9.28640365600586e-05,False,0.49990713596343994,0.0,0_0_0_3,8.453771432,0.519461751,1.130929037,2.458920092,Si1,Si1,combo_002,19,409.7895666,544.7070597,0.000202194,0.007885576,953.2726376,76.000001,63.2,,,20.78714842732041,0.5874743778167638,361.80021080772667
0,0,0,False,0.00033305794931948185,0.9996669420506805,False,0.4996669420506805,0.0,2_3_1_0,12.25382311,2.128086768,2.012521472,0.536322795,Si1,PU,combo_001,20,325.3279815,259.47661,0.001485978,0.055389188,918.4418189,215.3,89.8,,,6.572004659790793,4.282820314879083,327.07811517957344
0,0,0,False,0.4536113142967224,0.5463886857032776,True,0.04638868570327759,0.0,1_1_3_1,10.7259286,1.053354999,2.838396469,1.233265381,Si1,PU,combo_001,1,360.2338732,284.8967852,0.002330984,0.055203815,991.777179,193.2,82.3,Itr_8,,13.227916421457797,2.9898391097650987,360.3289221637235
0,0,0,False,0.26332059502601624,0.7366794049739838,False,0.23667940497398376,0.0,1_1_2_0,10.58497393,1.203193646,2.303839371,0.928335897,Si1,PU,combo_001,2,351.8519299,320.8520094,0.002299268,0.055341219,964.4070009,186.0,82.3,,,9.826411268028165,2.7719648925918365,352.20893847925333
0,0,0,False,0.05158156156539917,0.9484184384346008,False,0.44841843843460083,0.0,0_1_2_0,8.915445738,1.416715016,2.439425496,0.814823221,Si1,PU,combo_001,3,318.9446982,283.4693717,0.000213736,0.055321976,825.8973772,176.8,75.0,,,7.264512212887883,3.455970730596448,318.85272547947886
1,1,0,True,0.20417675375938416,0.7958232462406158,False,0.29582324624061584,0.0,1_1_2_1,10.47135777,1.172157031,2.41710613,1.343814337,Si1,PU,combo_001,4,353.8265793,612.6093,0.000757902,0.02652657,967.0293795,181.0,81.8,,,14.071560699182347,2.8332279449527,354.452323869524
0,0,0,False,0.037035174667835236,0.9629648253321648,False,0.46296482533216476,0.0,0_1_3_0,8.779365057,1.408685599,2.627502445,0.902708195,Si1,PU,combo_001,5,317.7100288,282.4770477,0.000210334,0.055303787,819.8983228,177.0,74.5,,,7.925204783850542,3.7013248556087897,317.4737843288024
0,0,0,False,0.01713765412569046,0.9828623458743095,False,0.48286234587430954,0.0,0_1_3_0,8.505471178,1.428222781,2.621745598,0.769417225,Si1,PU,combo_001,6,312.428644,282.6727073,0.000203487,0.055424198,801.2501676,173.4,73.8,,,6.544256031094242,3.7444367890500683,312.808180320214
0,0,0,False,0.03352830559015274,0.9664716944098473,False,0.46647169440984726,0.0,0_1_2_1,8.515256571,1.434159964,2.27258893,1.072107471,Si1,PU,combo_001,7,316.0028412,283.0586195,0.000203732,0.055457484,798.4599287,171.9,73.8,,,9.129270187250942,3.2592560580355983,316.4565351391842
1,1,0,True,0.1601637899875641,0.8398362100124359,False,0.3398362100124359,0.0,0_1_1_2,8.878318252,1.329234301,1.792260656,1.599449391,Si1,Si1,combo_002,8,327.2003173,588.7012144,0.000212808,0.041923176,835.5482686,174.000001,75.5,,,14.200420721265585,2.3823343402879615,327.17058997355036
0,0,1,True,0.5696818232536316,0.4303181767463684,True,0.06968182325363159,0.0,3_0_3_3,15.02318617,0.980430757,2.595102463,2.363776672,Si1,PU,combo_001,9,423.6334708,283.8761508,0.00036643,0.055232231,1313.006201,247.8,98.4,,,35.51145700775903,2.5443182722916546,422.0548271917167
1,1,1,False,0.7838661074638367,0.21613389253616333,False,0.28386610746383667,0.0,3_1_2_3,15.26823416,1.037588939,2.08035474,2.132568155,Si1,PU,combo_001,10,425.3453274,823.0395492,0.005588336,0.02719657,1357.275412,226.000001,98.3,,,32.560549952699176,2.158553067420221,425.6503172669882
1,1,1,False,0.8203366994857788,0.1796633005142212,False,0.3203366994857788,0.0,2_1_0_1,13.55547571,1.222507141,1.225656791,1.180724894,Si1,Si1,combo_002,11,397.18294,819.1930564,0.047811865,0.035941333,1146.234909,204.000001,87.9,,,16.005287620809323,1.4983741794126444,397.3288792640319
0,0,1,True,0.5363234281539917,0.4636765718460083,True,0.0363234281539917,0.0,2_1_0_2,13.32329935,1.121678322,1.504883555,1.589377483,Si1,Si1,combo_002,12,398.2473763,284.6857766,-0.000323932,0.05528426,1204.491747,216.2,92.8,,,21.175751986158534,1.6879952607777946,398.8596466907297
0,0,0,False,0.08033881336450577,0.9196611866354942,False,0.41966118663549423,0.0,3_0_1_0,15.96007833,0.943168992,1.678329184,0.512505813,Si1,Si1,combo_002,13,426.5300513,281.0729357,-0.000389852,0.05503964,1402.0402,234.1,102.3,,,8.179632920060332,1.5829480447174626,429.4191353828989
1,1,0,True,0.3500826954841614,0.6499173045158386,False,0.14991730451583862,0.0,2_0_3_2,13.97991519,0.960052693,2.875245206,1.842322884,Si1,PU,combo_001,14,410.1406866,829.2875357,-0.035055844,0.029610276,1226.467227,218.000001,94.3,,,25.75551767091621,2.76038690305564,409.7759110294764
0,0,0,False,0.38327986001968384,0.6167201399803162,False,0.11672013998031616,0.0,1_0_3_3,11.92889038,0.795902742,2.825672635,2.335557432,Si1,Si1,combo_002,15,384.979147,282.7719893,0.000289072,0.055211864,1071.837244,209.1,84.9,,,27.860608582522303,2.248960598190865,385.37414185159787
0,0,0,False,0.08921416103839874,0.9107858389616013,False,0.41078583896160126,0.0,0_1_2_3,9.984331748,1.216312983,2.517324343,2.300818584,Si1,PU,combo_001,16,351.0946793,284.0806876,-0.001683208,0.055402699,927.4231178,189.9,80.2,,,22.972136034619606,3.061854280812845,350.82176259673076
0,0,0,False,0.41832002997398376,0.5816799700260162,True,0.08167997002601624,0.0,3_1_1_3,15.15484558,1.133281752,1.77851066,2.203942285,Si1,PU,combo_001,17,423.0338207,283.4984613,0.000369721,0.055109373,1362.220423,244.9,100.7,,,33.40040499640735,2.0155536767154763,422.8680135408806
0,0,0,False,0.3990163207054138,0.6009836792945862,False,0.10098367929458618,0.0,1_1_2_3,11.9143147,1.045291255,2.255878155,2.329520884,Si1,PU,combo_001,18,384.0811568,323.5714485,-0.000288708,0.055177248,1106.768385,202.0,85.7,,,27.754644912198195,2.3580497077670346,385.76285118571417
1,1,1,False,0.9993129968643188,0.0006870031356811523,False,0.49931299686431885,0.0,0_0_0_3,8.453771432,0.519461751,1.130929037,2.458920092,Si1,Si1,combo_002,19,409.7895666,544.7070597,0.000202194,0.007885576,953.2726376,76.000001,63.2,,,20.78714842732041,0.5874743778167638,362.1788203520958
0,0,0,False,0.00033305794931948185,0.9996669420506805,False,0.4996669420506805,0.0,2_3_1_0,12.25382311,2.128086768,2.012521472,0.536322795,Si1,PU,combo_001,20,325.3279815,259.47661,0.001485978,0.055389188,918.4418189,215.3,89.8,,,6.572004659790793,4.282820314879083,327.07811517957344
1,1,1,False,0.8239008784294128,0.17609912157058716,False,0.32390087842941284,0.10279607832788781,2_0_3_3,13.90552133,0.685101367,2.992163054,2.420413309,Si1,Si1,combo_002,1,414.1651556,583.205975,-0.015908936,0.031479384,1215.393586,206.000001,92.9,Itr_9,,33.65710889571538,2.049934998582295,413.715220770328
1,1,1,False,0.9368416666984558,0.06315833330154419,False,0.4368416666984558,0.11591705714024182,3_0_2_3,15.688585,0.729993555,2.501334394,2.479323164,Si1,Si1,combo_002,2,431.9904517,543.075099,-0.001149194,0.040987928,1369.333208,209.000001,100.4,,,38.897072200882945,1.8259579865198308,434.30539791103183
1,1,1,False,0.8475164175033569,0.15248358249664307,False,0.34751641750335693,0.10854704009289173,2_0_2_3,13.5180657,0.796955937,2.31188723,2.400018193,Si1,Si1,combo_002,3,411.9063202,793.0054859,0.027948149,0.03189377,1210.06074,197.000001,92.3,,,32.443603614169284,1.8424722536229845,410.9243355597081
1,1,1,False,0.996423065662384,0.003576934337615967,False,0.49642306566238403,0.11591705714024182,3_0_2_3,15.24591033,0.757891799,2.309830938,2.470068334,Si1,Si1,combo_002,4,430.9174224,596.1069445,0.000371998,0.039803759,1346.30673,200.000001,99.0,,,37.65844032913649,1.7506019249866778,431.7906897899187
0,0,1,True,0.7624813914299011,0.23751860857009888,False,0.2624813914299011,0.14158992124608782,1_1_1_3,11.42344303,1.122037269,1.716698297,2.179040196,Si1,Si1,combo_002,5,373.648415,283.6089072,0.002487925,0.055393608,1036.290819,204.1,85.6,,,24.892141539086033,1.9261994688628308,374.59972725333955
0,0,1,True,0.733995795249939,0.26600420475006104,False,0.23399579524993896,0.07864620004222057,0_1_3_0,8.14737947,1.285340297,2.657002323,0.63365998,Si1,Si1,combo_002,6,308.9991915,317.2983068,-0.000194535,0.041435849,787.0897567,162.2,72.7,,,5.162668312012611,3.41515215497451,311.3206267748066
0,0,1,True,0.6186304092407227,0.38136959075927734,False,0.11863040924072266,0.12339411626084448,1_0_3_2,11.83832745,0.793660321,2.823147853,1.864174514,Si1,Si1,combo_002,7,383.0124727,320.8138882,0.002581274,0.055283585,1070.501301,203.5,86.3,,,22.068708320676606,2.2406204312424407,382.9056130506138
1,1,1,False,0.7180727124214172,0.28192728757858276,False,0.21807271242141724,0.0794202918851327,1_0_3_3,11.48252029,0.773429381,2.737863351,2.396622402,Si1,Si1,combo_002,8,381.5385641,802.2479,-0.009726955,0.04418817,1049.281772,202.0,83.5,,,27.51926535843354,2.1175439568265157,382.2133352388961
1,1,1,False,0.8736621737480164,0.12633782625198364,False,0.37366217374801636,0.10278226577847685,0_1_3_0,8.330999402,1.179255136,2.802706066,0.56036355,Si1,PU,combo_001,9,321.7165742,810.5004117,-0.000199125,0.045997875,822.7412954,143.000001,72.9,,,4.6683883999525975,3.305105523028855,321.5525885163044
1,1,1,False,0.7991882562637329,0.2008117437362671,False,0.2991882562637329,0.1052363924027173,0_1_3_1,8.359498502,1.198093712,2.744740288,1.076267858,Si1,PU,combo_001,10,324.6322171,543.7046132,0.000599513,0.040966688,824.3250589,147.000001,73.0,,,8.997059546701749,3.288456080125869,324.9729391818656
1,1,1,False,0.9164864420890808,0.08351355791091919,False,0.4164864420890808,0.1445471632421059,0_1_3_3,9.021305031,1.056164476,2.990898919,2.066501013,Si1,PU,combo_001,11,347.1987255,898.6242678,-0.000216383,0.036135919,890.234737,161.000001,74.8,,,18.642535985143496,3.1588811895546014,343.5883165929638
1,1,1,False,0.9788114428520203,0.021188557147979736,False,0.47881144285202026,0.14466649625148692,0_1_3_0,9.281090096,1.105456055,2.87261737,0.688561222,Si1,PU,combo_001,12,337.1575381,872.4647098,0.000222877,0.047472854,894.222553,149.000001,75.6,,,6.390598737993858,3.1755522653646757,334.84986875932253
1,1,1,False,0.9316940307617188,0.06830596923828125,False,0.43169403076171875,0.11962337527272708,3_0_0_3,15.97979604,0.945680067,1.447662205,2.482315568,Si1,Si1,combo_002,13,442.4125678,865.4572532,0.000390345,0.036302085,1461.561336,214.000001,105.5,,,39.666896483556755,1.3690252910177678,443.7561321971891
1,1,1,False,0.6125008463859558,0.3874991536140442,False,0.11250084638595581,0.16118923729533083,2_0_3_2,13.9608088,0.786303707,2.527042609,1.934800543,Si1,Si1,combo_002,14,413.5130954,819.5131618,0.006457535,0.02752949,1225.80827,201.000001,94.0,,,27.01138044695918,1.9870229712036516,413.01267621963285
0,0,0,False,0.4811871647834778,0.5188128352165222,True,0.018812835216522217,0.12705886749367354,1_0_2_2,11.94995076,0.876822438,2.40858508,1.986593679,Si1,Si1,combo_002,15,385.3255638,284.9460518,-0.001447994,0.055261884,1083.552011,208.5,85.7,,,23.739696644177247,2.111901441976025,385.2118216593374
1,1,1,False,0.662004828453064,0.33799517154693604,False,0.16200482845306396,0.07105603450091857,0_1_3_3,9.886665828,1.004740639,2.965256869,2.357996429,Si1,PU,combo_001,16,358.1539767,918.6529335,-0.00071405,0.041176898,946.254326,182.000001,78.8,,,23.31272271714033,2.9793140813581993,357.43496070281503
1,1,1,False,0.8593254089355469,0.14067459106445312,False,0.3593254089355469,0.05016553278084961,3_1_2_3,14.25093432,1.018294264,2.117874521,2.113355891,Si1,PU,combo_001,17,416.8106536,568.119838,0.000347123,0.031588216,1284.032902,202.000001,94.1,,,30.11729599742608,2.1566194766060476,416.1730225937699
1,1,1,False,0.9178298711776733,0.08217012882232666,False,0.41782987117767334,0.050334995756575504,1_0_3_0,11.60859702,0.867362898,2.868887149,0.758205449,Si1,PU,combo_001,18,378.0423643,609.9698843,0.033446726,0.036819505,1088.622502,166.000001,84.1,,,8.801701515809162,2.4883662715915977,377.92237620392336
1,1,1,False,0.7211517095565796,0.2788482904434204,False,0.2211517095565796,0.19244581640008002,3_0_3_3,15.49091174,0.728131852,2.863552113,2.461431407,Si1,Si1,combo_002,19,426.523267,824.0736846,-0.000378123,0.03440917,1327.044816,220.000001,97.8,,,38.12981667990102,2.0850435033372032,427.53514401936343
0,0,0,False,0.00457160547375679,0.9954283945262432,False,0.4954283945262432,0.19734417726975148,3_2_0_2,14.03440127,1.59649394,1.119347042,1.837730768,Si1,PU,combo_001,20,389.3093083,280.4804765,-0.00034171,0.05542851,1124.049189,215.2,90.2,,,25.791451024337274,1.7870307693099254,392.17091132839363
1,1,1,False,0.7670823931694031,0.23291760683059692,False,0.2670823931694031,0.1487357414858902,3_0_1_1,15.67999267,0.937653639,1.657333916,1.183529757,Si1,Si1,combo_002,1,430.0933652,822.9891215,0.00038285,0.037136426,1400.590012,206.000001,101.0,Itr_10,,18.557737914486882,1.5540051773755204,431.6948864078977
1,1,1,False,0.8047329783439636,0.19526702165603638,False,0.3047329783439636,0.11365590238151603,3_1_0_1,15.75058789,1.070476334,1.216731821,1.246789464,Si1,Si1,combo_002,2,428.9197334,561.4840348,-0.000384615,0.034999942,1335.114555,204.000001,95.6,,,19.63766703305799,1.3024826192052243,429.6954933331083
1,1,1,False,0.8072279691696167,0.1927720308303833,False,0.3072279691696167,0.08023336775955686,3_0_0_0,15.69808892,0.956859107,1.463647538,0.967815248,Si1,Si1,combo_002,3,429.6461556,609.9365556,-0.004982929,0.032580691,1410.949459,227.000001,102.2,,,15.192849821235852,1.4005044761734287,432.4052069911555
0,0,0,False,0.26328879594802856,0.7367112040519714,False,0.23671120405197144,0.16902158000716616,0_1_3_2,8.231838573,1.289879363,2.806872604,1.807047922,Si1,PU,combo_001,4,323.6591833,283.9574447,0.00098323,0.05528044,806.8214266,171.7,72.8,,,14.875326787579093,3.6205270464696713,322.39157330901713
0,0,0,False,0.20218424499034882,0.7978157550096512,False,0.2978157550096512,0.03593724297678286,2_1_0_3,13.87229154,1.214764033,1.286390109,2.46179462,Si1,Si1,combo_002,5,405.3079183,284.9465514,-0.000337657,0.055100237,1167.253074,218.4,88.7,,,34.150732680243514,1.5626604368201498,407.88054110697203
0,0,0,False,0.3588469922542572,0.6411530077457428,False,0.1411530077457428,0.13360424724766254,0_1_1_3,8.074779188,1.39719844,1.829565761,2.148379032,Si1,Si1,combo_002,6,315.7052149,281.9770691,0.001349037,0.055308889,771.6280671,167.5,73.2,,,17.347686295529186,2.5562664271466127,315.56187035434107
0,0,0,False,0.27044302225112915,0.7295569777488708,False,0.22955697774887085,0.08294031946551174,2_1_0_3,13.48195512,1.276141152,1.424790501,2.367347765,Si1,PU,combo_001,7,400.1522614,280.2752474,-0.000327899,0.055293516,1166.500272,223.8,95.9,,,31.916476321162307,1.818233791304797,399.1673679952039
0,0,0,False,0.26104944944381714,0.7389505505561829,False,0.23895055055618286,0.16315577419942176,2_1_1_3,12.90639382,1.188910861,1.686618074,2.320380507,Si1,PU,combo_001,8,394.7380151,281.6848715,0.001567549,0.055338867,1138.639398,215.9,92.1,,,29.947744635593263,2.0052385465375018,395.2343530026206
0,0,0,False,0.22727303206920624,0.7727269679307938,False,0.27272696793079376,0.15566694852578827,0_1_3_3,8.152773061,1.345124634,2.538888792,2.42792588,Si1,PU,combo_001,9,321.8700514,283.5272966,0.000194669,0.055393034,792.1545982,169.0,72.7,,,19.794328708568717,3.415121857105702,324.02602401797634
0,0,0,False,0.14701548218727112,0.8529845178127289,False,0.3529845178127289,0.05923249786019551,0_1_2_2,8.28058374,1.387159634,2.051627803,1.676956325,Si1,PU,combo_001,10,320.7914277,284.363408,0.000989323,0.05545103,793.6530979,167.4,73.1,,,13.886177277485157,2.8459352723137044,320.25285280608296
0,0,0,False,0.04773100093007088,0.9522689990699291,False,0.4522689990699291,0.05923249786019551,0_1_2_2,8.273810685,1.393333009,2.078084523,1.79192328,Si1,PU,combo_001,11,319.805878,284.5171234,0.000197695,0.055427335,794.7912319,166.7,73.2,,,14.82603398076425,2.8954637613879193,320.1978978558286
0,0,0,False,0.47002267837524414,0.5299773216247559,True,0.02997732162475586,0.15893503075892632,1_1_1_0,11.39756566,1.166022417,1.95770133,0.850947989,Si1,Si1,combo_002,12,359.7516157,281.9476407,0.001378946,0.055328925,1013.06657,197.7,84.7,,,9.698735577872458,2.2827236365707146,361.3436018045087
1,1,1,False,0.7349226474761963,0.2650773525238037,False,0.2349226474761963,0.2140972229093999,1_1_0_3,10.77082494,1.37234616,1.144052121,2.367621303,Si1,Si1,combo_002,13,360.1693122,609.9637639,0.007023254,0.035636509,943.553288,168.000001,77.6,,,25.5012345788277,1.5700355350942055,358.03120177614505
1,1,1,False,0.6759339570999146,0.32406604290008545,False,0.17593395709991455,0.05080734413139104,1_1_0_2,10.04148199,1.369281136,1.258598749,1.776769863,Si1,Si1,combo_002,14,349.9252871,944.8817682,0.002176983,0.041362677,899.9412166,155.000001,75.0,,,17.841402579689266,1.7233755247988987,344.61629227777746
1,1,1,False,0.5733434557914734,0.4266565442085266,True,0.07334345579147339,0.08948677007088017,3_1_0_3,15.89970239,1.158606806,1.111766748,2.106061922,Si1,Si1,combo_002,15,431.6688941,512.586024,0.000388343,0.039222593,1342.730597,200.000001,96.9,,,33.48575777471139,1.2881005209172869,434.6364737574787
1,1,0,True,0.42383772134780884,0.5761622786521912,True,0.07616227865219116,0.1512080212682009,2_0_3_0,13.97016477,0.764310965,2.733515211,0.511239398,Si1,Si1,combo_002,16,406.2093227,618.7010446,-0.000340104,0.035030712,1217.200468,186.000001,93.9,,,7.142098626975608,2.0892556487615885,405.5311641768722
0,0,0,False,0.19391851127147675,0.8060814887285233,False,0.30608148872852325,0.07929829061167033,1_0_3_3,11.96020534,0.939341799,2.689605564,2.476563345,Si1,PU,combo_001,17,391.568677,284.1658284,0.000289855,0.055286237,1123.468866,206.9,85.2,,,29.620206143717265,2.5264589290881694,388.4897890518553
1,1,1,False,0.5857018232345581,0.4142981767654419,True,0.0857018232345581,0.11605812140345516,0_1_2_3,9.955859939,1.084224751,2.175030919,2.219044836,Si1,Si1,combo_002,18,352.400788,558.2965365,-0.007432142,0.031886285,934.6432042,171.000001,79.9,,,22.092499585577226,2.358222356570076,353.5902487038395
0,0,0,False,0.19999440014362335,0.8000055998563766,False,0.30000559985637665,0.05084674711568333,1_1_3_0,11.66815384,1.052190079,2.862408185,0.795309338,Si1,PU,combo_001,19,368.5306241,283.6467899,0.002542985,0.055440277,1052.784555,195.1,85.0,,,9.279791706172558,3.0117974943053967,369.676118862142
1,1,1,False,0.9202698469161987,0.07973015308380127,False,0.42026984691619873,0.05152603014251455,3_0_2_0,14.18114692,0.963994047,2.117855449,0.716186983,Si1,PU,combo_001,20,411.674956,552.2530637,-0.001036136,0.041790829,1287.058869,172.000001,93.5,,,10.156352828114542,2.0416000452425123,412.64468271501255
1,1,1,False,0.9809754490852356,0.019024550914764404,False,0.4809754490852356,0.20972510152262963,3_1_0_0,15.15739011,1.064115728,1.128284431,0.549478437,Si1,PU,combo_001,21,422.863116,706.8851344,-0.000369785,0.03660869,1301.742068,171.000001,92.2,,,8.328659026642057,1.2006252086846307,425.47617063141377
0,0,0,False,0.025287538766860962,0.974712461233139,False,0.47471246123313904,0.1508391472705072,2_1_1_2,12.80138498,1.383211893,1.639368801,1.7687046,Si1,Si1,combo_002,22,379.6409078,276.5945251,0.001554423,0.055418732,1094.927291,221.6,91.5,,,22.64186850049691,2.2675944225563502,376.9611172616396
1,1,0,True,0.3505533039569855,0.6494466960430145,False,0.14944669604301453,0.11962337527272708,3_1_1_3,15.94553706,1.026733187,1.626768593,2.359631676,Si1,Si1,combo_002,1,431.9025871,620.4693228,0.000389489,0.0338855,1397.66176,235.000001,102.7,Itr_11,,37.62559433760791,1.6702573020023959,434.38460187575924
0,0,0,False,0.19422657787799835,0.8057734221220016,False,0.30577342212200165,0.18109873888979833,3_0_2_0,15.79042276,0.834026829,2.305755691,0.787085383,Si1,Si1,combo_002,2,425.584634,282.1163819,0.000385611,0.055128346,1357.342099,237.2,101.7,,,12.428410945786517,1.9230621074134338,425.6061589761096
1,1,1,False,0.559385359287262,0.44061464071273804,True,0.05938535928726196,0.1649640760337748,3_1_0_2,15.22524812,1.128244768,1.563781922,1.552518755,Si1,PU,combo_001,3,423.090562,558.3072687,-0.004086294,0.023403319,1292.402533,241.000001,101.8,,,23.63748325582849,1.7643287717894842,423.73808809448
1,1,1,False,0.6263768076896667,0.37362319231033325,False,0.12637680768966675,0.226094979922915,2_0_1_1,13.54262801,0.964625124,1.835068044,1.016829155,Si1,Si1,combo_002,4,403.5178991,614.2877536,-0.031294496,0.034588654,1214.383385,198.000001,92.0,,,13.77053899588763,1.7701527394919374,403.0752715080612
1,1,1,False,0.649281919002533,0.35071808099746704,False,0.14928191900253296,0.14624429217085674,2_1_0_0,13.83083009,1.128110339,1.45900394,0.52052151,Si1,PU,combo_001,5,401.0815783,604.2902108,-0.029959247,0.033325454,1264.60819,198.000001,94.5,,,7.199244563000236,1.6459174293557357,401.3200783816012
1,1,1,False,0.7752287983894348,0.22477120161056519,False,0.2752287983894348,0.15627479128554767,1_0_1_2,11.62179194,0.975361816,2.030638544,1.5647179,Si1,Si1,combo_002,6,377.1511954,851.5228674,-0.053746407,0.036299929,1072.606033,191.000001,85.2,,,18.184825878593724,1.9806072979154359,378.31677412707046
0,0,0,False,0.35469281673431396,0.645307183265686,False,0.14530718326568604,0.11237311786106936,1_1_0_0,11.92941023,1.418116609,1.218691284,0.84228234,Si1,Si1,combo_002,7,363.9402321,283.0388204,0.000289085,0.055213099,991.1720794,191.9,82.5,,,10.047931563344338,1.7282463510839357,363.0184533536338
0,0,1,True,0.6255569458007812,0.37444305419921875,False,0.12555694580078125,0.13285130992379787,1_1_0_0,11.46786426,1.345904786,1.393179297,0.642560496,Si1,PU,combo_001,8,359.1996312,283.3602146,0.001387733,0.055227113,1009.819232,192.4,87.2,,,7.368796546966273,1.8750866835884155,360.31781337271303
1,1,1,False,0.6053591370582581,0.39464086294174194,False,0.10535913705825806,0.09562779216233551,0_1_1_0,8.890321739,1.407347745,1.583911398,0.627211353,Si1,PU,combo_001,9,321.985039,855.475796,-0.007884996,0.042834708,824.3506129,157.000001,75.4,,,5.576110726523502,2.2291141342550973,320.1240781115652
1,1,1,False,0.53583824634552,0.46416175365448,True,0.03583824634552002,0.1714375205946829,0_1_1_0,8.619590296,1.384475076,1.880608618,0.505064553,Si1,PU,combo_001,10,317.8520879,950.4098226,-0.00804725,0.040236251,812.4019068,157.000001,74.1,,,4.3534495198923775,2.603655759331805,317.2542123982851
0,0,1,True,0.6244202852249146,0.37557971477508545,False,0.12442028522491455,0.1730352331022167,0_1_2_2,9.809012688,1.147467315,2.306825493,1.623565428,Si1,Si1,combo_002,11,344.2835273,284.9992617,0.002124677,0.055370804,907.485866,188.0,78.4,,,15.92557388305015,2.6470068546262615,344.28531302732415
1,1,0,True,0.4781618118286133,0.5218381881713867,True,0.02183818817138672,0.07864620004222057,0_1_3_0,8.011430922,1.268178127,2.745499213,0.754546084,Si1,PU,combo_001,12,314.7397529,915.604971,0.000573407,0.042623272,787.5205953,150.000001,72.0,,,6.04499382943161,3.481782049622314,314.87779948208305
0,0,0,False,0.21483655273914337,0.7851634472608566,False,0.28516344726085663,0.1602909453987195,3_0_3_2,15.79851847,0.81630217,2.974764634,1.968132705,Si1,Si1,combo_002,13,422.3507164,282.2726162,-0.000385813,0.055142723,1326.040126,261.0,101.4,,,31.093580891353557,2.428306825973456,424.7643847949875
1,1,0,True,0.36155208945274353,0.6384479105472565,False,0.13844791054725647,0.17091644381209803,2_1_1_3,13.82273411,1.00620583,1.790432621,2.458390797,Si1,Si1,combo_002,14,410.0430417,610.7093859,-0.021867186,0.03263257,1232.876445,201.000001,95.1,,,33.981682325401984,1.8015437414723805,410.1188520413157
0,0,0,False,0.3486693203449249,0.6513306796550751,False,0.15133067965507507,0.12705886749367354,1_1_3_2,11.95191809,1.021163494,2.607262379,1.988645842,Si1,PU,combo_001,15,384.0593015,283.0493787,0.000289648,0.055266555,1091.929378,208.0,86.1,,,23.76813221360308,2.6624411607143923,383.9374854556505
0,0,0,False,0.23493030667304993,0.7650696933269501,False,0.2650696933269501,0.08762719105084019,0_1_3_3,9.898883989,1.131391553,2.800944817,2.195038995,Si1,PU,combo_001,16,351.6759131,284.9351604,0.002144898,0.055395352,926.4036904,188.0,78.9,,,21.72843636283615,3.168965306372931,351.72156001319655
1,1,1,False,0.6216078996658325,0.3783921003341675,False,0.12160789966583252,0.05080734413139104,0_1_0_2,9.732774756,1.406774439,1.207200124,1.78279601,Si1,Si1,combo_002,17,340.0616216,842.1475801,-0.000234169,0.04378965,874.5007472,153.000001,74.0,,,17.35155200122552,1.6982582772008308,338.3585614323432
0,0,0,False,0.09135883301496506,0.9086411669850349,False,0.40864116698503494,0.051435153099662054,2_0_3_3,12.2534962,0.826636628,2.848439144,2.28577932,Si1,Si1,combo_002,18,387.6853639,284.1774052,0.001485937,0.055388428,1096.344819,211.6,88.3,,,28.008788211658587,2.3546241290593666,387.73384826489445
0,0,0,False,0.04043286293745041,0.9595671370625496,False,0.4595671370625496,0.11233926237871912,3_0_3_0,15.95647377,0.778056111,2.868213498,0.867821673,Si1,Si1,combo_002,19,421.8927646,278.8808567,-0.000389762,0.055033323,1348.402138,242.7,101.9,,,13.847373762262018,2.231631039771586,421.1851732041029
0,0,0,False,9.023916391015518e-06,0.999990976083609,False,0.499990976083609,0.13616466931181706,2_1_3_1,13.41078666,1.252787801,2.868640587,1.368568303,Si1,Si1,combo_002,20,377.417595,270.6004424,-0.00032612,0.055144059,1087.795474,222.9,94.4,,,18.353577541171237,3.593797932847079,377.3380593171983
0,0,0,False,0.12572547793388367,0.8742745220661163,False,0.37427452206611633,0.1220597314709077,0_1_1_1,8.834276558,1.405655645,1.664326357,1.080594271,Si1,Si1,combo_002,1,320.39538,284.6702831,0.000211707,0.05527191,818.2579673,174.6,75.6,Itr_12,,9.546268637004399,2.3394697388393353,319.91918318347007
0,0,0,False,0.42284345626831055,0.5771565437316895,True,0.07715654373168945,0.1468200604808733,0_1_0_2,8.000699442,1.442127184,1.234133881,1.702531762,Si1,PU,combo_001,2,309.0331,279.9039,0.000954338,0.05542579,750.4929,145.6,67.4,,,13.621444918220677,1.7797780184855212,309.0976079425829
0,0,0,False,0.1301056295633316,0.8698943704366684,False,0.3698943704366684,0.07099941083471126,0_1_0_1,8.530699846,1.405443508,1.556360553,1.30450125,Si1,Si1,combo_002,3,318.4406306,284.8888426,0.000204118,0.055305863,800.6483942,169.8,74.8,,,11.128308612481806,2.18737683532114,317.40716606174874
0,0,0,False,0.4584675431251526,0.5415324568748474,True,0.04153245687484741,0.0866293230500714,0_1_1_1,8.433879441,1.386859591,1.691180288,1.399091405,Si1,Si1,combo_002,4,318.825451,284.4444809,0.000201697,0.055382489,797.0317135,170.4,74.3,,,11.799768236709305,2.345429602522942,317.4696715426417
0,0,0,False,0.37689146399497986,0.6231085360050201,False,0.12310853600502014,0.157434411732986,2_1_1_0,13.58015275,1.02959112,1.735598712,0.547709353,Si1,Si1,combo_002,5,398.2759919,283.1232822,-0.000330354,0.055169361,1211.89895,205.8,92.7,,,7.437976676343671,1.7869570217586377,397.0636451955457
0,0,0,False,0.4921268820762634,0.5078731179237366,True,0.007873117923736572,0.08023336775955686,3_1_0_0,15.43204463,1.011611763,1.511257053,0.842051756,Si1,Si1,combo_002,6,425.4579247,282.6806659,-0.002636557,0.055245523,1368.989533,233.6,101.0,,,12.994580279361871,1.5288054117315146,423.57847047218434
0,0,1,True,0.6974417567253113,0.3025582432746887,False,0.19744175672531128,0.07970091196833881,2_1_0_3,13.56984832,1.285849676,1.230932822,2.248952107,Si1,PU,combo_001,7,401.4340156,283.5066612,-0.000330096,0.055147989,1151.524,208.4,87.3,,,30.517938970934413,1.5827945703464656,401.41638487561437
0,0,1,True,0.6208242177963257,0.3791757822036743,False,0.12082421779632568,0.18968822800483162,3_0_2_1,15.3900785,0.877107358,2.076726158,1.075074089,Si1,Si1,combo_002,8,426.0813668,280.9251462,-0.002629214,0.055168946,1344.093891,227.3,98.8,,,16.545474623025985,1.8215117937328704,425.19755006980375
1,1,1,False,0.7665225267410278,0.23347747325897217,False,0.26652252674102783,0.050861244648606696,3_1_0_3,14.60175929,1.273100938,1.117842813,2.059093284,Si1,PU,combo_001,9,414.16661,551.5537067,0.024556686,0.035233506,1232.222454,193.000001,91.0,,,30.066384488623605,1.4231267337668585,414.32751700104154
0,0,1,True,0.6999646425247192,0.30003535747528076,False,0.19996464252471924,0.05659481973799337,1_1_1_0,11.62721671,1.157323158,1.9837635,0.539633266,Si1,PU,combo_001,10,366.2313561,324.7668749,0.001407652,0.055339982,1062.53419,187.5,85.1,,,6.274432927707075,2.295855438545133,367.88111344774484
1,1,0,True,0.36295536160469055,0.6370446383953094,False,0.13704463839530945,0.07968987022537871,1_2_0_0,10.52217759,1.498971496,1.208872459,0.716301,Si1,PU,combo_001,11,339.1821684,545.8604855,0.013964748,0.040370816,909.7211744,158.000001,75.7,,,7.53704632989459,1.8120653583404287,339.79548283564174
0,0,1,True,0.5752686858177185,0.4247313141822815,True,0.0752686858177185,0.05056561199187277,1_1_0_0,11.44851295,1.367359986,1.371496994,0.929509814,Si1,PU,combo_001,12,360.1694655,284.6661768,0.001385314,0.05517922,1011.06248,194.9,87.6,,,10.641505142731091,1.875330110514882,361.40230090145445
0,0,0,False,0.4660283625125885,0.5339716374874115,True,0.0339716374874115,0.16122550257449036,3_1_0_3,15.95698005,1.087970087,1.496018536,2.003631739,Si1,Si1,combo_002,13,432.543957,280.4812085,-0.000389775,0.055034215,1401.79728,251.5,103.8,,,31.971911686769804,1.6276234167655326,432.11939143058214
1,1,0,True,0.3310621380805969,0.6689378619194031,False,0.16893786191940308,0.10453986395896069,2_0_3_3,13.89797778,0.946555867,2.71514234,2.307201721,Si1,PU,combo_001,14,411.9987185,563.6084711,-0.02740226,0.030785255,1233.336452,214.000001,93.8,,,32.06543825243576,2.570033911667109,411.6892079509289
0,0,1,True,0.7054415941238403,0.29455840587615967,False,0.20544159412384033,0.0642474847851596,1_0_3_3,11.8712211,0.914029486,2.803032242,2.377761775,Si1,PU,combo_001,15,387.5689237,284.8071915,-0.001438153,0.05536253,1099.603287,206.2,85.0,,,28.226935754153455,2.5620541193966875,388.6618757691843
0,0,1,True,0.6607211828231812,0.33927881717681885,False,0.16072118282318115,0.11044405477632449,0_0_3_3,9.856193573,0.97947452,2.638308365,2.260035473,Si1,Si1,combo_002,16,353.4216803,320.7323479,0.001660783,0.055271551,926.1419907,175.1,76.7,,,22.275347103734614,2.5841558194203595,353.1789378492969
0,0,0,False,0.467756450176239,0.532243549823761,True,0.032243549823760986,0.05080558801542252,1_1_1_3,11.54479058,1.039343993,1.981622731,2.472143787,Si1,Si1,combo_002,17,377.7188952,284.0571601,0.001397349,0.055417508,1050.522436,205.5,85.7,,,28.540382304563128,2.0595876818571046,378.370504536553
0,0,0,False,0.3515577018260956,0.6484422981739044,False,0.14844229817390442,0.05160719273332825,0_2_0_1,8.830842911,1.524980666,1.158366847,1.311022279,Si1,PU,combo_001,18,315.9648633,282.7914686,0.000211621,0.05526073,794.3139057,158.5,70.8,,,11.577431798670213,1.76648704581038,316.31122013265
1,1,1,False,0.7648002505302429,0.23519974946975708,False,0.2648002505302429,0.13454476919483643,3_1_0_3,14.59372851,1.282098146,1.108170785,2.474137534,Si1,PU,combo_001,19,415.3947849,829.1577297,0.039481951,0.035925018,1228.536989,205.000001,91.2,,,36.106891467596895,1.4207837088998647,414.95272611863396
0,0,0,False,0.00015199140761978924,0.9998480085923802,False,0.4998480085923802,0.20881572933226727,3_3_1_3,15.3384972,1.9944429,1.643545784,2.019812948,Si1,Si1,combo_002,20,380.5860914,260.772311,0.000374313,0.055074813,1156.939362,260.0,105.9,,,30.98089524742175,3.2779582197237334,379.38851433595795
0,0,1,True,0.5759498476982117,0.42405015230178833,True,0.07594984769821167,0.13708840838811084,0_1_2_0,8.523008835,1.390125134,2.257551397,0.524499338,Si1,PU,combo_001,1,314.6246375,284.9340496,0.000203925,0.055279909,803.5923663,170.2,73.8,Itr_13,,4.470312491725652,3.138278938266512,314.379237625727
1,1,1,False,0.8118847012519836,0.18811529874801636,False,0.31188470125198364,0.1445471632421059,0_0_3_3,9.908486069,0.871015319,2.992445722,2.076477538,Si1,Si1,combo_002,2,356.8875734,683.9524969,0.000238562,0.032205904,944.6969692,159.000001,76.2,,,20.574748757864416,2.606466065138015,355.08042140099246
0,0,1,True,0.7944338321685791,0.2055661678314209,False,0.2944338321685791,0.11097039969753969,3_1_0_1,15.82205939,1.25115508,1.152579589,1.36572838,Si1,PU,combo_001,3,425.5249852,279.7201806,0.000386402,0.055184507,1318.134937,225.4,94.7,,,21.60863553896849,1.4420558078816619,425.8923950088097
1,1,1,False,0.9249714016914368,0.07502859830856323,False,0.42497140169143677,0.11367583409328176,2_1_0_1,12.67741792,1.320681163,1.140566862,1.033162319,Si1,PU,combo_001,4,383.5093155,826.0028597,0.044013319,0.039088752,1077.526625,177.000001,84.0,,,13.097830497159357,1.5063251697854205,383.34841565471766
1,1,1,False,0.7176077961921692,0.2823922038078308,False,0.2176077961921692,0.12060154501813009,3_1_0_1,14.32242197,1.3065989,1.119789726,1.224610451,Si1,PU,combo_001,5,406.429017,822.1314077,0.028959572,0.035937782,1199.607478,183.000001,90.3,,,17.53938762809401,1.4631160242229015,405.99774277756006
1,1,1,False,0.7176128625869751,0.2823871374130249,False,0.2176128625869751,0.11044405477632449,1_0_2_3,10.4486565,0.920344446,2.522838456,2.16739001,Si1,Si1,combo_002,6,363.7575388,888.7778382,-0.001260333,0.042095106,973.6789202,191.000001,81.6,,,22.646313716021567,2.3218803611348156,363.7202036842259
1,1,1,False,0.57780921459198,0.42219078540802,True,0.07780921459197998,0.11605812140345516,1_0_2_3,10.45777986,0.983210009,2.272228454,2.351183993,Si1,Si1,combo_002,7,363.0494392,652.7951,-0.00227065,0.03607811,972.9754624,189.0,81.7,,,24.58816460914978,2.234077758707396,363.9005061343022
1,1,1,False,0.7412775158882141,0.2587224841117859,False,0.2412775158882141,0.10512209938561412,1_1_0_3,11.38423132,1.216365206,1.509114886,2.482529496,Si1,PU,combo_001,8,374.3265756,813.984449,0.006335482,0.033881057,1037.723189,191.000001,86.4,,,28.261690041187016,1.8356348391870567,375.0364334415022
0,0,1,True,0.5288737416267395,0.4711262583732605,True,0.028873741626739502,0.19053324922212825,0_1_2_1,8.047564948,1.301436833,2.420675461,1.453759372,Si1,PU,combo_001,9,320.4419458,315.5181735,0.000192039,0.045129165,788.9218757,161.7,72.5,,,11.699222964933691,3.150356205684655,320.2900152232761
1,1,1,False,0.5971561074256897,0.4028438925743103,True,0.0971561074256897,0.18406603521627968,3_1_0_2,14.91469581,1.306795725,1.139216094,1.686125992,Si1,PU,combo_001,10,412.0282888,793.3528097,0.036008033,0.033098293,1247.310061,210.000001,92.1,,,25.148056268014493,1.4887227214903982,415.71671433668445
1,1,1,False,0.8935776948928833,0.1064223051071167,False,0.3935776948928833,0.17871784614890568,2_1_0_2,12.28849609,1.343888698,1.122329911,1.802071426,Si1,PU,combo_001,11,383.7207112,550.350995,0.042026798,0.035469426,1048.197676,183.000001,83.2,,,22.144747672301726,1.5082864828202458,381.15760131745805
1,1,1,False,0.8449271321296692,0.1550728678703308,False,0.3449271321296692,0.11367583409328176,2_1_0_0,12.74489052,1.242885034,1.301195327,0.903689986,Si1,PU,combo_001,12,386.3227776,590.1171211,-0.034970367,0.039302979,1089.708045,169.000001,83.9,,,11.517429935590332,1.6172361982390362,386.56865998808024
1,1,0,True,0.21732604503631592,0.7826739549636841,False,0.2826739549636841,0.07188308900079783,0_1_3_0,8.477532287,1.29458051,2.668982936,0.909657101,Si1,PU,combo_001,13,320.2478613,859.4643237,-0.000202788,0.04400505,817.1347456,168.000001,73.4,,,7.711647443826321,3.4552132904681776,319.68468201635966
0,0,0,False,0.45117267966270447,0.5488273203372955,True,0.04882732033729553,0.12751173920467918,3_1_1_3,15.95600472,1.135578983,1.81840891,2.471386219,Si1,PU,combo_001,14,427.7191048,283.3802745,0.00038975,0.0550325,1344.884375,261.5,104.0,,,39.43345017530696,2.064946940695939,432.80258556406744
1,1,0,True,0.2443464696407318,0.7556535303592682,False,0.2556535303592682,0.11608968840424563,2_0_2_1,13.90001521,0.900571293,2.151506023,1.325136728,Si1,Si1,combo_002,15,408.3690008,649.1917943,-0.007782062,0.030113195,1226.021479,196.000001,94.4,,,18.419420674529633,1.937584561030398,408.33979029346534
0,0,1,True,0.7468643188476562,0.25313568115234375,False,0.24686431884765625,0.08344275170526626,1_0_2_3,11.92461479,0.95514946,2.364268424,2.411380054,Si1,PU,combo_001,16,390.4601562,284.4400479,-0.001444827,0.055201711,1101.777022,207.1,86.3,,,28.754778256239398,2.258229708478651,389.9188259841358
1,1,1,False,0.7819326519966125,0.21806734800338745,False,0.28193265199661255,0.08204045154131101,0_1_3_2,9.924840313,1.008329066,2.549614523,1.853179807,Si1,Si1,combo_002,17,351.9735932,583.4715913,0.000238971,0.041341983,934.4247136,185.000001,79.0,,,18.392513655751163,2.570850430636625,351.48336907163065
1,1,1,False,0.5831999778747559,0.41680002212524414,True,0.08319997787475586,0.05056561199187277,1_1_0_1,11.47681446,1.342707332,1.348814284,1.024376147,Si1,PU,combo_001,18,363.0088093,798.7496382,0.01583291,0.042498864,1018.238846,204.000001,87.6,,,11.756574976368684,1.8110628286331303,363.0771880850888
1,1,1,False,0.5503065586090088,0.4496934413909912,True,0.05030655860900879,0.050861244648606696,3_1_0_3,14.49967626,1.302782569,1.181483196,2.124877119,Si1,PU,combo_001,19,410.3205514,669.4295419,-0.028620702,0.034980858,1215.414977,194.000001,90.6,,,30.810030317781496,1.5392157133152105,411.1544196468991
1,1,1,False,0.862258791923523,0.13774120807647705,False,0.36225879192352295,0.18321456440214395,0_1_3_3,8.033887156,1.060719416,2.999526368,2.337111353,Si1,Si1,combo_002,20,330.1362584,1000.869636,0.000191697,0.043131881,818.3473795,160.000001,72.0,,,18.776088881008484,3.181655857341561,326.9609467764595
1,1,1,False,0.9997714757919312,0.00022852420806884766,False,0.49977147579193115,0.1838932167589141,0_0_3_2,8.126060748,0.969243702,2.740169379,1.970847585,Si1,PU,combo_001,21,343.0519394,814.7061232,0.008342065,0.047142365,844.5411954,130.000001,72.1,,,16.015227200759096,2.6558919130090013,337.8964745654094
