Eval#,A_Cell_D,B_Barrier_Type,C_Barrier_Thx,D_Barrier_Outer_Type,E_Barrier_Outer_Thx,F_ThermalResin_Thx,TP_NoTP,MaxT_TB,MaxT_Adj,MaxT_Adj_Y,MaxT_Adj_Z,Max_Power,Time_MaxT,Time_Max_Power,,
1,14.4030054,Si1,0.504457417,Si1,1.351974252,2.177480305,1,451.1424865,916.7147143,-0.000350925,0.044567507,1332.955958,134.000001,94.9,Initial,
2,14.90789813,Si1,0.549540979,Si1,2.642394944,1.787474521,1,431.4329144,538.9130314,-0.000363548,0.044716343,1341.339405,169.000001,94.5,,
3,10.70219176,Si1,0.876237523,Si1,1.657999209,1.664449727,1,377.783906,703.7643878,0.026615689,0.038502308,1033.336124,143.000001,82.9,,
4,9.277227738,Si1,1.211448606,Si1,2.543938484,2.42540283,0,336.3691273,282.5199847,-0.000668342,0.055374813,871.2643327,186.7,76.1,,
5,13.88514749,Si1,0.708211121,Si1,2.843611137,2.21911424,1,412.7974615,668.1009903,-0.001013936,0.030756066,1216.364805,195.000001,93.1,,
6,14.45889967,Si1,1.003030175,Si1,2.999787974,1.72359812,0,401.9500636,277.9786148,0.002466258,0.055231155,1197.645034,238.3,97.1,,
7,13.33534914,Si1,0.792727938,Si1,1.969203664,1.975665307,1,412.2865544,792.2907573,0.023669062,0.034044541,1222.357589,180.000001,91.8,,
8,9.711760907,Si1,0.513741627,Si1,2.896365883,1.209815956,1,369.5111908,593.1825765,0.000233644,0.040420412,1005.118725,114.000001,76.9,,
9,14.6034658,Si1,1.849575612,Si1,1.279083666,2.497886544,0,382.6814224,269.577313,0.000355937,0.05515713,1094.939165,237.7,94.5,,
10,8.871051147,Si1,0.739229422,Si1,1.618180107,2.291143164,1,362.8462977,653.338085,-0.000212626,0.042312624,931.5141542,112.000001,74.9,,
11,14.98731777,Si1,1.578348137,Si1,2.494534358,0.742598557,0,378.5229739,260.5301258,0.000365533,0.055164975,1142.559396,234.5,103.4,,
12,11.90366821,Si1,0.573073028,Si1,1.410814098,2.489698147,1,414.2164946,794.7020064,-0.002019092,0.042977813,1152.382785,121.000001,88.2,,
13,10.5409877,Si1,1.47653842,Si1,2.421191725,1.6471982,0,335.7844445,271.7492477,0.002289373,0.055222473,885.3009739,208.2,82.3,,
14,10.12486991,Si1,2.389110332,Si1,1.496922138,2.351863531,0,298.2144884,257.3380683,0.002195746,0.055318808,765.904808,209.5,84.5,,
15,11.05605998,Si1,1.755874274,Si1,2.912454606,2.387237757,0,329.7043451,261.6280806,0.000267252,0.055276905,863.4735816,227.8,85.5,,
16,13.15044621,Si1,1.16594142,Si1,1.226932391,2.253377731,1,400.5222103,798.3703781,0.043786728,0.038672949,1129.194861,188.000001,86.4,,
17,10.24682028,Si1,0.921435014,Si1,2.80632519,0.668970615,1,349.0689651,831.7834309,0.000247021,0.033347768,945.2323661,161.000001,80.1,,
18,12.00408497,Si1,0.619828684,Si1,1.90947607,0.591471772,1,398.6728436,588.3063808,0.000290952,0.044515675,1171.001807,126.000001,86.2,,
19,8.186490662,Si1,1.91811608,Si1,2.249524305,2.109970561,0,290.2857717,264.2801914,0.001368586,0.055317227,712.4012227,183.3,74,,
20,12.22832837,Si1,0.501428682,Si1,2.399133012,1.310690718,1,406.3885816,618.7459303,0.001482791,0.043594055,1152.38133,127.000001,84.2,,
21,11.53079879,Si1,0.698546095,Si1,2.939396175,2.040166702,1,383.6702897,638.2451252,0.032098797,0.036006477,1063.938064,167.000001,83.3,,
22,13.0535609,Si1,1.034229167,Si1,2.56977531,2.151037919,0,389.8942223,277.4001598,-0.000317189,0.055345445,1115.983557,223.3,92.2,,
23,15.23958487,Si1,1.592728603,Si1,2.13134733,2.01074464,0,392.4079801,267.2466066,0.00037184,0.055266123,1190.547336,253.9,104.3,,
24,15.52269754,Si1,0.639305463,Si1,2.751998239,0.800713539,1,425.6539238,520.3013039,-0.000378918,0.042059843,1349.272553,198.000001,97.5,,
25,15.72510127,Si1,2.125455429,Si1,2.862582939,1.074423359,0,368.2279546,245.8362916,0.000383978,0.05539638,1098.768881,260.4,107.4,,
26,9.3906414,Si1,1.688101297,Si1,2.607965856,0.615911572,0,301.8196819,271.1522907,0.002030544,0.055275152,791.7846392,193.2,77.2,,
27,12.27285946,Si1,2.078057068,Si1,2.814394704,1.396802566,0,326.5953973,253.5232588,0.001488357,0.055433447,886.4979637,236.8,91.3,,
28,8.33796206,Si1,0.643407986,Si1,2.483834204,1.122476514,1,355.459812,947.7506747,0.000199299,0.041254893,897.8462108,109.000001,72.4,,
29,11.44641156,Si1,1.432112239,Si1,1.935058473,1.231966637,0,350.9504974,274.3876237,0.001385052,0.05517402,964.5400799,207.8,86.3,,
30,15.10141638,Si1,0.521750771,Si1,2.21088038,0.943518921,1,437.7442284,847.884353,0.002578699,0.043837875,1404.801538,155.000001,95.3,,
31,9.080830208,Si1,1.990215089,PU,2.322999861,2.327953945,0,303.1515201,265.0104704,0.000217871,0.055419585,762.4401279,193.5,79,,
32,11.5994219,Si1,0.532842525,PU,1.438647501,2.239986514,1,411.5364314,530.8239888,-0.003650862,0.04858455,1152.54659,110.000001,86.2,,
33,9.987513583,Si1,1.35758654,PU,1.739590153,1.8733312,0,345.8330237,320.8776544,0.00216484,0.055411841,912.1954084,176.5,81.1,,
34,11.26112356,Si1,0.500171972,PU,2.037294948,2.462450732,1,407.625864,793.1965374,0.000817134,0.04221859,1123.234734,115.000001,83.8,,
35,10.34386155,Si1,2.436721223,PU,2.983961895,0.87986646,0,288.0502193,251.2885876,0.002245019,0.055438562,742.208872,218.8,84.4,,
36,12.73686507,Si1,0.51522735,PU,2.086959448,1.546783166,1,425.8682655,505.3798842,-0.000309272,0.047937102,1208.287565,124,87.5,,
37,14.19757507,Si1,0.784718346,PU,2.629447057,2.368650868,1,425.4487736,834.7074491,0.001728948,0.037691056,1293.451234,170.000001,92.3,,
38,12.47270295,Si1,1.83224038,PU,2.342103965,1.453123973,0,349.6349529,263.4500318,0.001513338,0.055292749,975.3129773,222.4,91,,
39,9.471366336,Si1,0.560851252,PU,1.569097242,0.522783824,1,370.9607249,578.890237,0.000227634,0.047575558,1011.693879,98.000001,75.6,,
40,15.91493419,Si1,0.666482501,PU,1.834361701,2.076364175,1,452.6783854,801.2857252,-0.000388723,0.043925727,1435.883939,173.000001,99.6,,
41,9.79563474,Si1,1.236096836,PU,2.995137414,1.599804221,0,341.8140585,282.0191344,0.001650185,0.055331668,893.8991446,190.5,78.8,,
42,8.458299304,Si1,0.587280037,PU,1.156297886,2.47490185,1,407.0448488,540.0458014,0.000202308,0.006271533,949.1164383,78.000001,63.9,,
43,8.769077072,Si1,0.973645182,PU,1.122690056,1.155854016,1,351.1037684,843.7232211,-0.011974389,0.042225477,886.9552921,105.000001,68.3,,
44,14.11097311,Si1,2.255763284,PU,1.68575654,1.91992554,0,357.9605233,258.4167191,-0.000343624,0.05523994,1036.638144,245.1,98.8,,
45,14.77787692,Si1,1.13602359,PU,2.964930191,1.476564894,0,406.3031061,277.2696752,-0.000360297,0.055132572,1242.490328,233.3,98.6,,
46,10.4507631,Si1,2.037060751,PU,2.785120777,1.847508326,0,314.3302928,260.4008849,0.001260595,0.055230971,808.8010089,216.8,83,,
47,13.43030129,Si1,0.839720755,PU,2.969632058,2.481108127,1,410.406597,560.3518301,-0.032987358,0.031680928,1205.811017,210.000001,91.5,,
48,8.056883314,Si1,0.508237078,PU,1.845112362,1.827143649,1,362.8049189,551.8531792,0.001345904,0.044414832,927.4734069,94.000001,70.9,,
49,15.85822607,Si1,0.602909739,PU,2.433992627,1.030525901,1,448.1576114,557.7474919,0.005809586,0.045314773,1495.851653,176.000001,99,,
50,13.56362331,Si1,1.086477729,PU,2.095301205,1.956604525,0,405.3222588,283.296562,-0.000329941,0.055135062,1221.422603,219.2,91.8,,
51,13.81225562,Si1,1.278013041,PU,1.30677945,2.439894897,1,404.8669592,582.7382892,0.037313372,0.035968746,1167.300532,200.000001,88,,
52,10.90292935,Si1,0.536393095,PU,2.94662593,1.740716285,1,393.9597747,571.4287344,0.000263423,0.040303757,1080.733403,128.000001,82.2,,
53,12.84982617,Si1,1.056834817,PU,2.885198342,2.133366649,0,391.0113908,279.6127966,-0.000312096,0.055214417,1129.600885,216.5,89.1,,
54,13.71115831,Si1,1.516819076,PU,1.760447543,0.736536948,0,378.8373835,274.1188644,-0.000333629,0.055107578,1154.274237,212,94.8,,
55,11.09739754,Si1,0.750470563,PU,2.687772852,1.527912492,1,385.5942103,820.776171,0.029243065,0.037828185,1064.190059,149.000001,83.2,,
56,8.99995617,Si1,0.911918424,PU,2.298208866,0.889472575,1,354.334329,881.4019611,0.003669433,0.038636971,912.5437773,125.000001,74.6,,
57,15.43470197,Si1,1.665994537,PU,2.70817874,1.280896749,0,388.9437753,264.7160807,-0.002637023,0.055250378,1193.163062,242.9,104.4,,
58,12.59282279,Si1,1.349565683,PU,2.726753058,1.342611595,0,372.2804676,272.1085661,-0.000305671,0.055260352,1060.517142,216.5,89.9,,
59,8.532951007,Si1,2.310786502,PU,1.541974489,2.301852257,0,284.0430047,254.8609789,0.000204174,0.055313456,688.5729696,184.1,82.3,,
60,11.83528426,Si1,2.184009165,PU,2.17406533,2.413524809,0,330.6788225,257.3599222,0.002580589,0.055276282,883.6767459,229.6,88.9,,
1,15.54531875,Si1,1.450385014,Si1,1.212317857,1.291704882,0,406.8435491,277.5987245,0.000379483,0.055072776,1245.255627,229.6,95.5,Itr_1,
2,15.54644773,Si1,1.45309986,PU,1.2033606,1.395243037,0,414.6673237,273.9235583,0.000379511,0.05507481,1257.002334,226.3,94.5,,
3,14.16200775,Si1,1.488784142,PU,1.157777162,1.420451851,0,395.1831768,282.453787,0.002414302,0.05534202,1149.297106,209.4,90,,
4,8.086292454,Si1,1.308219549,Si1,1.467327805,0.670358546,1,318.7919878,989.5260725,-0.000579022,0.046128733,785.8114136,141.000001,73.1,,
5,12.85289986,Si1,1.485869873,Si1,1.169436726,0.619592105,0,370.3500109,280.2434562,0.000312173,0.05522118,1040.857641,196.5,86.1,,
6,8.473601043,Si1,1.248477686,Si1,1.587833669,0.605567693,1,321.7899592,533.8186259,0.00060807,0.04357835,815.407218,142.000001,74.3,,
7,9.846369757,Si1,1.440450919,Si1,1.239013635,0.702533181,1,331.5178937,862.0830784,-0.005451213,0.043372693,873.9810357,151.000001,74.4,,
8,13.16970418,Si1,1.472876761,Si1,1.191677773,0.804590912,0,376.7092546,279.435545,-0.000320093,0.055277964,1064.199695,201,87.2,,
9,13.79975398,Si1,1.491463044,Si1,1.155320337,0.735884826,0,383.075107,281.4842217,-0.000335844,0.055289188,1109.313523,204.2,89.5,,
10,8.752161841,Si1,1.467544847,Si1,1.210559771,0.912920274,0,313.6089676,284.3520239,0.000209654,0.055424328,791.1412561,161.3,70.1,,
11,10.11422216,Si1,1.553123278,Si1,1.106329208,0.736713214,1,330.9980509,895.3526074,0.010479337,0.037774353,868.5492916,168.000001,75.9,,
12,11.50600979,Si1,1.519278196,PU,1.12111284,1.167976136,1,358.6823673,950.8795501,-0.023672521,0.037597534,971.2930595,180.000001,80.2,,
13,10.42939501,Si1,1.336014985,Si1,1.420025805,0.716988638,1,342.2103804,946.1754227,-0.000251585,0.040505185,938.9204532,169.000001,83.6,,
14,10.15596041,Si1,1.336325429,Si1,1.409532862,0.510206899,1,338.4386137,573.1574563,-0.002202741,0.037446597,915.2220174,164.000001,82.5,,
15,9.224567768,Si1,1.259515512,PU,1.552298304,2.491545207,1,345.6014227,587.7676331,-0.00730832,0.041856743,873.2528888,148.000001,76.3,,
16,10.04618612,Si1,1.204656137,PU,1.681317953,2.36586938,1,357.2749129,574.559047,0.000242005,0.040414793,948.4531793,160.000001,81,,
17,12.02893371,Si1,1.360571341,PU,1.410126794,1.979542703,0,376.014388,279.7620881,-0.000291573,0.055157895,1067.275312,208.3,88.7,,
18,15.98485026,Si1,1.228117004,Si1,1.695651661,1.343838083,0,418.8180081,277.1807523,-0.000390471,0.055082988,1345.97628,254,105.5,,
19,15.99677728,Si1,0.505277475,PU,1.215799871,0.579764381,1,462.0132381,816.0161307,0.003516926,0.046501571,1489.949133,124.000001,90.6,,
20,15.78449336,Si1,1.818161506,PU,1.722904732,1.382335307,0,392.4145507,265.0650809,0.000385462,0.05511782,1246.486432,249.9,105.3,,
1,8.611426682,Si1,1.586287918,Si1,1.142178957,1.980463809,0,310.4169969,277.4941367,0.000618407,0.055372191,760.0142628,161.7,70.6,Itr_2,
2,12.65421167,Si1,0.922213549,PU,2.885255584,0.594349469,0,388.4219569,283.8234718,0.001536027,0.055398477,1139.281548,197.4,87.6,,
3,8.033139199,Si1,1.017509101,Si1,2.9245117,1.657762946,1,328.088562,858.6612478,0.000191679,0.043894377,820.0672923,141.000001,72,,
4,13.53521044,Si1,0.975158004,PU,2.45834952,0.857210104,1,401.5007221,560.0153147,0.02666765,0.031935334,1210.748474,198.000001,91,,
5,8.13332939,Si1,1.184250611,Si1,2.159547255,1.81290021,1,324.5920355,801.2453659,0.00058255,0.042526132,805.3335474,148.000001,72.8,,
6,11.08082413,Si1,0.959330752,Si1,2.876249383,1.319063545,0,360.881098,283.8289777,0.000267871,0.055340662,999.6346551,198.8,83.6,,
7,9.264649103,Si1,1.003301051,Si1,2.850979997,1.584454642,1,340.3354162,555.3193516,0.000222466,0.037596796,902.8306336,157.000001,75.7,,
8,10.00289377,Si1,1.365863857,Si1,1.491217076,2.239527467,0,345.5326763,284.9538437,0.001686456,0.055215137,908.7941441,188,81.9,,
9,15.36293294,Si1,1.05248265,Si1,1.892838562,2.216401087,0,423.5348944,282.5693936,0.000374923,0.055119397,1318.304183,252.4,101.4,,
10,12.09476566,Si1,0.918064093,Si1,2.99090376,1.179573001,0,374.9488423,280.0261797,-0.001466096,0.0553126,1054.072753,206.4,87.8,,
11,15.97660426,Si1,0.990469613,Si1,2.084873516,1.65341062,0,428.6143517,276.6443803,-0.000390265,0.05506855,1360.702661,249,103.5,,
12,10.87335827,Si1,1.48521741,Si1,1.210199363,1.720858471,0,352.6206688,283.4211941,0.000262684,0.05533182,919.316375,189,78.8,,
13,14.9658049,Si1,1.045432066,PU,1.970217485,1.403471948,0,421.1995387,284.5415244,-0.000364995,0.055124625,1362.926145,230.9,98.8,,
14,11.89134441,Si1,1.310356643,Si1,1.474922557,1.831767883,0,372.1093429,280.3158885,-0.001440668,0.055410826,1051.174431,210,87.6,,
15,15.91794723,Si1,0.957779805,PU,2.284616635,2.397299451,1,434.6506361,521.6264921,-0.000388799,0.037713479,1410.504023,229.000001,100.3,,
16,13.93955585,Si1,0.975459004,PU,2.939035355,0.507816395,0,401.1613099,282.8285203,-0.000339339,0.055236459,1210.926424,206.5,94.3,,
17,11.66372029,Si1,0.963934401,PU,2.892410322,0.75588978,1,372.3804656,934.6603,0.002541987,0.055429414,1068.585718,187.5,85,,
18,9.953592006,Si1,1.048904121,PU,2.662986041,2.469850011,1,359.0317,902.7628,-0.001677828,0.055314321,949.8326378,168.6,79.5,,
19,8.172744691,Si1,0.524030106,Si1,1.188614013,0.736069728,1,389.6045393,521.3323174,-0.000585506,0.00526955,931.7842166,75.000001,62.5,,
20,9.746510275,Si1,1.595207506,Si1,2.932021793,1.275352613,0,313.4425515,271.3841689,-0.000703538,0.055422504,819.2718114,200.4,79.1,,
1,10.42070701,Si1,1.519686532,PU,1.195453348,1.717895885,0,344.7377268,319.5508498,-0.001759574,0.055400453,901.1605721,173.8,75.8,Itr_3,case20 -> rom 매크로 수정 안된 채로 해석되어서 삭제처리
2,8.055424218,Si1,1.467319737,PU,1.587444227,1.270641406,0,311.2749913,284.3429525,0.001345649,0.055431912,774.1623831,158.2,72.3,,
3,13.59199525,Si1,1.242046715,PU,1.510642952,1.142046223,0,397.2790386,280.7758845,-0.00033065,0.05519395,1218.7076,212.4,94.2,,
4,12.25625117,Si1,1.215651769,PU,1.735923467,1.522205573,0,382.0075618,282.283363,-0.001486281,0.055394834,1117.403907,205.7,87.6,,
5,9.093542353,Si1,1.621408866,PU,1.117046103,1.832265727,0,317.2188686,280.2716228,-0.000654566,0.055241751,791.7376091,162.3,72.2,,
6,9.36610741,Si1,1.509685664,PU,1.304738746,2.255586688,0,333.2818112,283.5979493,0.002025025,0.055425338,840.5224692,173.7,80.4,,
7,8.444111575,Si1,1.636686375,PU,1.132331086,1.930296285,0,305.4915674,274.5400263,0.00222148,0.055417527,748.9973737,155.2,69,,
8,12.51154189,Si1,1.15205949,PU,1.906864408,1.56130795,0,387.3467801,282.6830228,0.001518193,0.055381108,1142.45982,207.3,88.5,,
9,14.59717798,Si1,1.171814397,PU,1.60241721,0.675906947,0,409.966209,282.1178236,-0.00035578,0.055145022,1311.508184,212.9,98.2,,
10,10.34399027,Si1,1.561396275,PU,1.130514059,1.582396536,1,339.6169286,686.7543141,-0.007732942,0.035671314,886.7994994,170.000001,74.9,,
11,8.964757388,Si1,1.595153751,PU,1.170572945,1.489517573,0,314.6722776,280.5377608,-0.000644907,0.055266032,788.6226728,161.6,71.7,,
12,11.29556768,Si1,1.330656078,PU,1.534009044,1.618646453,0,364.8096724,282.268103,0.002459153,0.055347164,1011.674977,200,86.5,,
13,15.6918248,Si1,1.175302516,PU,1.48124605,0.637135737,0,422.3069902,281.533415,-0.000383146,0.055336476,1391.581811,229.9,104.5,,
14,10.60895805,Si1,1.286467086,PU,1.737465949,2.073143277,0,357.5419643,328.6705566,0.002304666,0.055405992,974.0081231,177.9,83.2,,
15,15.97296741,Si1,0.838936285,PU,2.871621313,1.670524645,1,433.6453679,557.6574572,-0.001950871,0.037066554,1403.325343,227.000001,99.9,,
16,13.99767871,Si1,0.918833763,PU,2.695386398,1.351074969,1,411.5138018,537.5343143,-0.003067128,0.037146328,1245.098003,185.000001,94.1,,
17,11.69171969,Si1,1.10711204,PU,2.243685465,2.386163796,0,379.7768035,282.3695033,0.001415715,0.055214871,1073.224583,206.3,85.3,,
18,9.881964238,Si1,1.099430224,PU,2.673421705,1.892218877,1,353.550196,879.9395417,0.001665293,0.028785779,938.9059654,178.000001,79.2,,
19,8.077111528,Si1,0.512140297,PU,1.153069751,1.02264498,1,434.8377633,557.8196782,0.000192778,-0.000192778,937.7557237,73.000001,62.4,,
1,14.45130578,Si1,0.915320162,Si1,2.589303033,1.399563722,0,408.1386641,283.1381244,-0.000352133,0.055216355,1230.282104,226.5,96.6,Itr_4,
2,14.60882285,Si1,0.918763492,Si1,2.573233908,1.480165841,0,410.2243113,282.7015683,0.000356071,0.055167429,1243.208089,231.6,97.2,,
3,9.900176245,Si1,1.151306175,Si1,2.176379765,0.64676278,1,339.134064,580.1009093,0.000238355,0.035038112,910.1034426,172.000001,78.9,,
4,10.09776407,Si1,1.161073593,Si1,2.057503871,0.971938552,1,343.854022,907.5644526,0.000243294,0.039170334,932.5873163,168.000001,80.9,,
5,8.708921383,Si1,1.217888925,Si1,2.202329544,0.724420579,1,321.563582,941.1321635,0.008134347,0.041923173,836.9635358,155.000001,74.3,,
6,8.648994566,Si1,1.206118421,Si1,2.450512006,1.118300977,1,323.0028969,956.5920886,0.000207075,0.041207875,834.7872083,165.000001,74.1,,
7,9.648561387,Si1,1.138743125,Si1,2.387552949,0.545372157,1,334.4364054,954.2245363,-0.005337472,0.028543872,900.6300665,174.000001,77.9,,
8,8.529271464,Si1,1.513040413,Si1,1.114374079,1.483803178,0,311.5200748,279.9546561,0.000612245,0.055301036,762.2272419,158.4,69.7,,
9,13.38759806,Si1,0.910701055,Si1,2.653438927,1.579153058,0,397.1443206,281.1702632,-0.00032554,0.055420896,1155.942836,218.1,92.6,,
10,10.11914979,Si1,1.128601713,Si1,2.219883545,0.937430176,1,344.2891161,528.6447161,0.002194459,0.032429224,931.4072318,173.000001,80.1,,
11,13.58201215,Si1,0.891824261,Si1,2.729308988,0.948355402,0,397.6521512,282.5292595,-0.0003304,0.055173221,1165.643594,213.3,93.3,,
12,10.50618204,Si1,1.055547156,Si1,2.549243282,1.238344895,0,351.3714815,284.9724693,0.002281541,0.055381991,954.25205,193.4,81.9,,
13,10.4234577,Si1,1.189513712,Si1,1.853287317,0.551771248,1,344.4608266,569.1711704,0.005280167,0.03595542,944.5481418,171.000001,82,,
14,12.03263349,Si1,0.993864099,Si1,2.429992263,0.668172287,0,372.2522275,280.826679,0.001458329,0.055166588,1066.157842,197.9,87,,
15,15.9857585,Si1,1.203872808,Si1,1.193499477,2.47515984,0,434.7637791,276.9403966,-0.000390494,0.05508458,1330.59688,234.2,97,,
16,13.99466797,Si1,1.154759959,PU,1.644252038,2.038116494,1,409.9947431,545.9784253,0.028960924,0.033049525,1265.885888,212.000001,95.4,,
17,11.96451925,Si1,0.977477138,PU,2.877955673,1.662897407,0,382.6934564,283.2278577,0.000289963,0.055296483,1089.018866,205.2,85.8,,
18,9.968981313,Si1,1.213228216,PU,2.082808829,2.492800012,1,354.0420311,971.0765389,0.001200373,0.037691697,937.4743389,172.000001,80.2,,
19,9.821372038,Si1,1.172347049,Si1,2.135138829,0.582221447,1,336.459166,578.4148775,0.000236384,0.037112327,904.7872848,165.000001,78.6,,
20,9.658321629,Si1,1.3448167,PU,1.66062974,0.964675544,1,336.5611044,518.2426137,0.000232308,0.043906212,896.8577577,155.000001,80.2,,
1,12.03882215,Si1,1.124473455,PU,2.015579815,0.544372891,0,374.9283524,284.0620909,-0.000291821,0.055181132,1110.997404,193.7,85.8,Itr_5,
2,11.43013014,Si1,1.114888706,PU,2.261158985,0.579141747,1,363.8988415,903.7484,0.01189394,0.02959655,1051.22116,192,84.1,,
3,8.913048729,Si1,1.551780237,PU,1.182620567,0.50396045,0,311.0863501,282.7727655,0.001068381,0.055314236,790.8323914,160.4,71.1,,
4,11.97090622,Si1,1.067822651,PU,2.205648366,1.183619162,0,380.2583755,284.8876553,-0.001450613,0.055311652,1106.716753,198.8,85.8,,
5,9.180279841,Si1,1.566330371,PU,1.101986336,0.942498924,0,317.9625796,283.7836734,-0.000661071,0.055294625,806.0912789,161.5,72.1,,
6,12.30884734,Si1,1.000491549,PU,2.479087253,0.815113543,0,384.213685,283.5529252,0.001492856,0.055218549,1127.77322,198.9,87.1,,
7,11.46218297,Si1,0.939764217,PU,2.979647604,2.404168149,0,379.37083,284.3519708,0.001387023,0.055213053,1066.190154,204.8,83.9,,
8,11.50539229,Si1,1.029614874,PU,2.534272148,1.227559433,0,374.0003201,284.5108889,0.001392424,0.055319995,1061.538707,198,84.1,,
9,8.343391202,Si1,1.466429671,PU,1.269276384,0.5519769,1,311.1324763,618.4117366,-0.000199435,0.04407508,786.2336651,148.000001,72.3,,
10,15.19943197,Si1,1.112263266,PU,1.806846237,2.296532992,0,424.0609228,284.3463659,0.000370836,0.055191846,1364.023185,246.2,98.8,,
11,8.904539842,Si1,1.50507795,PU,1.118165676,1.220872911,0,318.2714434,284.0776199,0.000213464,0.055286792,796.9099811,157.3,71,,
12,14.59148135,Si1,1.002475245,PU,2.446538666,2.093411607,0,419.111486,284.5845954,0.000355637,0.055134049,1285.116186,236.9,96.9,,
13,9.433376644,Si1,1.125333942,Si1,2.728304454,2.088797935,0,340.1415726,316.668974,0.000226685,0.04329674,894.0838903,177.6,76.7,,
14,8.080901898,Si1,1.44711893,PU,1.158711716,0.704050247,0,306.0849239,281.026656,0.000192873,0.055330768,752.8775881,144.6,68.2,,
15,15.94533773,Si1,1.016142564,Si1,1.12429307,1.763414489,1,435.8663527,632.6739325,-0.005063286,0.042453702,1375.465016,172.000001,96.2,,
16,13.9319673,Si1,1.049997399,PU,2.181545924,2.226610357,1,411.2173031,611.6297869,-0.023401298,0.030862582,1253.267641,206.000001,93,,
17,11.87373144,Si1,0.994706936,Si1,2.015208437,2.454258806,0,384.4798323,283.5410884,-0.001438466,0.055368554,1083.083671,211.1,86.4,,
18,9.989821187,Si1,1.237723701,PU,2.24724414,2.023632105,1,349.8204229,672.9946091,-0.000240596,0.033442775,930.0774311,178.000001,80.1,,
19,8.014357747,Si1,0.539256138,Si1,1.149211025,1.906145509,1,458.1224741,676.9343431,0.000191209,0.002103299,917.9595635,76.000001,62.4,,
20,11.19234946,Si1,2.025815508,PU,1.279962183,1.042017215,0,325.599937,269.4431705,0.000270659,0.055357193,859.3262648,196.1,80.3,,
1,10.51252552,Si1,1.623057067,PU,1.327445982,0.666895059,0,331.4010114,281.0490288,0.002282969,0.055399294,905.6374982,187.7,84.7,Itr_6,
2,10.24979304,Si1,1.555388792,PU,1.243939082,1.238341693,1,336.4529201,834.1571,0.010130885,0.036322928,884.0263962,174.000001,75.2,,
3,13.5566024,Si1,0.988948534,PU,2.466286287,1.519676309,1,405.7873114,547.7456011,-0.037922975,0.031327675,1216.629005,217.000001,92.5,,
4,13.74830467,Si1,1.001804977,PU,2.369301122,1.026962517,1,405.2674666,523.1240515,-0.032452078,0.032452078,1229.26822,208.000001,93.5,,
5,8.268105557,Si1,1.246524879,Si1,1.937945696,2.381885019,1,326.6346181,852.8437483,0.000592658,0.040103208,806.0019386,169.000001,73.3,,
6,11.0866684,Si1,1.577189286,PU,1.335943319,0.708844733,0,342.8530467,278.9455385,-0.000268017,0.055355725,947.6333682,193.8,87.5,,
7,8.25461398,Si1,1.332088622,PU,1.589094113,2.181028636,1,325.7565774,538.6792303,0.002169368,0.042795709,805.6328373,145.000001,72.8,,
8,14.23314983,Si1,1.007623431,PU,2.19830984,0.753267796,1,408.6051943,558.8258497,0.000346679,0.035707911,1276.286553,188.000001,93.8,,
9,9.744257716,Si1,1.62249221,PU,1.156329232,0.617098996,0,320.4567999,283.7133084,0.002110109,0.055415867,835.472317,168.1,73.2,,
10,9.962319947,Si1,1.480429834,PU,1.492448936,1.044297835,0,335.5468833,284.4784564,-0.000719724,0.05533942,896.0495845,182.1,81.7,,
11,14.66762934,Si1,0.98113128,PU,2.248799582,1.335221493,1,418.9365375,656.2312118,-0.00464803,0.030390964,1313.166345,209.000001,95.4,,
12,9.511881013,Si1,1.512343463,Si1,1.362870891,0.527751454,0,322.1636686,284.0944279,-0.001600529,0.055416287,844.7702513,180,81.3,,
13,15.98158308,Si1,1.187326118,PU,1.207313101,1.962283103,0,430.888746,281.752425,-0.00039039,0.055077265,1348.501327,231.6,95.7,,
14,13.94250716,Si1,0.961701172,Si1,2.241094065,2.456377205,0,408.4998075,284.0261224,-0.000339413,0.055242433,1208.536545,230.7,94.9,,
15,11.98138737,Si1,1.07031997,Si1,1.531637045,2.487444336,1,387.3913744,870.1364,-0.01539039,0.04442886,1111.268,214,87.4,,
16,9.973421096,Si1,0.944506627,Si1,2.928297126,2.478759423,0,354.9811372,284.9215153,0.00216167,0.055371333,930.7750284,190.6,79.4,,
17,9.849331779,Si1,1.043002734,Si1,2.560076803,2.491291927,0,351.3845548,315.0704531,-0.000237083,0.046231234,920.8615755,183.6,78.7,,
18,11.178827,Si1,1.549786974,PU,1.114944267,1.217671014,0,353.0944028,282.8830769,0.000270321,0.055322717,943.523056,184.6,78.9,,
19,14.12974066,Si1,1.066220666,PU,2.104525158,2.194927523,1,414.1818127,608.8895512,-0.011355086,0.029247948,1266.611,206.000001,93.8,,
20,8.012492482,Si1,0.507165801,PU,1.258800718,2.126281011,1,363.5910252,576.2690931,-0.000191162,0.050275672,913.8094743,92.000001,70.5,,
21,14.01649629,Si1,1.07770962,PU,1.153703225,1.463003868,1,415.7948189,819.9859233,0.016039338,0.037880138,1222.519989,153.000001,87.8,,
1,10.7259286,Si1,1.053354999,PU,2.838396469,1.233265381,0,360.2338732,284.8967852,0.002330984,0.055203815,991.777179,193.2,82.3,Itr_7,
2,10.58497393,Si1,1.203193646,PU,2.303839371,0.928335897,0,351.8519299,320.8520094,0.002299268,0.055341219,964.4070009,186,82.3,,
3,8.915445738,Si1,1.416715016,PU,2.439425496,0.814823221,0,318.9446982,283.4693717,0.000213736,0.055321976,825.8973772,176.8,75,,
4,10.47135777,Si1,1.172157031,PU,2.41710613,1.343814337,1,353.8265793,612.6093,0.000757902,0.02652657,967.0293795,181,81.8,,
5,8.779365057,Si1,1.408685599,PU,2.627502445,0.902708195,0,317.7100288,282.4770477,0.000210334,0.055303787,819.8983228,177,74.5,,
6,8.505471178,Si1,1.428222781,PU,2.621745598,0.769417225,0,312.428644,282.6727073,0.000203487,0.055424198,801.2501676,173.4,73.8,,
7,8.515256571,Si1,1.434159964,PU,2.27258893,1.072107471,0,316.0028412,283.0586195,0.000203732,0.055457484,798.4599287,171.9,73.8,,
8,8.878318252,Si1,1.329234301,Si1,1.792260656,1.599449391,1,327.2003173,588.7012144,0.000212808,0.041923176,835.5482686,174.000001,75.5,,
9,15.02318617,Si1,0.980430757,PU,2.595102463,2.363776672,0,423.6334708,283.8761508,0.00036643,0.055232231,1313.006201,247.8,98.4,,
10,15.26823416,Si1,1.037588939,PU,2.08035474,2.132568155,1,425.3453274,823.0395492,0.005588336,0.02719657,1357.275412,226.000001,98.3,,
11,13.55547571,Si1,1.222507141,Si1,1.225656791,1.180724894,1,397.18294,819.1930564,0.047811865,0.035941333,1146.234909,204.000001,87.9,,
12,13.32329935,Si1,1.121678322,Si1,1.504883555,1.589377483,0,398.2473763,284.6857766,-0.000323932,0.05528426,1204.491747,216.2,92.8,,
13,15.96007833,Si1,0.943168992,Si1,1.678329184,0.512505813,0,426.5300513,281.0729357,-0.000389852,0.05503964,1402.0402,234.1,102.3,,
14,13.97991519,Si1,0.960052693,PU,2.875245206,1.842322884,1,410.1406866,829.2875357,-0.035055844,0.029610276,1226.467227,218.000001,94.3,,
15,11.92889038,Si1,0.795902742,Si1,2.825672635,2.335557432,0,384.979147,282.7719893,0.000289072,0.055211864,1071.837244,209.1,84.9,,
16,9.984331748,Si1,1.216312983,PU,2.517324343,2.300818584,0,351.0946793,284.0806876,-0.001683208,0.055402699,927.4231178,189.9,80.2,,
17,15.15484558,Si1,1.133281752,PU,1.77851066,2.203942285,0,423.0338207,283.4984613,0.000369721,0.055109373,1362.220423,244.9,100.7,,
18,11.9143147,Si1,1.045291255,PU,2.255878155,2.329520884,0,384.0811568,323.5714485,-0.000288708,0.055177248,1106.768385,202,85.7,,
19,8.453771432,Si1,0.519461751,Si1,1.130929037,2.458920092,1,409.7895666,544.7070597,0.000202194,0.007885576,953.2726376,76.000001,63.2,,
20,12.25382311,Si1,2.128086768,PU,2.012521472,0.536322795,0,325.3279815,259.47661,0.001485978,0.055389188,918.4418189,215.3,89.8,,
1,10.7259286,Si1,1.053354999,PU,2.838396469,1.233265381,0,360.2338732,284.8967852,0.002330984,0.055203815,991.777179,193.2,82.3,Itr_8,
2,10.58497393,Si1,1.203193646,PU,2.303839371,0.928335897,0,351.8519299,320.8520094,0.002299268,0.055341219,964.4070009,186,82.3,,
3,8.915445738,Si1,1.416715016,PU,2.439425496,0.814823221,0,318.9446982,283.4693717,0.000213736,0.055321976,825.8973772,176.8,75,,
4,10.47135777,Si1,1.172157031,PU,2.41710613,1.343814337,1,353.8265793,612.6093,0.000757902,0.02652657,967.0293795,181,81.8,,
5,8.779365057,Si1,1.408685599,PU,2.627502445,0.902708195,0,317.7100288,282.4770477,0.000210334,0.055303787,819.8983228,177,74.5,,
6,8.505471178,Si1,1.428222781,PU,2.621745598,0.769417225,0,312.428644,282.6727073,0.000203487,0.055424198,801.2501676,173.4,73.8,,
7,8.515256571,Si1,1.434159964,PU,2.27258893,1.072107471,0,316.0028412,283.0586195,0.000203732,0.055457484,798.4599287,171.9,73.8,,
8,8.878318252,Si1,1.329234301,Si1,1.792260656,1.599449391,1,327.2003173,588.7012144,0.000212808,0.041923176,835.5482686,174.000001,75.5,,
9,15.02318617,Si1,0.980430757,PU,2.595102463,2.363776672,0,423.6334708,283.8761508,0.00036643,0.055232231,1313.006201,247.8,98.4,,
10,15.26823416,Si1,1.037588939,PU,2.08035474,2.132568155,1,425.3453274,823.0395492,0.005588336,0.02719657,1357.275412,226.000001,98.3,,
11,13.55547571,Si1,1.222507141,Si1,1.225656791,1.180724894,1,397.18294,819.1930564,0.047811865,0.035941333,1146.234909,204.000001,87.9,,
12,13.32329935,Si1,1.121678322,Si1,1.504883555,1.589377483,0,398.2473763,284.6857766,-0.000323932,0.05528426,1204.491747,216.2,92.8,,
13,15.96007833,Si1,0.943168992,Si1,1.678329184,0.512505813,0,426.5300513,281.0729357,-0.000389852,0.05503964,1402.0402,234.1,102.3,,
14,13.97991519,Si1,0.960052693,PU,2.875245206,1.842322884,1,410.1406866,829.2875357,-0.035055844,0.029610276,1226.467227,218.000001,94.3,,
15,11.92889038,Si1,0.795902742,Si1,2.825672635,2.335557432,0,384.979147,282.7719893,0.000289072,0.055211864,1071.837244,209.1,84.9,,
16,9.984331748,Si1,1.216312983,PU,2.517324343,2.300818584,0,351.0946793,284.0806876,-0.001683208,0.055402699,927.4231178,189.9,80.2,,
17,15.15484558,Si1,1.133281752,PU,1.77851066,2.203942285,0,423.0338207,283.4984613,0.000369721,0.055109373,1362.220423,244.9,100.7,,
18,11.9143147,Si1,1.045291255,PU,2.255878155,2.329520884,0,384.0811568,323.5714485,-0.000288708,0.055177248,1106.768385,202,85.7,,
19,8.453771432,Si1,0.519461751,Si1,1.130929037,2.458920092,1,409.7895666,544.7070597,0.000202194,0.007885576,953.2726376,76.000001,63.2,,
20,12.25382311,Si1,2.128086768,PU,2.012521472,0.536322795,0,325.3279815,259.47661,0.001485978,0.055389188,918.4418189,215.3,89.8,,
1,13.90552133,Si1,0.685101367,Si1,2.992163054,2.420413309,1,414.1651556,583.205975,-0.015908936,0.031479384,1215.393586,206.000001,92.9,Itr_9,
2,15.688585,Si1,0.729993555,Si1,2.501334394,2.479323164,1,431.9904517,543.075099,-0.001149194,0.040987928,1369.333208,209.000001,100.4,,
3,13.5180657,Si1,0.796955937,Si1,2.31188723,2.400018193,1,411.9063202,793.0054859,0.027948149,0.03189377,1210.06074,197.000001,92.3,,
4,15.24591033,Si1,0.757891799,Si1,2.309830938,2.470068334,1,430.9174224,596.1069445,0.000371998,0.039803759,1346.30673,200.000001,99,,
5,11.42344303,Si1,1.122037269,Si1,1.716698297,2.179040196,0,373.648415,283.6089072,0.002487925,0.055393608,1036.290819,204.1,85.6,,
6,8.14737947,Si1,1.285340297,Si1,2.657002323,0.63365998,0,308.9991915,317.2983068,-0.000194535,0.041435849,787.0897567,162.2,72.7,,
7,11.83832745,Si1,0.793660321,Si1,2.823147853,1.864174514,0,383.0124727,320.8138882,0.002581274,0.055283585,1070.501301,203.5,86.3,,
8,11.48252029,Si1,0.773429381,Si1,2.737863351,2.396622402,1,381.5385641,802.2479,-0.009726955,0.04418817,1049.281772,202,83.5,,
9,8.330999402,Si1,1.179255136,PU,2.802706066,0.56036355,1,321.7165742,810.5004117,-0.000199125,0.045997875,822.7412954,143.000001,72.9,,
10,8.359498502,Si1,1.198093712,PU,2.744740288,1.076267858,1,324.6322171,543.7046132,0.000599513,0.040966688,824.3250589,147.000001,73,,
11,9.021305031,Si1,1.056164476,PU,2.990898919,2.066501013,1,347.1987255,898.6242678,-0.000216383,0.036135919,890.234737,161.000001,74.8,,
12,9.281090096,Si1,1.105456055,PU,2.87261737,0.688561222,1,337.1575381,872.4647098,0.000222877,0.047472854,894.222553,149.000001,75.6,,
13,15.97979604,Si1,0.945680067,Si1,1.447662205,2.482315568,1,442.4125678,865.4572532,0.000390345,0.036302085,1461.561336,214.000001,105.5,,
14,13.9608088,Si1,0.786303707,Si1,2.527042609,1.934800543,1,413.5130954,819.5131618,0.006457535,0.02752949,1225.80827,201.000001,94,,
15,11.94995076,Si1,0.876822438,Si1,2.40858508,1.986593679,0,385.3255638,284.9460518,-0.001447994,0.055261884,1083.552011,208.5,85.7,,
16,9.886665828,Si1,1.004740639,PU,2.965256869,2.357996429,1,358.1539767,918.6529335,-0.00071405,0.041176898,946.254326,182.000001,78.8,,
17,14.25093432,Si1,1.018294264,PU,2.117874521,2.113355891,1,416.8106536,568.119838,0.000347123,0.031588216,1284.032902,202.000001,94.1,,
18,11.60859702,Si1,0.867362898,PU,2.868887149,0.758205449,1,378.0423643,609.9698843,0.033446726,0.036819505,1088.622502,166.000001,84.1,,
19,15.49091174,Si1,0.728131852,Si1,2.863552113,2.461431407,1,426.523267,824.0736846,-0.000378123,0.03440917,1327.044816,220.000001,97.8,,
20,14.03440127,Si1,1.59649394,PU,1.119347042,1.837730768,0,389.3093083,280.4804765,-0.00034171,0.05542851,1124.049189,215.2,90.2,,
1,15.67999267,Si1,0.937653639,Si1,1.657333916,1.183529757,1,430.0933652,822.9891215,0.00038285,0.037136426,1400.590012,206.000001,101,Itr_10,
2,15.75058789,Si1,1.070476334,Si1,1.216731821,1.246789464,1,428.9197334,561.4840348,-0.000384615,0.034999942,1335.114555,204.000001,95.6,,
3,15.69808892,Si1,0.956859107,Si1,1.463647538,0.967815248,1,429.6461556,609.9365556,-0.004982929,0.032580691,1410.949459,227.000001,102.2,,
4,8.231838573,Si1,1.289879363,PU,2.806872604,1.807047922,0,323.6591833,283.9574447,0.00098323,0.05528044,806.8214266,171.7,72.8,,
5,13.87229154,Si1,1.214764033,Si1,1.286390109,2.46179462,0,405.3079183,284.9465514,-0.000337657,0.055100237,1167.253074,218.4,88.7,,
6,8.074779188,Si1,1.39719844,Si1,1.829565761,2.148379032,0,315.7052149,281.9770691,0.001349037,0.055308889,771.6280671,167.5,73.2,,
7,13.48195512,Si1,1.276141152,PU,1.424790501,2.367347765,0,400.1522614,280.2752474,-0.000327899,0.055293516,1166.500272,223.8,95.9,,
8,12.90639382,Si1,1.188910861,PU,1.686618074,2.320380507,0,394.7380151,281.6848715,0.001567549,0.055338867,1138.639398,215.9,92.1,,
9,8.152773061,Si1,1.345124634,PU,2.538888792,2.42792588,0,321.8700514,283.5272966,0.000194669,0.055393034,792.1545982,169,72.7,,
10,8.28058374,Si1,1.387159634,PU,2.051627803,1.676956325,0,320.7914277,284.363408,0.000989323,0.05545103,793.6530979,167.4,73.1,,
11,8.273810685,Si1,1.393333009,PU,2.078084523,1.79192328,0,319.805878,284.5171234,0.000197695,0.055427335,794.7912319,166.7,73.2,,
12,11.39756566,Si1,1.166022417,Si1,1.95770133,0.850947989,0,359.7516157,281.9476407,0.001378946,0.055328925,1013.06657,197.7,84.7,,
13,10.77082494,Si1,1.37234616,Si1,1.144052121,2.367621303,1,360.1693122,609.9637639,0.007023254,0.035636509,943.553288,168.000001,77.6,,
14,10.04148199,Si1,1.369281136,Si1,1.258598749,1.776769863,1,349.9252871,944.8817682,0.002176983,0.041362677,899.9412166,155.000001,75,,
15,15.89970239,Si1,1.158606806,Si1,1.111766748,2.106061922,1,431.6688941,512.586024,0.000388343,0.039222593,1342.730597,200.000001,96.9,,
16,13.97016477,Si1,0.764310965,Si1,2.733515211,0.511239398,1,406.2093227,618.7010446,-0.000340104,0.035030712,1217.200468,186.000001,93.9,,
17,11.96020534,Si1,0.939341799,PU,2.689605564,2.476563345,0,391.568677,284.1658284,0.000289855,0.055286237,1123.468866,206.9,85.2,,
18,9.955859939,Si1,1.084224751,Si1,2.175030919,2.219044836,1,352.400788,558.2965365,-0.007432142,0.031886285,934.6432042,171.000001,79.9,,
19,11.66815384,Si1,1.052190079,PU,2.862408185,0.795309338,0,368.5306241,283.6467899,0.002542985,0.055440277,1052.784555,195.1,85,,
20,14.18114692,Si1,0.963994047,PU,2.117855449,0.716186983,1,411.674956,552.2530637,-0.001036136,0.041790829,1287.058869,172.000001,93.5,,
21,15.15739011,Si1,1.064115728,PU,1.128284431,0.549478437,1,422.863116,706.8851344,-0.000369785,0.03660869,1301.742068,171.000001,92.2,,
22,12.80138498,Si1,1.383211893,Si1,1.639368801,1.7687046,0,379.6409078,276.5945251,0.001554423,0.055418732,1094.927291,221.6,91.5,,
1,15.94553706,Si1,1.026733187,Si1,1.626768593,2.359631676,1,431.9025871,620.4693228,0.000389489,0.0338855,1397.66176,235.000001,102.7,Itr_11,
2,15.79042276,Si1,0.834026829,Si1,2.305755691,0.787085383,0,425.584634,282.1163819,0.000385611,0.055128346,1357.342099,237.2,101.7,,
3,15.22524812,Si1,1.128244768,PU,1.563781922,1.552518755,1,423.090562,558.3072687,-0.004086294,0.023403319,1292.402533,241.000001,101.8,,
4,13.54262801,Si1,0.964625124,Si1,1.835068044,1.016829155,1,403.5178991,614.2877536,-0.031294496,0.034588654,1214.383385,198.000001,92,,
5,13.83083009,Si1,1.128110339,PU,1.45900394,0.52052151,1,401.0815783,604.2902108,-0.029959247,0.033325454,1264.60819,198.000001,94.5,,
6,11.62179194,Si1,0.975361816,Si1,2.030638544,1.5647179,1,377.1511954,851.5228674,-0.053746407,0.036299929,1072.606033,191.000001,85.2,,
7,11.92941023,Si1,1.418116609,Si1,1.218691284,0.84228234,0,363.9402321,283.0388204,0.000289085,0.055213099,991.1720794,191.9,82.5,,
8,11.46786426,Si1,1.345904786,PU,1.393179297,0.642560496,0,359.1996312,283.3602146,0.001387733,0.055227113,1009.819232,192.4,87.2,,
9,8.890321739,Si1,1.407347745,PU,1.583911398,0.627211353,1,321.985039,855.475796,-0.007884996,0.042834708,824.3506129,157.000001,75.4,,
10,8.619590296,Si1,1.384475076,PU,1.880608618,0.505064553,1,317.8520879,950.4098226,-0.00804725,0.040236251,812.4019068,157.000001,74.1,,
11,9.809012688,Si1,1.147467315,Si1,2.306825493,1.623565428,0,344.2835273,284.9992617,0.002124677,0.055370804,907.485866,188,78.4,,
12,8.011430922,Si1,1.268178127,PU,2.745499213,0.754546084,1,314.7397529,915.604971,0.000573407,0.042623272,787.5205953,150.000001,72,,
13,15.79851847,Si1,0.81630217,Si1,2.974764634,1.968132705,0,422.3507164,282.2726162,-0.000385813,0.055142723,1326.040126,261,101.4,,
14,13.82273411,Si1,1.00620583,Si1,1.790432621,2.458390797,1,410.0430417,610.7093859,-0.021867186,0.03263257,1232.876445,201.000001,95.1,,
15,11.95191809,Si1,1.021163494,PU,2.607262379,1.988645842,0,384.0593015,283.0493787,0.000289648,0.055266555,1091.929378,208,86.1,,
16,9.898883989,Si1,1.131391553,PU,2.800944817,2.195038995,0,351.6759131,284.9351604,0.002144898,0.055395352,926.4036904,188,78.9,,
17,9.732774756,Si1,1.406774439,Si1,1.207200124,1.78279601,1,340.0616216,842.1475801,-0.000234169,0.04378965,874.5007472,153.000001,74,,
18,12.2534962,Si1,0.826636628,Si1,2.848439144,2.28577932,0,387.6853639,284.1774052,0.001485937,0.055388428,1096.344819,211.6,88.3,,
19,15.95647377,Si1,0.778056111,Si1,2.868213498,0.867821673,0,421.8927646,278.8808567,-0.000389762,0.055033323,1348.402138,242.7,101.9,,
20,13.41078666,Si1,1.252787801,Si1,2.868640587,1.368568303,0,377.417595,270.6004424,-0.00032612,0.055144059,1087.795474,222.9,94.4,,
1,8.834276558,Si1,1.405655645,Si1,1.664326357,1.080594271,0,320.39538,284.6702831,0.000211707,0.05527191,818.2579673,174.6,75.6,Itr_12,
2,8.000699442,Si1,1.442127184,PU,1.234133881,1.702531762,0,309.0331,279.9039,0.000954338,0.05542579,750.4929,145.6,67.4,,
3,8.530699846,Si1,1.405443508,Si1,1.556360553,1.30450125,0,318.4406306,284.8888426,0.000204118,0.055305863,800.6483942,169.8,74.8,,
4,8.433879441,Si1,1.386859591,Si1,1.691180288,1.399091405,0,318.825451,284.4444809,0.000201697,0.055382489,797.0317135,170.4,74.3,,
5,13.58015275,Si1,1.02959112,Si1,1.735598712,0.547709353,0,398.2759919,283.1232822,-0.000330354,0.055169361,1211.89895,205.8,92.7,,
6,15.43204463,Si1,1.011611763,Si1,1.511257053,0.842051756,0,425.4579247,282.6806659,-0.002636557,0.055245523,1368.989533,233.6,101,,
7,13.56984832,Si1,1.285849676,PU,1.230932822,2.248952107,0,401.4340156,283.5066612,-0.000330096,0.055147989,1151.524,208.4,87.3,,
8,15.3900785,Si1,0.877107358,Si1,2.076726158,1.075074089,0,426.0813668,280.9251462,-0.002629214,0.055168946,1344.093891,227.3,98.8,,
9,14.60175929,Si1,1.273100938,PU,1.117842813,2.059093284,1,414.16661,551.5537067,0.024556686,0.035233506,1232.222454,193.000001,91,,
10,11.62721671,Si1,1.157323158,PU,1.9837635,0.539633266,0,366.2313561,324.7668749,0.001407652,0.055339982,1062.53419,187.5,85.1,,
11,10.52217759,Si1,1.498971496,PU,1.208872459,0.716301,1,339.1821684,545.8604855,0.013964748,0.040370816,909.7211744,158.000001,75.7,,
12,11.44851295,Si1,1.367359986,PU,1.371496994,0.929509814,0,360.1694655,284.6661768,0.001385314,0.05517922,1011.06248,194.9,87.6,,
13,15.95698005,Si1,1.087970087,Si1,1.496018536,2.003631739,0,432.543957,280.4812085,-0.000389775,0.055034215,1401.79728,251.5,103.8,,
14,13.89797778,Si1,0.946555867,PU,2.71514234,2.307201721,1,411.9987185,563.6084711,-0.02740226,0.030785255,1233.336452,214.000001,93.8,,
15,11.8712211,Si1,0.914029486,PU,2.803032242,2.377761775,0,387.5689237,284.8071915,-0.001438153,0.05536253,1099.603287,206.2,85,,
16,9.856193573,Si1,0.97947452,Si1,2.638308365,2.260035473,0,353.4216803,320.7323479,0.001660783,0.055271551,926.1419907,175.1,76.7,,
17,11.54479058,Si1,1.039343993,Si1,1.981622731,2.472143787,0,377.7188952,284.0571601,0.001397349,0.055417508,1050.522436,205.5,85.7,,
18,8.830842911,Si1,1.524980666,PU,1.158366847,1.311022279,0,315.9648633,282.7914686,0.000211621,0.05526073,794.3139057,158.5,70.8,,
19,14.59372851,Si1,1.282098146,PU,1.108170785,2.474137534,1,415.3947849,829.1577297,0.039481951,0.035925018,1228.536989,205.000001,91.2,,
20,15.3384972,Si1,1.9944429,Si1,1.643545784,2.019812948,0,380.5860914,260.772311,0.000374313,0.055074813,1156.939362,260,105.9,,
1,8.523008835,Si1,1.390125134,PU,2.257551397,0.524499338,0,314.6246375,284.9340496,0.000203925,0.055279909,803.5923663,170.2,73.8,Itr_13,
2,9.908486069,Si1,0.871015319,Si1,2.992445722,2.076477538,1,356.8875734,683.9524969,0.000238562,0.032205904,944.6969692,159.000001,76.2,,
3,15.82205939,Si1,1.25115508,PU,1.152579589,1.36572838,0,425.5249852,279.7201806,0.000386402,0.055184507,1318.134937,225.4,94.7,,
4,12.67741792,Si1,1.320681163,PU,1.140566862,1.033162319,1,383.5093155,826.0028597,0.044013319,0.039088752,1077.526625,177.000001,84,,
5,14.32242197,Si1,1.3065989,PU,1.119789726,1.224610451,1,406.429017,822.1314077,0.028959572,0.035937782,1199.607478,183.000001,90.3,,
6,10.4486565,Si1,0.920344446,Si1,2.522838456,2.16739001,1,363.7575388,888.7778382,-0.001260333,0.042095106,973.6789202,191.000001,81.6,,
7,10.45777986,Si1,0.983210009,Si1,2.272228454,2.351183993,1,363.0494392,652.7951,-0.00227065,0.03607811,972.9754624,189,81.7,,
8,11.38423132,Si1,1.216365206,PU,1.509114886,2.482529496,1,374.3265756,813.984449,0.006335482,0.033881057,1037.723189,191.000001,86.4,,
9,8.047564948,Si1,1.301436833,PU,2.420675461,1.453759372,0,320.4419458,315.5181735,0.000192039,0.045129165,788.9218757,161.7,72.5,,
10,14.91469581,Si1,1.306795725,PU,1.139216094,1.686125992,1,412.0282888,793.3528097,0.036008033,0.033098293,1247.310061,210.000001,92.1,,
11,12.28849609,Si1,1.343888698,PU,1.122329911,1.802071426,1,383.7207112,550.350995,0.042026798,0.035469426,1048.197676,183.000001,83.2,,
12,12.74489052,Si1,1.242885034,PU,1.301195327,0.903689986,1,386.3227776,590.1171211,-0.034970367,0.039302979,1089.708045,169.000001,83.9,,
13,8.477532287,Si1,1.29458051,PU,2.668982936,0.909657101,1,320.2478613,859.4643237,-0.000202788,0.04400505,817.1347456,168.000001,73.4,,
14,15.95600472,Si1,1.135578983,PU,1.81840891,2.471386219,0,427.7191048,283.3802745,0.00038975,0.0550325,1344.884375,261.5,104,,
15,13.90001521,Si1,0.900571293,Si1,2.151506023,1.325136728,1,408.3690008,649.1917943,-0.007782062,0.030113195,1226.021479,196.000001,94.4,,
16,11.92461479,Si1,0.95514946,PU,2.364268424,2.411380054,0,390.4601562,284.4400479,-0.001444827,0.055201711,1101.777022,207.1,86.3,,
17,9.924840313,Si1,1.008329066,Si1,2.549614523,1.853179807,1,351.9735932,583.4715913,0.000238971,0.041341983,934.4247136,185.000001,79,,
18,11.47681446,Si1,1.342707332,PU,1.348814284,1.024376147,1,363.0088093,798.7496382,0.01583291,0.042498864,1018.238846,204.000001,87.6,,
19,14.49967626,Si1,1.302782569,PU,1.181483196,2.124877119,1,410.3205514,669.4295419,-0.028620702,0.034980858,1215.414977,194.000001,90.6,,
20,8.033887156,Si1,1.060719416,Si1,2.999526368,2.337111353,1,330.1362584,1000.869636,0.000191697,0.043131881,818.3473795,160.000001,72,,
21,8.126060748,Si1,0.969243702,PU,2.740169379,1.970847585,1,343.0519394,814.7061232,0.008342065,0.047142365,844.5411954,130.000001,72.1,,
1,12.83018789,Si1,0.766444423,Si1,2.981181108,1.311030195,0,393.662206,282.5414595,-0.000311605,0.055171214,1132.925759,210.1,89.6,Itr_14,
2,10.36478264,Si1,1.426550325,PU,1.286127271,2.385613689,1,350.3697877,619.6788001,0.012748445,0.0352457,917.6645934,165.000001,75,,
3,15.922578,Si1,1.121647371,PU,1.691874436,1.692480482,0,432.8030357,280.3708268,0.000388915,0.05536293,1347.264406,243.9,104.3,,
4,10.67452617,Si1,1.305046211,PU,1.573172912,2.43245549,1,359.4535684,540.5069,0.008504537,0.03169873,974.8746104,186,83.6,,
5,8.022530915,Si1,1.29668216,PU,2.399743787,2.474092454,0,324.743269,284.2436979,-0.000957066,0.055313508,791.0811433,166.5,72.3,,
6,15.69350685,Si1,1.077986567,Si1,1.243725997,0.745746559,0,421.5364428,284.4300909,-0.000383188,0.055339518,1313.349764,217.5,95.4,,
7,15.9761257,Si1,1.222839799,PU,1.177721119,1.116553913,0,426.5432755,280.6252623,-0.000390253,0.055067728,1339.020963,225.6,94.9,,
8,10.24339621,Si1,1.474019656,Si1,1.134344993,2.076379214,1,346.1318624,544.2756492,0.014075295,0.033830095,893.1528329,169.000001,76,,
9,8.023007605,Si1,1.445981956,PU,1.291267724,2.286789773,0,317.1899977,283.3838751,0.000957126,0.055315236,773.8716092,153.9,71.6,,
10,9.214904316,Si1,1.487747242,Si1,1.121347953,2.341592258,0,328.137013,318.3763457,-0.000663668,0.055402813,822.028527,164.5,72,,
11,9.031629437,Si1,1.413890969,PU,1.43167797,2.295319513,1,333.8837228,509.5177286,-0.002383048,0.035745724,840.0520184,165.000001,76.3,,
12,12.3592988,Si1,0.923711392,PU,2.984613787,1.248060785,0,387.6118151,284.3811575,0.001499162,0.055334587,1119.876363,204.6,86.5,,
13,15.95863584,Si1,0.911694388,Si1,2.227029845,2.095969998,0,432.620553,278.7054255,0.000389816,0.05503712,1368.399005,253.4,103.1,,
14,13.97079819,Si1,0.922620001,Si1,2.152096763,2.146208097,1,412.0687837,613.112692,-0.03095092,0.03095092,1225.491617,219.000001,94.9,,
15,11.96952353,Si1,1.040960707,PU,2.077628019,2.348285194,1,387.970129,817.7391713,-0.003771145,0.04728436,1122.252561,222.000001,86,,
16,9.75774974,Si1,1.117252053,PU,2.905962985,2.448143761,0,351.720736,283.4756571,0.001643556,0.055220869,917.3763187,187.7,77.9,,
17,14.19010525,Si1,0.747645729,Si1,2.510451816,2.005042474,1,419.3197946,521.8949337,-0.005875247,0.0376707,1248.904081,193.000001,94.6,,
18,13.91843298,Si1,1.061917514,Si1,1.768801922,2.381546638,0,409.607232,284.1540236,-0.000338811,0.055193671,1228.568673,229.2,95.7,,
19,10.25891648,Si1,1.458741784,Si1,1.112643983,2.456183918,1,350.5302388,900.2047432,0.001731261,0.037840419,899.8575433,164.000001,76,,
20,14.6901419,Si1,0.9241333,Si1,2.12238134,2.225109639,1,418.0872281,654.2686246,0.023276728,0.026141556,1279.259615,234.000001,97.7,,
1,8.188685296,Si1,1.302146721,PU,2.847193383,0.609642001,1,313.5229227,797.1138711,-0.000195567,0.042829228,796.6777915,157.000001,72.6,Itr_15,
2,11.39693364,Si1,1.019987694,Si1,2.470606628,0.571700559,0,360.2838687,283.9217104,0.002481959,0.055327325,1021.990663,194.3,84.8,,
3,8.77886552,Si1,1.244655547,PU,2.929281429,0.94306076,0,326.1412194,284.6827378,0.000210322,0.055302149,842.6612191,176.5,74.3,,
4,10.33454459,Si1,1.031869141,Si1,2.755626371,0.909024841,0,347.4162976,322.1277011,0.002242922,0.055412699,933.806832,180.4,81.1,,
5,15.99171086,Si1,1.220121637,PU,1.236188073,2.189629733,0,429.4192024,284.3780376,-0.000390643,0.055094993,1335.397517,243.8,95.8,,
6,10.36103421,Si1,1.183622019,PU,2.562877205,0.501082972,0,344.2650908,319.6183779,0.002248882,0.055236333,946.2669628,182.4,81.1,,
7,8.426081328,Si1,1.249142839,Si1,2.34117385,1.559177941,0,322.5835997,317.1036348,0.000201502,0.03727787,816.39577,165.8,73.6,,
8,13.8111216,Si1,1.168099736,PU,1.607577976,1.613515909,0,405.370214,284.7561514,-0.000336128,0.055312496,1249.734072,218.1,94.2,,
9,13.83465753,Si1,1.323913431,PU,1.161420421,0.708937873,0,394.8581367,284.6295895,-0.000336717,0.055360753,1155.097732,195.3,88.5,,
10,14.90671604,Si1,1.089041367,PU,1.710663542,1.166417884,1,418.0265457,575.9967312,-0.004725734,0.026536814,1356.25617,223.000001,99.4,,
11,14.71266792,Si1,1.290744923,PU,1.128600555,0.934253776,0,412.3378578,278.4029059,0.002510667,0.05536734,1231.507514,202.4,91.3,,
12,9.215553207,Si1,1.030230631,Si1,2.83763343,2.21856746,1,343.9917287,884.6675654,-0.000663716,0.033407051,899.2873301,169.000001,75.6,,
13,13.20157771,Si1,1.291916248,Si1,1.158714974,0.693410145,1,385.8573557,523.4242818,-0.03497695,0.038827623,1106.265948,180.000001,86.8,,
14,15.90461825,Si1,1.01774187,PU,1.988220626,0.905499396,0,430.6416342,279.5733235,-0.000388466,0.055331051,1430.789635,230.6,102.8,,
15,13.78827943,Si1,0.993421515,Si1,1.968216644,1.795952945,1,406.8697406,795.3067769,-0.035233485,0.030535687,1217.171392,214.000001,94.7,,
16,11.92960808,Si1,1.018791577,PU,2.265075421,2.498635419,0,387.4468928,284.1876491,-0.001445451,0.055213569,1113.687633,208.9,85.4,,
17,9.968852794,Si1,1.219175002,Si1,1.963147328,1.942087813,1,346.3551517,631.8720099,-0.000720214,0.036730901,917.9495999,186.000001,80.3,,
18,15.83482738,Si1,0.822949659,Si1,2.259910456,2.09003883,1,430.9939439,527.7374224,0.000386721,0.039058796,1374.61527,220.000001,100.1,,
19,15.62041874,Si1,0.814826059,Si1,2.07748836,1.130961718,0,433.3659193,284.7037199,-0.000381361,0.055207956,1382.838137,232.7,99.5,,
20,15.72499048,Si1,2.453613854,Si1,2.946297473,2.498806103,0,354.3964287,246.3858116,-0.000383975,0.055396182,1050.323025,285.4,109,,
21,14.54523908,Si1,1.800429488,PU,1.954835035,0.967459446,0,378.6270346,266.4285765,0.002481367,0.055399518,1148.717581,230.3,99.1,,
1,8.27662426,Si1,1.166548289,PU,2.995672396,2.387368423,1,331.8561448,957.0786489,0.000593297,0.042519583,829.1097639,166.000001,72.6,Itr_16,
2,15.86274599,Si1,0.918069875,PU,2.870828239,0.953858634,0,426.4311918,276.6931944,-0.000387419,0.055256731,1363.862595,233.5,101.3,,
3,8.093385496,Si1,1.394519012,Si1,1.225921519,1.448523677,1,317.5143614,822.4795289,0.004443249,0.04230746,777.8630954,159.000001,72.2,,
4,15.98332879,Si1,1.141935211,Si1,1.171545223,1.408994018,0,430.8326495,282.2818234,-0.000390433,0.055080328,1344.297385,230.7,96.8,,
5,8.161608144,Si1,1.160909938,Si1,2.896501964,1.339494291,1,319.0586287,604.6303771,0.00019489,0.038393379,809.3422103,159.000001,72.6,,
6,15.6324481,Si1,0.952265005,PU,2.963728783,1.948806947,0,426.246431,283.5966968,0.000381661,0.05522961,1347.39614,251.9,100.9,,
7,11.1184586,Si1,1.473157369,Si1,1.143645422,2.175804408,0,359.4767527,283.5397036,0.000268812,0.055437585,940.5095702,191.6,79.7,,
8,9.091073863,Si1,1.23643932,PU,2.484794632,1.899976789,1,338.5215313,593.4130464,0.001090634,0.042098463,868.5336819,177.000001,75.3,,
9,13.14861815,Si1,1.181509734,Si1,1.430012807,0.712743345,0,387.4137141,283.0344906,-0.000319565,0.055232629,1176.668259,205.9,92.5,,
10,12.64066419,Si1,1.300850342,Si1,1.292510009,1.313394875,0,381.8112763,283.2006727,0.000306867,0.055367994,1056.875227,200.8,84.9,,
11,10.9602052,Si1,1.150389381,PU,2.100612604,2.029302064,0,368.0535592,284.1623947,0.000264855,0.055294946,1010.609117,198.1,83.7,,
12,11.35890508,Si1,1.43778949,Si1,1.172546061,1.998552144,0,364.307542,283.6531401,0.000274823,0.055232275,960.6687922,193.6,80.5,,
13,12.96886939,Si1,0.895448,PU,2.994399525,2.474422772,0,402.4993654,282.2668355,-0.000315072,0.05516124,1164.075972,220.3,90.2,,
14,15.8005804,Si1,1.041905626,PU,2.29445959,1.621305414,0,430.361816,279.3654806,-0.000385865,0.05514638,1381.949881,244,100.4,,
15,13.88669698,Si1,0.873605712,Si1,2.599465872,2.465591285,0,407.2682195,283.5305983,-0.000338018,0.055129418,1200.553905,230.4,94.2,,
16,11.9489912,Si1,0.899154855,PU,2.862917587,2.062136159,0,388.8886012,320.5766677,-0.001447874,0.055259604,1102.339296,206.9,85.3,,
17,9.991417206,Si1,1.2159632,Si1,2.014251717,2.342704432,0,349.2354242,283.2154471,0.00216572,0.055423083,913.4571501,191,80.1,,
18,13.97578224,Si1,1.156231323,PU,1.582098494,1.699895374,1,408.5925266,679.3460223,0.029601272,0.032323228,1264.349155,208.000001,95.3,,
19,9.481266474,Si1,0.988819363,Si1,2.670690301,2.272800704,1,348.679187,542.5335535,-0.000683645,0.039423543,913.4748815,180.000001,76,,
20,15.7041596,Si1,2.467473806,Si1,1.116048272,0.556773253,0,355.2352171,251.2238664,-0.000383454,0.055358688,1044.366892,237,100.8,,
21,12.00361924,Si1,2.34717716,Si1,2.02176454,2.279084143,0,321.9170951,253.2190436,-0.001454702,0.055389345,851.0222382,238.4,91.1,,
1,12.15894585,Si1,1.067939742,PU,1.972705092,2.194000242,0,389.4009964,283.8764629,-0.001474118,0.055168599,1135.974389,208,86.4,Itr_17,
2,9.437119428,Si1,1.253654134,PU,2.591155115,0.619548725,1,331.2768926,557.5806969,0.002948114,0.037871926,877.8189375,175.000001,78.2,,
3,12.00863753,Si1,1.120717107,PU,1.827677741,1.964901077,1,384.4369067,649.7089764,-0.045697354,0.03230832,1094.148472,195.000001,87.2,,
4,9.233173383,Si1,1.216140869,PU,2.886362756,0.731224327,0,330.0215738,319.9877616,0.000221679,0.055238227,871.4939255,166.6,75.8,,
5,8.934216198,Si1,1.447688477,Si1,1.356330003,0.682598683,1,319.2029698,652.8104706,0.001071028,0.040056429,814.4621261,171.000001,76.8,,
6,14.80510294,Si1,0.763418851,Si1,2.909485514,1.79073149,0,416.9430074,284.3531055,-0.000360978,0.05518429,1266.815762,240.7,97.1,,
7,9.377410965,Si1,1.225467831,Si1,2.414727994,0.622984077,1,326.5660461,903.4256193,0.000675856,0.046183476,871.9162273,181.000001,76.5,,
8,10.76837052,Si1,0.882377893,Si1,2.857869092,1.570151883,0,362.6766007,321.7384052,0.001300296,0.055316281,990.1523423,184.1,82.5,,
9,15.90311093,Si1,1.097598429,PU,1.464992584,1.071934089,1,430.1198721,546.9191535,-0.00349585,0.037677492,1445.957053,216.000001,105.3,,
10,10.92235594,Si1,1.234404606,PU,1.853932259,0.842639225,1,356.6724242,898.7107,-0.006069907,0.04143371,996.0723178,192,83.8,,
11,11.2642987,Si1,1.108089185,PU,2.010253225,1.949621899,1,373.2336488,575.4439858,0.017709738,0.026973293,1045.512379,195.000001,84.2,,
12,15.57145583,Si1,1.084475579,PU,1.42081362,0.571017409,0,425.5833552,283.0065529,0.000380137,0.055119828,1418.410727,226.5,103.8,,
13,15.98628496,Si1,0.961835657,PU,2.595376951,1.906988428,0,433.7299402,279.751788,-0.000390507,0.05508549,1389.224688,251.9,102.2,,
14,13.7852997,Si1,1.108206188,Si1,1.560860807,2.087501164,0,406.6023517,282.8546807,-0.000335483,0.055259565,1229.539942,225.3,94.4,,
15,11.82704959,Si1,0.938357956,PU,2.434778763,2.330201679,1,388.3003877,792.0737,0.03065831,0.03008526,1110.989808,206,85.1,,
16,9.859081424,Si1,1.089292179,Si1,2.368620814,2.449887847,0,350.5526342,315.9103509,0.000711981,0.047228073,923.1054762,180.6,78.4,,
17,12.91270507,Si1,1.154652764,Si1,1.376641734,0.659713552,1,385.7722368,524.1669493,-0.042345129,0.034817106,1172.159198,202.000001,91.4,,
18,9.05315452,Si1,1.260306073,PU,2.39284574,1.887457921,1,336.4078243,907.0568944,0.000217179,0.039743711,863.0011972,172.000001,75.3,,
19,8.076631316,Si1,1.37293216,Si1,1.926121702,0.534831954,0,307.4891988,317.9050338,-0.000578297,0.043757825,770.7449697,157.6,73,,
20,9.798289068,Si1,2.480347935,Si1,1.247132985,1.855696199,0,289.0767436,255.4757527,0.002122265,0.055339448,718.6948437,197.4,77.6,,
1,11.03852093,Si1,0.885696601,Si1,2.975813562,0.52739497,0,358.2464849,284.8477838,0.002401317,0.055231739,1004.818275,192.8,83.1,Itr_18,
2,12.30540703,Si1,0.825828412,Si1,2.731627629,0.647330437,0,380.9307145,284.85134,0.001492426,0.055210636,1097.163729,195.1,88.3,,
3,15.93465389,Si1,0.920287733,PU,2.835237092,1.5419642,1,428.3380518,654.8691325,0.001946081,0.034640246,1382.768256,226.000001,101.8,,
4,12.46827981,Si1,0.798846346,Si1,2.852215537,0.612732114,0,385.2217126,283.0642794,0.001512785,0.055282687,1108.554179,199.3,88.9,,
5,11.785279,Si1,0.889593852,Si1,2.592229015,0.688800345,0,372.7726373,329.0571691,0.039681995,0.032259463,1062.674788,191.3,85.4,,
6,15.85765817,Si1,0.679022379,Si1,2.977801623,0.850048526,0,423.1004298,282.2221458,-0.000387292,0.055247697,1353.281223,238.7,99,,
7,11.85678597,Si1,0.861838406,Si1,2.637348535,0.770717522,1,374.4096431,569.9378033,0.04107956,0.034759628,1066.884161,184.000001,85.4,,
8,9.553732852,Si1,1.100153447,Si1,2.867102159,0.827694883,0,333.7989566,284.9281556,0.002067239,0.05531319,882.8100557,184.8,75.3,,
9,8.748941342,Si1,1.142449805,Si1,2.765288025,2.020784781,0,330.6522555,317.6716385,0.000209574,0.042124274,852.0009675,168.1,74.4,,
10,8.349968407,Si1,1.161709344,Si1,2.770860079,2.196689438,0,326.0137711,316.3282285,-0.000199599,0.040119449,826.2436602,167,73.3,,
11,8.893699168,Si1,1.153927471,Si1,2.657702739,1.913233235,0,332.4308747,317.2828315,-0.000213193,0.041572538,859.5960457,171.9,74.9,,
12,15.2628164,Si1,0.946267266,PU,2.759566164,1.322400192,1,420.9041001,560.6031437,-0.000372421,0.026441856,1325.45864,237.000001,99,,
13,9.462424856,Si1,1.396911744,PU,1.947165445,0.530092853,0,327.0645939,320.5749555,0.002046695,0.055266671,866.4275575,168.4,79.3,,
14,15.97332733,Si1,0.923629738,Si1,1.859329157,1.308848672,0,430.9469717,279.5107929,-0.000390183,0.055062828,1399.574127,242.7,101.6,,
15,13.95497946,Si1,1.138598869,PU,1.75252238,2.343165439,0,411.5008615,284.3107325,0.002378072,0.055267685,1270.349213,224.3,94.3,,
16,11.9784753,Si1,0.935290537,Si1,2.245515586,2.360492096,0,385.791543,284.913977,-0.001451559,0.055329628,1090.278745,209.9,86.2,,
17,9.977450465,Si1,0.95494434,Si1,2.985473931,1.428465763,1,348.6229351,991.016277,0.001201431,0.046855819,930.2165133,185.000001,79.2,,
18,8.173884492,Si1,1.151476233,PU,2.908136552,2.35854047,1,334.291144,958.1606647,0.000195197,0.033769081,824.4413881,153.000001,72.6,,
19,12.99539424,Si1,1.349705779,Si1,1.182586755,0.632927725,0,380.9261799,283.1011133,-0.000315735,0.055218932,1079.380497,194.5,86.6,,
20,8.129552056,Si1,2.482542318,PU,2.974564206,2.359482706,0,271.5088972,248.8495986,0.000194089,0.055310603,648.4465889,194.9,75,,
21,9.003208845,Si1,1.722657373,PU,2.749990234,2.218417872,0,312.832782,271.2033788,0.00021593,0.055389072,788.3316462,191.1,76.1,,
